Predictor variable,Categorical,Sample average
bombus_335,false,0.6696005779928689
hummingbird_335,false,0.6217380709552752
wc2.0_bio_10m_01.tif,false,18.176045149564743
wc2.0_bio_10m_05.tif,false,32.00266682279521
wc2.0_bio_10m_06.tif,false,3.639402678660679
wc2.0_bio_10m_12.tif,false,912.3275862068965
wc2.0_bio_10m_13.tif,false,138.44612068965517
wc2.0_bio_10m_14.tif,false,34.297413793103445
wc2.1_10m_elev.tif,false,247.49137931034483
