Predictor variable,Categorical,Sample average
bombus_77,false,0.565223222126337
hummingbird_77,false,0.40815522444950103
wc2.0_bio_10m_01.tif,false,15.293428719455584
wc2.0_bio_10m_05.tif,false,31.017050247057785
wc2.0_bio_10m_06.tif,false,-1.3393281060961229
wc2.0_bio_10m_12.tif,false,1022.7362540429285
wc2.0_bio_10m_13.tif,false,132.55630696853868
wc2.0_bio_10m_14.tif,false,47.44486915613055
wc2.1_10m_elev.tif,false,335.0091149661864
