Predictor variable,Categorical,Sample average
bombus_264,false,0.6289927134295222
hummingbird_264,false,0.542020985587968
wc2.0_bio_10m_01.tif,false,12.399194727886613
wc2.0_bio_10m_05.tif,false,28.726650859765588
wc2.0_bio_10m_06.tif,false,-5.5366963481741305
wc2.0_bio_10m_12.tif,false,998.1405020606969
wc2.0_bio_10m_13.tif,false,122.82315473960284
wc2.0_bio_10m_14.tif,false,50.42899962532784
wc2.1_10m_elev.tif,false,375.0430872986137
