Predictor variable,Categorical,Sample average
bombus_42,false,0.44533157726272293
hummingbird_42,false,0.4400073457131716
wc2.0_bio_10m_01.tif,false,17.51025975931872
wc2.0_bio_10m_05.tif,false,31.956174064717462
wc2.0_bio_10m_06.tif,false,2.4210013529566483
wc2.0_bio_10m_12.tif,false,983.961506961507
wc2.0_bio_10m_13.tif,false,138.02784602784604
wc2.0_bio_10m_14.tif,false,41.3988533988534
wc2.1_10m_elev.tif,false,234.2170352170352
