Predictor variable,Categorical,Sample average
bombus_342,false,0.6515494742037914
hummingbird_342,false,0.6698897093781645
wc2.0_bio_10m_01.tif,false,18.752747624971292
wc2.0_bio_10m_05.tif,false,32.04426881148352
wc2.0_bio_10m_06.tif,false,4.798035217981821
wc2.0_bio_10m_12.tif,false,886.4454976303317
wc2.0_bio_10m_13.tif,false,139.28909952606634
wc2.0_bio_10m_14.tif,false,31.51658767772512
wc2.1_10m_elev.tif,false,235.44549763033174
