Predictor variable,Categorical,Sample average
bombus_0,false,0.5156636355050768
hummingbird_0,false,0.6407209697585458
wc2.0_bio_10m_01.tif,false,18.370557644428352
wc2.0_bio_10m_05.tif,false,31.759844011730618
wc2.0_bio_10m_06.tif,false,4.43011539951938
wc2.0_bio_10m_12.tif,false,898.8333333333334
wc2.0_bio_10m_13.tif,false,138.98931623931625
wc2.0_bio_10m_14.tif,false,31.950854700854702
wc2.1_10m_elev.tif,false,222.61111111111111
