Predictor variable,Categorical,Sample average
bombus_118,false,0.6440426864471235
hummingbird_118,false,0.5947715733766896
wc2.0_bio_10m_01.tif,false,11.633665214438851
wc2.0_bio_10m_05.tif,false,28.10920576511378
wc2.0_bio_10m_06.tif,false,-6.543260805529945
wc2.0_bio_10m_12.tif,false,1002.129752851711
wc2.0_bio_10m_13.tif,false,125.15621039290241
wc2.0_bio_10m_14.tif,false,48.02820025348542
wc2.1_10m_elev.tif,false,412.6489226869455
