Predictor variable,Categorical,Sample average
bombus_322,false,0.6320827046368416
hummingbird_322,false,0.5835985954078213
wc2.0_bio_10m_01.tif,false,17.67196838128024
wc2.0_bio_10m_05.tif,false,31.828043505071992
wc2.0_bio_10m_06.tif,false,2.768243544616047
wc2.0_bio_10m_12.tif,false,919.247892074199
wc2.0_bio_10m_13.tif,false,134.22259696458684
wc2.0_bio_10m_14.tif,false,36.711635750421586
wc2.1_10m_elev.tif,false,250.95784148397976
