Predictor variable,Categorical,Sample average
bombus_142,false,0.6304337497249123
hummingbird_142,false,0.6267544988351944
wc2.0_bio_10m_01.tif,false,10.11394625286707
wc2.0_bio_10m_05.tif,false,26.7709292351879
wc2.0_bio_10m_06.tif,false,-8.412139784583664
wc2.0_bio_10m_12.tif,false,982.3164449476366
wc2.0_bio_10m_13.tif,false,123.63897537503539
wc2.0_bio_10m_14.tif,false,46.09878290404755
wc2.1_10m_elev.tif,false,512.5199547127088
