Predictor variable,Categorical,Sample average
bombus_171,false,0.6246715790875472
hummingbird_171,false,0.611776971123847
wc2.0_bio_10m_01.tif,false,9.23682882854464
wc2.0_bio_10m_05.tif,false,25.69241843593792
wc2.0_bio_10m_06.tif,false,-9.015101403108893
wc2.0_bio_10m_12.tif,false,973.1566144618461
wc2.0_bio_10m_13.tif,false,124.51382872375875
wc2.0_bio_10m_14.tif,false,44.54981672775742
wc2.1_10m_elev.tif,false,625.4025324891703
