Predictor variable,Categorical,Sample average
bombus_225,false,0.6398012603744778
hummingbird_225,false,0.6240534702821161
wc2.0_bio_10m_01.tif,false,9.86765581972136
wc2.0_bio_10m_05.tif,false,26.40660712627371
wc2.0_bio_10m_06.tif,false,-8.519874391358218
wc2.0_bio_10m_12.tif,false,990.8228172293365
wc2.0_bio_10m_13.tif,false,123.58579743888242
wc2.0_bio_10m_14.tif,false,47.89708963911525
wc2.1_10m_elev.tif,false,537.2810244470314
