Predictor variable,Categorical,Sample average
bombus_89,false,0.58998603417588
hummingbird_89,false,0.41800303549472506
wc2.0_bio_10m_01.tif,false,13.744959865018194
wc2.0_bio_10m_05.tif,false,29.944344130797045
wc2.0_bio_10m_06.tif,false,-3.727557462765482
wc2.0_bio_10m_12.tif,false,1010.3154017857142
wc2.0_bio_10m_13.tif,false,127.21383928571429
wc2.0_bio_10m_14.tif,false,48.265625
wc2.1_10m_elev.tif,false,357.84955357142854
