Predictor variable,Categorical,Sample average
bombus_280,false,0.630627706980817
hummingbird_280,false,0.4490484114777085
wc2.0_bio_10m_01.tif,false,13.504122686718453
wc2.0_bio_10m_05.tif,false,29.329519403049137
wc2.0_bio_10m_06.tif,false,-3.7019386486545853
wc2.0_bio_10m_12.tif,false,1013.6597186034393
wc2.0_bio_10m_13.tif,false,126.81605002605524
wc2.0_bio_10m_14.tif,false,50.60031266284523
wc2.1_10m_elev.tif,false,337.9874934861907
