Predictor variable,Categorical,Sample average
bombus_254,false,0.6337665296818454
hummingbird_254,false,0.5766227624589242
wc2.0_bio_10m_01.tif,false,11.643378438470856
wc2.0_bio_10m_05.tif,false,28.069680041346825
wc2.0_bio_10m_06.tif,false,-6.469727611287683
wc2.0_bio_10m_12.tif,false,996.2178698607963
wc2.0_bio_10m_13.tif,false,122.6468112657818
wc2.0_bio_10m_14.tif,false,49.87568792489479
wc2.1_10m_elev.tif,false,423.460343153124
