Predictor variable,Categorical,Sample average
bombus_78,false,0.5627873033394898
hummingbird_78,false,0.40495663611912386
wc2.0_bio_10m_01.tif,false,15.146122450371617
wc2.0_bio_10m_05.tif,false,30.949975866034567
wc2.0_bio_10m_06.tif,false,-1.599748060984434
wc2.0_bio_10m_12.tif,false,1022.526285384171
wc2.0_bio_10m_13.tif,false,132.16175621028307
wc2.0_bio_10m_14.tif,false,47.62478336221837
wc2.1_10m_elev.tif,false,342.2683419988446
