Predictor variable,Categorical,Sample average
bombus_161,false,0.6247309436111893
hummingbird_161,false,0.6144648012441968
wc2.0_bio_10m_01.tif,false,9.543607776293078
wc2.0_bio_10m_05.tif,false,26.07911747228628
wc2.0_bio_10m_06.tif,false,-8.800535430257042
wc2.0_bio_10m_12.tif,false,968.8175432865077
wc2.0_bio_10m_13.tif,false,123.3345311989546
wc2.0_bio_10m_14.tif,false,44.87046716759229
wc2.1_10m_elev.tif,false,590.6460307089186
