Predictor variable,Categorical,Sample average
bombus_82,false,0.57342766386243
hummingbird_82,false,0.41801647091859406
wc2.0_bio_10m_01.tif,false,14.715947083700302
wc2.0_bio_10m_05.tif,false,30.63181066940831
wc2.0_bio_10m_06.tif,false,-2.2425931312869327
wc2.0_bio_10m_12.tif,false,1019.4712401055409
wc2.0_bio_10m_13.tif,false,130.71424802110818
wc2.0_bio_10m_14.tif,false,47.67572559366754
wc2.1_10m_elev.tif,false,343.26939313984167
