Predictor variable,Categorical,Sample average
bombus_252,false,0.6356861459891606
hummingbird_252,false,0.5891898307566861
wc2.0_bio_10m_01.tif,false,11.65611891175593
wc2.0_bio_10m_05.tif,false,28.0518612783067
wc2.0_bio_10m_06.tif,false,-6.405269711021971
wc2.0_bio_10m_12.tif,false,997.4679974651458
wc2.0_bio_10m_13.tif,false,123.31305449936629
wc2.0_bio_10m_14.tif,false,49.613117870722434
wc2.1_10m_elev.tif,false,425.57731305449937
