Predictor variable,Categorical,Sample average
bombus_285,false,0.611970343205392
hummingbird_285,false,0.42932738319956765
wc2.0_bio_10m_01.tif,false,14.263673048929789
wc2.0_bio_10m_05.tif,false,29.902370792716297
wc2.0_bio_10m_06.tif,false,-2.6344574400544656
wc2.0_bio_10m_12.tif,false,1000.6822139303482
wc2.0_bio_10m_13.tif,false,128.00932835820896
wc2.0_bio_10m_14.tif,false,48.958955223880594
wc2.1_10m_elev.tif,false,335.20646766169153
