Predictor variable,Categorical,Sample average
bombus_7,false,0.49086767596820596
hummingbird_7,false,0.6307099826958482
wc2.0_bio_10m_01.tif,false,18.42419683842948
wc2.0_bio_10m_05.tif,false,31.85158039223064
wc2.0_bio_10m_06.tif,false,4.428428670661409
wc2.0_bio_10m_12.tif,false,917.2083333333334
wc2.0_bio_10m_13.tif,false,142.03787878787878
wc2.0_bio_10m_14.tif,false,31.94128787878788
wc2.1_10m_elev.tif,false,219.22916666666666
