Predictor variable,Categorical,Sample average
bombus_268,false,0.6302300818004138
hummingbird_268,false,0.5184375756644342
wc2.0_bio_10m_01.tif,false,12.610482425100203
wc2.0_bio_10m_05.tif,false,28.862644177958412
wc2.0_bio_10m_06.tif,false,-5.204903264960379
wc2.0_bio_10m_12.tif,false,1008.1315272870044
wc2.0_bio_10m_13.tif,false,124.15351393796624
wc2.0_bio_10m_14.tif,false,50.93050647820966
wc2.1_10m_elev.tif,false,367.2791519434629
