Predictor variable,Categorical,Sample average
bombus_4,false,0.5255888681629765
hummingbird_4,false,0.6509693005641343
wc2.0_bio_10m_01.tif,false,18.439895072921377
wc2.0_bio_10m_05.tif,false,31.703706043665527
wc2.0_bio_10m_06.tif,false,4.617118376077565
wc2.0_bio_10m_12.tif,false,901.5983606557377
wc2.0_bio_10m_13.tif,false,140.83401639344262
wc2.0_bio_10m_14.tif,false,30.959016393442624
wc2.1_10m_elev.tif,false,221.67008196721312
