Predictor variable,Categorical,Sample average
bombus_284,false,0.6172658265180501
hummingbird_284,false,0.4378969003681354
wc2.0_bio_10m_01.tif,false,14.124997294728155
wc2.0_bio_10m_05.tif,false,29.8166854655489
wc2.0_bio_10m_06.tif,false,-2.8610465080558938
wc2.0_bio_10m_12.tif,false,1003.7513677811551
wc2.0_bio_10m_13.tif,false,127.40121580547113
wc2.0_bio_10m_14.tif,false,49.4516717325228
wc2.1_10m_elev.tif,false,325.7337386018237
