Predictor variable,Categorical,Sample average
bombus_307,false,0.6019612343895473
hummingbird_307,false,0.4906154306082906
wc2.0_bio_10m_01.tif,false,16.230400150717653
wc2.0_bio_10m_05.tif,false,30.957893820369947
wc2.0_bio_10m_06.tif,false,0.5219517402978808
wc2.0_bio_10m_12.tif,false,956.6221719457013
wc2.0_bio_10m_13.tif,false,130.5260180995475
wc2.0_bio_10m_14.tif,false,43.38235294117647
wc2.1_10m_elev.tif,false,277.38009049773757
