Predictor variable,Categorical,Sample average
bombus_288,false,0.6150463129520873
hummingbird_288,false,0.4204867522940455
wc2.0_bio_10m_01.tif,false,14.821145994811834
wc2.0_bio_10m_05.tif,false,30.345056286761356
wc2.0_bio_10m_06.tif,false,-1.886654555139036
wc2.0_bio_10m_12.tif,false,987.5062674094708
wc2.0_bio_10m_13.tif,false,128.02715877437325
wc2.0_bio_10m_14.tif,false,47.75557103064067
wc2.1_10m_elev.tif,false,316.9575208913649
