Predictor variable,Categorical,Sample average
bombus_221,false,0.6409043250233103
hummingbird_221,false,0.6252544607983127
wc2.0_bio_10m_01.tif,false,9.665921110486595
wc2.0_bio_10m_05.tif,false,26.18680133393044
wc2.0_bio_10m_06.tif,false,-8.700297584275384
wc2.0_bio_10m_12.tif,false,992.689405918229
wc2.0_bio_10m_13.tif,false,124.11339507567202
wc2.0_bio_10m_14.tif,false,47.70883216625254
wc2.1_10m_elev.tif,false,556.5263157894736
