Predictor variable,Categorical,Sample average
bombus_136,false,0.6316739926675463
hummingbird_136,false,0.629706305893506
wc2.0_bio_10m_01.tif,false,10.365772396842106
wc2.0_bio_10m_05.tif,false,27.031313299931497
wc2.0_bio_10m_06.tif,false,-8.186779236815854
wc2.0_bio_10m_12.tif,false,986.23846370287
wc2.0_bio_10m_13.tif,false,123.6451885199775
wc2.0_bio_10m_14.tif,false,46.510832864378166
wc2.1_10m_elev.tif,false,476.3211873944851
