Predictor variable,Categorical,Sample average
bombus_116,false,0.6451311980518237
hummingbird_116,false,0.577526821322038
wc2.0_bio_10m_01.tif,false,11.768919082776758
wc2.0_bio_10m_05.tif,false,28.222825467415404
wc2.0_bio_10m_06.tif,false,-6.355757265053032
wc2.0_bio_10m_12.tif,false,1003.9197767145135
wc2.0_bio_10m_13.tif,false,125.21164274322169
wc2.0_bio_10m_14.tif,false,48.131738437001594
wc2.1_10m_elev.tif,false,408.3373205741627
