Predictor variable,Categorical,Sample average
bombus_13,false,0.4887270962549864
hummingbird_13,false,0.625873487553837
wc2.0_bio_10m_01.tif,false,18.45030421562362
wc2.0_bio_10m_05.tif,false,31.901364657753394
wc2.0_bio_10m_06.tif,false,4.437358610304849
wc2.0_bio_10m_12.tif,false,892.8754385964912
wc2.0_bio_10m_13.tif,false,140.09298245614036
wc2.0_bio_10m_14.tif,false,30.268421052631577
wc2.1_10m_elev.tif,false,224.18421052631578
