Predictor variable,Categorical,Sample average
bombus_76,false,0.5598543207999347
hummingbird_76,false,0.39908747969661323
wc2.0_bio_10m_01.tif,false,15.32045736259841
wc2.0_bio_10m_05.tif,false,31.043516941064883
wc2.0_bio_10m_06.tif,false,-1.3180800298757283
wc2.0_bio_10m_12.tif,false,1024.1130615888128
wc2.0_bio_10m_13.tif,false,132.65694733710205
wc2.0_bio_10m_14.tif,false,47.58405236536745
wc2.1_10m_elev.tif,false,334.2915798869384
