Predictor variable,Categorical,Sample average
bombus_291,false,0.6083412027087554
hummingbird_291,false,0.42165378960816896
wc2.0_bio_10m_01.tif,false,14.915134098502092
wc2.0_bio_10m_05.tif,false,30.400340761140335
wc2.0_bio_10m_06.tif,false,-1.7314265668887443
wc2.0_bio_10m_12.tif,false,969.293023255814
wc2.0_bio_10m_13.tif,false,126.04341085271318
wc2.0_bio_10m_14.tif,false,46.778294573643414
wc2.1_10m_elev.tif,false,315.484496124031
