Predictor variable,Categorical,Sample average
bombus_312,false,0.6165671528883508
hummingbird_312,false,0.5404966849420872
wc2.0_bio_10m_01.tif,false,16.842555166519794
wc2.0_bio_10m_05.tif,false,31.309557995845363
wc2.0_bio_10m_06.tif,false,1.467139861198411
wc2.0_bio_10m_12.tif,false,935.1984536082474
wc2.0_bio_10m_13.tif,false,131.84407216494844
wc2.0_bio_10m_14.tif,false,40.131443298969074
wc2.1_10m_elev.tif,false,272.180412371134
