Predictor variable,Categorical,Sample average
bombus_83,false,0.5750889841799535
hummingbird_83,false,0.4187526688780506
wc2.0_bio_10m_01.tif,false,14.600711331388336
wc2.0_bio_10m_05.tif,false,30.561412183752278
wc2.0_bio_10m_06.tif,false,-2.428873527102253
wc2.0_bio_10m_12.tif,false,1015.8171766520957
wc2.0_bio_10m_13.tif,false,130.0275134996143
wc2.0_bio_10m_14.tif,false,47.625610696837235
wc2.1_10m_elev.tif,false,349.20853689894574
