Predictor variable,Categorical,Sample average
bombus_195,false,0.6329249607579863
hummingbird_195,false,0.6258587840886125
wc2.0_bio_10m_01.tif,false,9.154163233523308
wc2.0_bio_10m_05.tif,false,25.587323955468513
wc2.0_bio_10m_06.tif,false,-9.034315292082338
wc2.0_bio_10m_12.tif,false,974.8450089303433
wc2.0_bio_10m_13.tif,false,123.83786465568565
wc2.0_bio_10m_14.tif,false,45.480452470728316
wc2.1_10m_elev.tif,false,663.777733677317
