Predictor variable,Categorical,Sample average
bombus_350,false,0.5672832165471815
hummingbird_350,false,0.6535240746955624
wc2.0_bio_10m_01.tif,false,18.83025622367859
wc2.0_bio_10m_05.tif,false,32.13034929663448
wc2.0_bio_10m_06.tif,false,4.939372910908818
wc2.0_bio_10m_12.tif,false,887.5233050847457
wc2.0_bio_10m_13.tif,false,138.1885593220339
wc2.0_bio_10m_14.tif,false,30.74576271186441
wc2.1_10m_elev.tif,false,238.4449152542373
