Predictor variable,Categorical,Sample average
bombus_74,false,0.548026163353934
hummingbird_74,false,0.39180038145917934
wc2.0_bio_10m_01.tif,false,15.43599494815804
wc2.0_bio_10m_05.tif,false,31.114996968507768
wc2.0_bio_10m_06.tif,false,-1.1396790346823895
wc2.0_bio_10m_12.tif,false,1023.6115625
wc2.0_bio_10m_13.tif,false,133.0165625
wc2.0_bio_10m_14.tif,false,47.4365625
wc2.1_10m_elev.tif,false,330.2546875
