Predictor variable,Categorical,Sample average
bombus_173,false,0.6249727757692819
hummingbird_173,false,0.6088077597209627
wc2.0_bio_10m_01.tif,false,9.169264378656607
wc2.0_bio_10m_05.tif,false,25.644179955968315
wc2.0_bio_10m_06.tif,false,-9.10417052982393
wc2.0_bio_10m_12.tif,false,974.5507075471698
wc2.0_bio_10m_13.tif,false,124.61741913746631
wc2.0_bio_10m_14.tif,false,44.57766172506739
wc2.1_10m_elev.tif,false,632.0358827493261
