Predictor variable,Categorical,Sample average
bombus_2,false,0.5322667393199307
hummingbird_2,false,0.6631800966376954
wc2.0_bio_10m_01.tif,false,18.531866717845837
wc2.0_bio_10m_05.tif,false,31.816267705470956
wc2.0_bio_10m_06.tif,false,4.709675811880447
wc2.0_bio_10m_12.tif,false,884.4191489361702
wc2.0_bio_10m_13.tif,false,138.55957446808512
wc2.0_bio_10m_14.tif,false,30.44468085106383
wc2.1_10m_elev.tif,false,224.0212765957447
