Predictor variable,Categorical,Sample average
bombus_236,false,0.6410051037613664
hummingbird_236,false,0.6187166092476923
wc2.0_bio_10m_01.tif,false,10.551170961217604
wc2.0_bio_10m_05.tif,false,27.087513905586704
wc2.0_bio_10m_06.tif,false,-7.773664947366932
wc2.0_bio_10m_12.tif,false,995.031473899693
wc2.0_bio_10m_13.tif,false,123.43244626407369
wc2.0_bio_10m_14.tif,false,48.63433981576254
wc2.1_10m_elev.tif,false,495.28633572159674
