Predictor variable,Categorical,Sample average
bombus_186,false,0.6267169706945939
hummingbird_186,false,0.608925502269696
wc2.0_bio_10m_01.tif,false,9.026491510517523
wc2.0_bio_10m_05.tif,false,25.450548330853543
wc2.0_bio_10m_06.tif,false,-9.152528748196742
wc2.0_bio_10m_12.tif,false,975.2826127643646
wc2.0_bio_10m_13.tif,false,124.93355792625866
wc2.0_bio_10m_14.tif,false,44.66311061201572
wc2.1_10m_elev.tif,false,669.6977353546697
