Predictor variable,Categorical,Sample average
bombus_187,false,0.6262799630260522
hummingbird_187,false,0.6099228996960019
wc2.0_bio_10m_01.tif,false,8.982903353157928
wc2.0_bio_10m_05.tif,false,25.416490380710446
wc2.0_bio_10m_06.tif,false,-9.205461212634848
wc2.0_bio_10m_12.tif,false,968.0662639229753
wc2.0_bio_10m_13.tif,false,123.84406267698698
wc2.0_bio_10m_14.tif,false,44.53558618085709
wc2.1_10m_elev.tif,false,676.7362658108364
