Predictor variable,Categorical,Sample average
bombus_95,false,0.6021039119190756
hummingbird_95,false,0.43406565037602163
wc2.0_bio_10m_01.tif,false,13.209373948457175
wc2.0_bio_10m_05.tif,false,29.5591081796467
wc2.0_bio_10m_06.tif,false,-4.528589166681925
wc2.0_bio_10m_12.tif,false,1002.6007658202337
wc2.0_bio_10m_13.tif,false,125.15316404675534
wc2.0_bio_10m_14.tif,false,48.50282144296654
wc2.1_10m_elev.tif,false,373.29584844820636
