Predictor variable,Categorical,Sample average
bombus_211,false,0.6371266524824831
hummingbird_211,false,0.625991956036315
wc2.0_bio_10m_01.tif,false,9.267249083677884
wc2.0_bio_10m_05.tif,false,25.836340212414406
wc2.0_bio_10m_06.tif,false,-9.191583568231598
wc2.0_bio_10m_12.tif,false,980.8856837606837
wc2.0_bio_10m_13.tif,false,123.42350427350428
wc2.0_bio_10m_14.tif,false,46.68397435897436
wc2.1_10m_elev.tif,false,592.4314102564102
