Predictor variable,Categorical,Sample average
bombus_315,false,0.61021270117708
hummingbird_315,false,0.5675257110103902
wc2.0_bio_10m_01.tif,false,17.077181297565886
wc2.0_bio_10m_05.tif,false,31.477185627301086
wc2.0_bio_10m_06.tif,false,1.816687398445983
wc2.0_bio_10m_12.tif,false,926.1086036671368
wc2.0_bio_10m_13.tif,false,132.5966149506347
wc2.0_bio_10m_14.tif,false,38.63187588152327
wc2.1_10m_elev.tif,false,272.3554301833568
