Predictor variable,Categorical,Sample average
bombus_328,false,0.6303882659725615
hummingbird_328,false,0.6114452239666844
wc2.0_bio_10m_01.tif,false,17.83486954573062
wc2.0_bio_10m_05.tif,false,31.819250072195395
wc2.0_bio_10m_06.tif,false,3.1245244827473067
wc2.0_bio_10m_12.tif,false,919.2050816696915
wc2.0_bio_10m_13.tif,false,137.31397459165154
wc2.0_bio_10m_14.tif,false,35.23230490018149
wc2.1_10m_elev.tif,false,257.3992740471869
