Predictor variable,Categorical,Sample average
bombus_52,false,0.49281993761177595
hummingbird_52,false,0.376951795005725
wc2.0_bio_10m_01.tif,false,16.88992338301724
wc2.0_bio_10m_05.tif,false,31.910719702429805
wc2.0_bio_10m_06.tif,false,1.1684214991036732
wc2.0_bio_10m_12.tif,false,1002.3888888888889
wc2.0_bio_10m_13.tif,false,134.7434988179669
wc2.0_bio_10m_14.tif,false,45.23522458628842
wc2.1_10m_elev.tif,false,263.7429078014184
