Predictor variable,Categorical,Sample average
bombus_165,false,0.6265209218517038
hummingbird_165,false,0.6161192390510108
wc2.0_bio_10m_01.tif,false,9.492507146512482
wc2.0_bio_10m_05.tif,false,25.957411829151564
wc2.0_bio_10m_06.tif,false,-8.749284173727538
wc2.0_bio_10m_12.tif,false,969.9046839174582
wc2.0_bio_10m_13.tif,false,123.77464788732394
wc2.0_bio_10m_14.tif,false,44.76482148706191
wc2.1_10m_elev.tif,false,607.961185718965
