Predictor variable,Categorical,Sample average
bombus_269,false,0.6297296950039791
hummingbird_269,false,0.5102242982300486
wc2.0_bio_10m_01.tif,false,12.644603338711212
wc2.0_bio_10m_05.tif,false,28.866346608070717
wc2.0_bio_10m_06.tif,false,-5.109532630784574
wc2.0_bio_10m_12.tif,false,1012.9363745498199
wc2.0_bio_10m_13.tif,false,124.76190476190476
wc2.0_bio_10m_14.tif,false,51.2264905962385
wc2.1_10m_elev.tif,false,363.86954781912766
