Predictor variable,Categorical,Sample average
bombus_265,false,0.6272544840209637
hummingbird_265,false,0.5330224186774682
wc2.0_bio_10m_01.tif,false,12.450802082145078
wc2.0_bio_10m_05.tif,false,28.768425124703032
wc2.0_bio_10m_06.tif,false,-5.453242196028488
wc2.0_bio_10m_12.tif,false,1002.989393939394
wc2.0_bio_10m_13.tif,false,123.63901515151515
wc2.0_bio_10m_14.tif,false,50.45454545454545
wc2.1_10m_elev.tif,false,378.1431818181818
