Predictor variable,Categorical,Sample average
bombus_57,false,0.5016710012839785
hummingbird_57,false,0.36811642017472146
wc2.0_bio_10m_01.tif,false,16.621507996846116
wc2.0_bio_10m_05.tif,false,31.857767682911295
wc2.0_bio_10m_06.tif,false,0.6344926239898109
wc2.0_bio_10m_12.tif,false,994.9407294832827
wc2.0_bio_10m_13.tif,false,132.31003039513678
wc2.0_bio_10m_14.tif,false,45.66717325227963
wc2.1_10m_elev.tif,false,274.7613981762918
