Predictor variable,Categorical,Sample average
bombus_127,false,0.6416049495310355
hummingbird_127,false,0.6285934161789645
wc2.0_bio_10m_01.tif,false,10.832082619689606
wc2.0_bio_10m_05.tif,false,27.427092880131227
wc2.0_bio_10m_06.tif,false,-7.593052731641457
wc2.0_bio_10m_12.tif,false,997.5123669614751
wc2.0_bio_10m_13.tif,false,124.20371758357068
wc2.0_bio_10m_14.tif,false,47.695997601558986
wc2.1_10m_elev.tif,false,443.6363363813521
