Predictor variable,Categorical,Sample average
bombus_19,false,0.43776783030698424
hummingbird_19,false,0.5905453732819297
wc2.0_bio_10m_01.tif,false,18.212400755658745
wc2.0_bio_10m_05.tif,false,31.894038981199266
wc2.0_bio_10m_06.tif,false,3.9661981861214373
wc2.0_bio_10m_12.tif,false,880.1984375
wc2.0_bio_10m_13.tif,false,136.128125
wc2.0_bio_10m_14.tif,false,30.6859375
wc2.1_10m_elev.tif,false,240.5296875
