Predictor variable,Categorical,Sample average
bombus_48,false,0.4777238158271553
hummingbird_48,false,0.40392258344598264
wc2.0_bio_10m_01.tif,false,17.277585891639294
wc2.0_bio_10m_05.tif,false,32.030333403503
wc2.0_bio_10m_06.tif,false,1.854775351955017
wc2.0_bio_10m_12.tif,false,996.9510204081632
wc2.0_bio_10m_13.tif,false,136.71496598639456
wc2.0_bio_10m_14.tif,false,43.65714285714286
wc2.1_10m_elev.tif,false,249.48979591836735
