Predictor variable,Categorical,Sample average
bombus_170,false,0.6234505185943993
hummingbird_170,false,0.6129409689505697
wc2.0_bio_10m_01.tif,false,9.283478335655591
wc2.0_bio_10m_05.tif,false,25.75367795661151
wc2.0_bio_10m_06.tif,false,-8.984026135291158
wc2.0_bio_10m_12.tif,false,969.3232071713147
wc2.0_bio_10m_13.tif,false,123.83283532536521
wc2.0_bio_10m_14.tif,false,44.444389110225764
wc2.1_10m_elev.tif,false,622.9427290836653
