Predictor variable,Categorical,Sample average
bombus_274,false,0.6297439107995318
hummingbird_274,false,0.47917994605107367
wc2.0_bio_10m_01.tif,false,13.030770506304892
wc2.0_bio_10m_05.tif,false,29.096653464479722
wc2.0_bio_10m_06.tif,false,-4.504709314737533
wc2.0_bio_10m_12.tif,false,1020.6191123188406
wc2.0_bio_10m_13.tif,false,126.35552536231884
wc2.0_bio_10m_14.tif,false,51.38405797101449
wc2.1_10m_elev.tif,false,359.2717391304348
