Predictor variable,Categorical,Sample average
bombus_91,false,0.5943037363705002
hummingbird_91,false,0.4241044839545085
wc2.0_bio_10m_01.tif,false,13.653187216086351
wc2.0_bio_10m_05.tif,false,29.887506912921424
wc2.0_bio_10m_06.tif,false,-3.887186363366672
wc2.0_bio_10m_12.tif,false,1009.2680657723929
wc2.0_bio_10m_13.tif,false,126.8041973171787
wc2.0_bio_10m_14.tif,false,48.40437040242319
wc2.1_10m_elev.tif,false,357.2979229770662
