Predictor variable,Categorical,Sample average
bombus_192,false,0.6301339169881955
hummingbird_192,false,0.6203873858063559
wc2.0_bio_10m_01.tif,false,9.090511055745917
wc2.0_bio_10m_05.tif,false,25.532445039424115
wc2.0_bio_10m_06.tif,false,-9.097377600301268
wc2.0_bio_10m_12.tif,false,969.8820681642138
wc2.0_bio_10m_13.tif,false,123.58462432223082
wc2.0_bio_10m_14.tif,false,45.044926413632844
wc2.1_10m_elev.tif,false,672.1692486444616
