Predictor variable,Categorical,Sample average
bombus_347,false,0.6043177820956314
hummingbird_347,false,0.6769424018192209
wc2.0_bio_10m_01.tif,false,18.96476279461684
wc2.0_bio_10m_05.tif,false,32.221650789204126
wc2.0_bio_10m_06.tif,false,5.127518905849714
wc2.0_bio_10m_12.tif,false,866.1487414187643
wc2.0_bio_10m_13.tif,false,137.29061784897024
wc2.0_bio_10m_14.tif,false,29.695652173913043
wc2.1_10m_elev.tif,false,232.4370709382151
