Predictor variable,Categorical,Sample average
bombus_318,false,0.6127506019202115
hummingbird_318,false,0.5883198126091103
wc2.0_bio_10m_01.tif,false,17.5274327855206
wc2.0_bio_10m_05.tif,false,31.793804929282235
wc2.0_bio_10m_06.tif,false,2.446714237527029
wc2.0_bio_10m_12.tif,false,906.2009273570325
wc2.0_bio_10m_13.tif,false,131.46831530139104
wc2.0_bio_10m_14.tif,false,36.8887171561051
wc2.1_10m_elev.tif,false,266.22874806800615
