Predictor variable,Categorical,Sample average
bombus_341,false,0.6354562895305987
hummingbird_341,false,0.6475946831029086
wc2.0_bio_10m_01.tif,false,18.74770255770002
wc2.0_bio_10m_05.tif,false,32.33131959097726
wc2.0_bio_10m_06.tif,false,4.477065572802066
wc2.0_bio_10m_12.tif,false,890.15
wc2.0_bio_10m_13.tif,false,137.63571428571427
wc2.0_bio_10m_14.tif,false,32.392857142857146
wc2.1_10m_elev.tif,false,244.83809523809524
