Predictor variable,Categorical,Sample average
bombus_330,false,0.6568318374755286
hummingbird_330,false,0.6098666562486061
wc2.0_bio_10m_01.tif,false,17.80407360281917
wc2.0_bio_10m_05.tif,false,31.706651519218926
wc2.0_bio_10m_06.tif,false,3.1813409435668256
wc2.0_bio_10m_12.tif,false,920.2149712092131
wc2.0_bio_10m_13.tif,false,136.33013435700576
wc2.0_bio_10m_14.tif,false,36.03262955854127
wc2.1_10m_elev.tif,false,246.2648752399232
