Predictor variable,Categorical,Sample average
bombus_242,false,0.6397779374011263
hummingbird_242,false,0.6108317211688723
wc2.0_bio_10m_01.tif,false,10.938723492063607
wc2.0_bio_10m_05.tif,false,27.39986647102282
wc2.0_bio_10m_06.tif,false,-7.250949053277209
wc2.0_bio_10m_12.tif,false,997.8201943844492
wc2.0_bio_10m_13.tif,false,123.61015118790496
wc2.0_bio_10m_14.tif,false,49.27942764578834
wc2.1_10m_elev.tif,false,476.7051835853132
