Predictor variable,Categorical,Sample average
bombus_324,false,0.6285838754417804
hummingbird_324,false,0.6048651573144728
wc2.0_bio_10m_01.tif,false,17.714489454693265
wc2.0_bio_10m_05.tif,false,31.617755068265474
wc2.0_bio_10m_06.tif,false,3.1064262042494697
wc2.0_bio_10m_12.tif,false,922.8102564102564
wc2.0_bio_10m_13.tif,false,136.97606837606838
wc2.0_bio_10m_14.tif,false,35.73675213675214
wc2.1_10m_elev.tif,false,262.0649572649573
