Predictor variable,Categorical,Sample average
bombus_202,false,0.6348998575628578
hummingbird_202,false,0.6278510739446267
wc2.0_bio_10m_01.tif,false,9.147314117186326
wc2.0_bio_10m_05.tif,false,25.660819444757003
wc2.0_bio_10m_06.tif,false,-9.168244952320848
wc2.0_bio_10m_12.tif,false,976.2849025974026
wc2.0_bio_10m_13.tif,false,123.0854301948052
wc2.0_bio_10m_14.tif,false,46.174310064935064
wc2.1_10m_elev.tif,false,646.0054788961039
