Predictor variable,Categorical,Sample average
bombus_200,false,0.634322494704054
hummingbird_200,false,0.6286938220716067
wc2.0_bio_10m_01.tif,false,9.101214671244156
wc2.0_bio_10m_05.tif,false,25.60633568826751
wc2.0_bio_10m_06.tif,false,-9.201594820498105
wc2.0_bio_10m_12.tif,false,975.2929515418502
wc2.0_bio_10m_13.tif,false,123.389467360833
wc2.0_bio_10m_14.tif,false,45.854825790949135
wc2.1_10m_elev.tif,false,656.02543051662
