Predictor variable,Categorical,Sample average
bombus_111,false,0.639194898123179
hummingbird_111,false,0.5379753174808451
wc2.0_bio_10m_01.tif,false,12.164969902412693
wc2.0_bio_10m_05.tif,false,28.571949074752933
wc2.0_bio_10m_06.tif,false,-5.837142884718447
wc2.0_bio_10m_12.tif,false,1002.2687804878049
wc2.0_bio_10m_13.tif,false,124.9380487804878
wc2.0_bio_10m_14.tif,false,48.326341463414636
wc2.1_10m_elev.tif,false,397.4778861788618
