Predictor variable,Categorical,Sample average
bombus_302,false,0.5983474655392879
hummingbird_302,false,0.43442150614709557
wc2.0_bio_10m_01.tif,false,15.781228068346035
wc2.0_bio_10m_05.tif,false,30.695274124602356
wc2.0_bio_10m_06.tif,false,-0.1462875248868011
wc2.0_bio_10m_12.tif,false,980.7814371257485
wc2.0_bio_10m_13.tif,false,131.05988023952096
wc2.0_bio_10m_14.tif,false,45.95309381237525
wc2.1_10m_elev.tif,false,282.8073852295409
