Predictor variable,Categorical,Sample average
bombus_228,false,0.6394431165825132
hummingbird_228,false,0.622987594460919
wc2.0_bio_10m_01.tif,false,9.999469145832112
wc2.0_bio_10m_05.tif,false,26.572816200674016
wc2.0_bio_10m_06.tif,false,-8.419933479820019
wc2.0_bio_10m_12.tif,false,986.6479318734794
wc2.0_bio_10m_13.tif,false,122.48053527980535
wc2.0_bio_10m_14.tif,false,47.956934306569345
wc2.1_10m_elev.tif,false,525.4929440389294
