Predictor variable,Categorical,Sample average
bombus_235,false,0.6407557563272146
hummingbird_235,false,0.618495501212555
wc2.0_bio_10m_01.tif,false,10.422213349620021
wc2.0_bio_10m_05.tif,false,26.987583833768493
wc2.0_bio_10m_06.tif,false,-7.952415353621292
wc2.0_bio_10m_12.tif,false,989.764811031665
wc2.0_bio_10m_13.tif,false,122.51634320735444
wc2.0_bio_10m_14.tif,false,48.49591419816139
wc2.1_10m_elev.tif,false,498.44458631256384
