Predictor variable,Categorical,Sample average
bombus_67,false,0.5193948607157293
hummingbird_67,false,0.3726994837042426
wc2.0_bio_10m_01.tif,false,16.040785407035866
wc2.0_bio_10m_05.tif,false,31.602832081155285
wc2.0_bio_10m_06.tif,false,-0.3283944505198116
wc2.0_bio_10m_12.tif,false,1005.7786060380172
wc2.0_bio_10m_13.tif,false,131.54603056280283
wc2.0_bio_10m_14.tif,false,46.8166231830041
wc2.1_10m_elev.tif,false,301.45173313455086
