Predictor variable,Categorical,Sample average
bombus_214,false,0.6378960865276305
hummingbird_214,false,0.6246402862691545
wc2.0_bio_10m_01.tif,false,9.2614080465593
wc2.0_bio_10m_05.tif,false,25.80119007601224
wc2.0_bio_10m_06.tif,false,-9.161902760033543
wc2.0_bio_10m_12.tif,false,982.7085889570552
wc2.0_bio_10m_13.tif,false,123.53790534618756
wc2.0_bio_10m_14.tif,false,46.770815074496056
wc2.1_10m_elev.tif,false,595.374671340929
