Predictor variable,Categorical,Sample average
bombus_206,false,0.6357158517879956
hummingbird_206,false,0.6257022196673468
wc2.0_bio_10m_01.tif,false,9.158383926234837
wc2.0_bio_10m_05.tif,false,25.717392653875816
wc2.0_bio_10m_06.tif,false,-9.254901182475097
wc2.0_bio_10m_12.tif,false,975.8002512562814
wc2.0_bio_10m_13.tif,false,122.84924623115577
wc2.0_bio_10m_14.tif,false,46.43320770519263
wc2.1_10m_elev.tif,false,621.5584170854271
