Predictor variable,Categorical,Sample average
bombus_191,false,0.6297902721472217
hummingbird_191,false,0.6201803748687599
wc2.0_bio_10m_01.tif,false,9.123536557979694
wc2.0_bio_10m_05.tif,false,25.542314216368183
wc2.0_bio_10m_06.tif,false,-9.03058289800669
wc2.0_bio_10m_12.tif,false,967.9099845797996
wc2.0_bio_10m_13.tif,false,123.40805705474172
wc2.0_bio_10m_14.tif,false,44.962991518889744
wc2.1_10m_elev.tif,false,670.5584040092522
