Predictor variable,Categorical,Sample average
bombus_210,false,0.6369939233503203
hummingbird_210,false,0.6265016827501274
wc2.0_bio_10m_01.tif,false,9.244277675559063
wc2.0_bio_10m_05.tif,false,25.81853496734632
wc2.0_bio_10m_06.tif,false,-9.195569534220699
wc2.0_bio_10m_12.tif,false,982.768903993203
wc2.0_bio_10m_13.tif,false,123.51847918436704
wc2.0_bio_10m_14.tif,false,46.817969413763805
wc2.1_10m_elev.tif,false,605.983432455395
