Predictor variable,Categorical,Sample average
bombus_50,false,0.49500267775612883
hummingbird_50,false,0.3960881118917314
wc2.0_bio_10m_01.tif,false,17.11347838357091
wc2.0_bio_10m_05.tif,false,31.95241546869278
wc2.0_bio_10m_06.tif,false,1.5720013473493746
wc2.0_bio_10m_12.tif,false,1003.426875
wc2.0_bio_10m_13.tif,false,136.785
wc2.0_bio_10m_14.tif,false,44.469375
wc2.1_10m_elev.tif,false,255.37
