Predictor variable,Categorical,Sample average
bombus_316,false,0.6071429863370977
hummingbird_316,false,0.5744443136383091
wc2.0_bio_10m_01.tif,false,17.27176908663744
wc2.0_bio_10m_05.tif,false,31.66135554341875
wc2.0_bio_10m_06.tif,false,2.0620097786001446
wc2.0_bio_10m_12.tif,false,912.5295857988166
wc2.0_bio_10m_13.tif,false,130.8860946745562
wc2.0_bio_10m_14.tif,false,37.968934911242606
wc2.1_10m_elev.tif,false,273.31508875739644
