Predictor variable,Categorical,Sample average
bombus_299,false,0.5759730832293743
hummingbird_299,false,0.4182180227951331
wc2.0_bio_10m_01.tif,false,15.505866332612431
wc2.0_bio_10m_05.tif,false,30.617717894848845
wc2.0_bio_10m_06.tif,false,-0.6588427983122501
wc2.0_bio_10m_12.tif,false,959.3042226487524
wc2.0_bio_10m_13.tif,false,127.1679462571977
wc2.0_bio_10m_14.tif,false,45.509596928982724
wc2.1_10m_elev.tif,false,306.0239923224568
