Predictor variable,Categorical,Sample average
bombus_47,false,0.4805571877238463
hummingbird_47,false,0.4119195724561607
wc2.0_bio_10m_01.tif,false,17.333968556394765
wc2.0_bio_10m_05.tif,false,32.00114973319345
wc2.0_bio_10m_06.tif,false,2.0075476880026697
wc2.0_bio_10m_12.tif,false,999.1855742296918
wc2.0_bio_10m_13.tif,false,137.312324929972
wc2.0_bio_10m_14.tif,false,43.5735294117647
wc2.1_10m_elev.tif,false,239.6596638655462
