Predictor variable,Categorical,Sample average
bombus_259,false,0.6312074083703715
hummingbird_259,false,0.5656893343572885
wc2.0_bio_10m_01.tif,false,11.986476005834174
wc2.0_bio_10m_05.tif,false,28.36331948898208
wc2.0_bio_10m_06.tif,false,-6.031016932270779
wc2.0_bio_10m_12.tif,false,1004.5003521126761
wc2.0_bio_10m_13.tif,false,123.12711267605634
wc2.0_bio_10m_14.tif,false,50.69964788732394
wc2.1_10m_elev.tif,false,401.1345070422535
