Predictor variable,Categorical,Sample average
bombus_39,false,0.4653025276416804
hummingbird_39,false,0.4579654388184095
wc2.0_bio_10m_01.tif,false,17.622845930339647
wc2.0_bio_10m_05.tif,false,31.933920216386337
wc2.0_bio_10m_06.tif,false,2.688617160849198
wc2.0_bio_10m_12.tif,false,967.9452554744526
wc2.0_bio_10m_13.tif,false,138.03740875912408
wc2.0_bio_10m_14.tif,false,39.54835766423358
wc2.1_10m_elev.tif,false,234.80565693430657
