Predictor variable,Categorical,Sample average
wc2.0_bio_10m_01.tif,false,18.222996250144455
wc2.0_bio_10m_05.tif,false,32.337024741589644
wc2.0_bio_10m_06.tif,false,3.670033021772435
wc2.0_bio_10m_12.tif,false,856.456289978678
wc2.0_bio_10m_13.tif,false,133.93816631130065
wc2.0_bio_10m_14.tif,false,29.639658848614072
wc2.1_10m_elev.tif,false,372.8592750533049
