Predictor variable,Categorical,Sample average
wc2.0_bio_10m_01.tif,false,17.349816719430393
wc2.0_bio_10m_05.tif,false,32.08899554893619
wc2.0_bio_10m_06.tif,false,2.113875939141287
wc2.0_bio_10m_12.tif,false,919.311475409836
wc2.0_bio_10m_13.tif,false,134.55901639344262
wc2.0_bio_10m_14.tif,false,35.75573770491803
wc2.1_10m_elev.tif,false,403.3524590163934
