Predictor variable,Categorical,Sample average
wc2.0_bio_10m_01.tif,false,18.587343783318243
wc2.0_bio_10m_05.tif,false,31.822358014714364
wc2.0_bio_10m_06.tif,false,4.940283869554285
wc2.0_bio_10m_12.tif,false,751.8438818565401
wc2.0_bio_10m_13.tif,false,131.06751054852322
wc2.0_bio_10m_14.tif,false,18.763713080168777
wc2.1_10m_elev.tif,false,369.337552742616
