Predictor variable,Categorical,Sample average
wc2.0_bio_10m_01.tif,false,10.88466284212641
wc2.0_bio_10m_05.tif,false,27.27671802379879
wc2.0_bio_10m_06.tif,false,-7.102139938253442
wc2.0_bio_10m_12.tif,false,858.089407191448
wc2.0_bio_10m_13.tif,false,117.53255587949465
wc2.0_bio_10m_14.tif,false,35.67444120505345
wc2.1_10m_elev.tif,false,675.4130223517978
