Predictor variable,Categorical,Sample average
wc2.0_bio_10m_01.tif,false,18.660104928306115
wc2.0_bio_10m_05.tif,false,31.909661698265197
wc2.0_bio_10m_06.tif,false,4.920306412580485
wc2.0_bio_10m_12.tif,false,844.111821086262
wc2.0_bio_10m_13.tif,false,138.04153354632587
wc2.0_bio_10m_14.tif,false,25.424920127795527
wc2.1_10m_elev.tif,false,309.09584664536743
