Predictor variable,Categorical,Sample average
wc2.0_bio_10m_01.tif,false,14.803740155280053
wc2.0_bio_10m_05.tif,false,30.99227391756498
wc2.0_bio_10m_06.tif,false,-2.494753635750263
wc2.0_bio_10m_12.tif,false,1013.2125874125874
wc2.0_bio_10m_13.tif,false,123.95104895104895
wc2.0_bio_10m_14.tif,false,53.67272727272727
wc2.1_10m_elev.tif,false,404.23916083916083
