Predictor variable,Categorical,Sample average
wc2.0_bio_10m_01.tif,false,11.794258182632584
wc2.0_bio_10m_05.tif,false,28.356606873379476
wc2.0_bio_10m_06.tif,false,-6.36547047848212
wc2.0_bio_10m_12.tif,false,921.6822784810126
wc2.0_bio_10m_13.tif,false,117.67151898734177
wc2.0_bio_10m_14.tif,false,42.311392405063295
wc2.1_10m_elev.tif,false,522.7753164556962
