Predictor variable,Categorical,Sample average
wc2.0_bio_10m_01.tif,false,19.891116058125217
wc2.0_bio_10m_05.tif,false,33.843930889578424
wc2.0_bio_10m_06.tif,false,5.287830073057728
wc2.0_bio_10m_12.tif,false,764.8455882352941
wc2.0_bio_10m_13.tif,false,120.1470588235294
wc2.0_bio_10m_14.tif,false,29.191176470588236
wc2.1_10m_elev.tif,false,414.5367647058824
