Predictor variable,Categorical,Sample average
wc2.0_bio_10m_01.tif,false,19.119047300235646
wc2.0_bio_10m_05.tif,false,32.10092277784605
wc2.0_bio_10m_06.tif,false,5.6952588988115656
wc2.0_bio_10m_12.tif,false,704.6824324324324
wc2.0_bio_10m_13.tif,false,125.3108108108108
wc2.0_bio_10m_14.tif,false,17.716216216216218
wc2.1_10m_elev.tif,false,297.4864864864865
