Predictor variable,Categorical,Sample average
wc2.0_bio_10m_01.tif,false,18.458088259947928
wc2.0_bio_10m_05.tif,false,32.28829766323692
wc2.0_bio_10m_06.tif,false,4.161784788025053
wc2.0_bio_10m_12.tif,false,827.4657894736843
wc2.0_bio_10m_13.tif,false,131.15
wc2.0_bio_10m_14.tif,false,26.99473684210526
wc2.1_10m_elev.tif,false,340.93684210526317
