Predictor variable,Categorical,Sample average
wc2.0_bio_10m_01.tif,false,11.354607958166946
wc2.0_bio_10m_05.tif,false,27.654409243536335
wc2.0_bio_10m_06.tif,false,-6.43985007385284
wc2.0_bio_10m_12.tif,false,920.2198581560284
wc2.0_bio_10m_13.tif,false,115.45673758865249
wc2.0_bio_10m_14.tif,false,45.212765957446805
wc2.1_10m_elev.tif,false,640.3290780141843
