Predictor variable,Categorical,Sample average
wc2.0_bio_10m_01.tif,false,12.434838560540403
wc2.0_bio_10m_05.tif,false,28.996753142258832
wc2.0_bio_10m_06.tif,false,-5.602935746658123
wc2.0_bio_10m_12.tif,false,1019.7523364485982
wc2.0_bio_10m_13.tif,false,119.40771028037383
wc2.0_bio_10m_14.tif,false,56.57710280373832
wc2.1_10m_elev.tif,false,430.80724299065423
