Predictor variable,Categorical,Sample average
wc2.0_bio_10m_01.tif,false,11.293583852823724
wc2.0_bio_10m_05.tif,false,27.39118324496128
wc2.0_bio_10m_06.tif,false,-6.188574301252029
wc2.0_bio_10m_12.tif,false,892.0358796296297
wc2.0_bio_10m_13.tif,false,122.40625
wc2.0_bio_10m_14.tif,false,36.998842592592595
wc2.1_10m_elev.tif,false,704.7175925925926
