Predictor variable,Categorical,Sample average
wc2.0_bio_10m_01.tif,false,18.38338270389214
wc2.0_bio_10m_05.tif,false,32.11262141333686
wc2.0_bio_10m_06.tif,false,4.223285230260993
wc2.0_bio_10m_12.tif,false,836.9973544973545
wc2.0_bio_10m_13.tif,false,133.25661375661375
wc2.0_bio_10m_14.tif,false,27.023809523809526
wc2.1_10m_elev.tif,false,340.9550264550264
