Predictor variable,Categorical,Sample average
wc2.0_bio_10m_01.tif,false,19.447605446072444
wc2.0_bio_10m_05.tif,false,33.75969546265397
wc2.0_bio_10m_06.tif,false,4.379619779533769
wc2.0_bio_10m_12.tif,false,883.5521472392638
wc2.0_bio_10m_13.tif,false,130.60122699386503
wc2.0_bio_10m_14.tif,false,37.625766871165645
wc2.1_10m_elev.tif,false,386.37423312883436
