Predictor variable,Categorical,Sample average
wc2.0_bio_10m_01.tif,false,10.89571551943578
wc2.0_bio_10m_05.tif,false,27.48201628613577
wc2.0_bio_10m_06.tif,false,-7.455987152521787
wc2.0_bio_10m_12.tif,false,888.9772393538914
wc2.0_bio_10m_13.tif,false,116.16005873715125
wc2.0_bio_10m_14.tif,false,38.7129221732746
wc2.1_10m_elev.tif,false,571.3149779735683
