Predictor variable,Categorical,Sample average
wc2.0_bio_10m_01.tif,false,18.713249795892267
wc2.0_bio_10m_05.tif,false,31.828294346841535
wc2.0_bio_10m_06.tif,false,5.211213503535209
wc2.0_bio_10m_12.tif,false,728.6179775280899
wc2.0_bio_10m_13.tif,false,128.22471910112358
wc2.0_bio_10m_14.tif,false,18.140449438202246
wc2.1_10m_elev.tif,false,347.73595505617976
