Predictor variable,Categorical,Sample average
wc2.0_bio_10m_01.tif,false,16.011502990355858
wc2.0_bio_10m_05.tif,false,31.872850303267157
wc2.0_bio_10m_06.tif,false,-0.8242353143510377
wc2.0_bio_10m_12.tif,false,1002.0401337792642
wc2.0_bio_10m_13.tif,false,127.97324414715719
wc2.0_bio_10m_14.tif,false,50.687290969899664
wc2.1_10m_elev.tif,false,414.94983277591973
