Predictor variable,Categorical,Sample average
wc2.0_bio_10m_01.tif,false,16.6713369616027
wc2.0_bio_10m_05.tif,false,31.81601631525651
wc2.0_bio_10m_06.tif,false,0.9414062938076506
wc2.0_bio_10m_12.tif,false,958.7694174757281
wc2.0_bio_10m_13.tif,false,132.88349514563106
wc2.0_bio_10m_14.tif,false,41.467233009708735
wc2.1_10m_elev.tif,false,436.1978155339806
