Predictor variable,Categorical,Sample average
wc2.0_bio_10m_01.tif,false,14.56873688451561
wc2.0_bio_10m_05.tif,false,30.455092313703798
wc2.0_bio_10m_06.tif,false,-2.2169332353205817
wc2.0_bio_10m_12.tif,false,978.1533646322379
wc2.0_bio_10m_13.tif,false,127.36932707355243
wc2.0_bio_10m_14.tif,false,45.43896713615023
wc2.1_10m_elev.tif,false,465.773082942097
