Predictor variable,Categorical,Sample average
wc2.0_bio_10m_01.tif,false,18.863794082687015
wc2.0_bio_10m_05.tif,false,31.8082408677964
wc2.0_bio_10m_06.tif,false,5.51704001366826
wc2.0_bio_10m_12.tif,false,719.7559523809524
wc2.0_bio_10m_13.tif,false,128.7797619047619
wc2.0_bio_10m_14.tif,false,16.958333333333332
wc2.1_10m_elev.tif,false,341.0833333333333
