Predictor variable,Categorical,Sample average
wc2.0_bio_10m_01.tif,false,11.051266740136715
wc2.0_bio_10m_05.tif,false,27.1024654812283
wc2.0_bio_10m_06.tif,false,-6.443737053227799
wc2.0_bio_10m_12.tif,false,903.8652777777778
wc2.0_bio_10m_13.tif,false,120.41388888888889
wc2.0_bio_10m_14.tif,false,39.34444444444444
wc2.1_10m_elev.tif,false,710.3319444444444
