Predictor variable,Categorical,Sample average
wc2.0_bio_10m_01.tif,false,19.749986426583654
wc2.0_bio_10m_05.tif,false,33.328722411188586
wc2.0_bio_10m_06.tif,false,5.60532053071877
wc2.0_bio_10m_12.tif,false,862.301724137931
wc2.0_bio_10m_13.tif,false,132.50862068965517
wc2.0_bio_10m_14.tif,false,33.810344827586206
wc2.1_10m_elev.tif,false,324.6810344827586
