Predictor variable,Categorical,Sample average
wc2.0_bio_10m_01.tif,false,19.83734346117292
wc2.0_bio_10m_05.tif,false,33.393907111031666
wc2.0_bio_10m_06.tif,false,5.651718760441456
wc2.0_bio_10m_12.tif,false,817.7785714285715
wc2.0_bio_10m_13.tif,false,128.97142857142856
wc2.0_bio_10m_14.tif,false,31.014285714285716
wc2.1_10m_elev.tif,false,396.7785714285714
