Predictor variable,Categorical,Sample average
wc2.0_bio_10m_01.tif,false,11.289676925314591
wc2.0_bio_10m_05.tif,false,27.80604320760517
wc2.0_bio_10m_06.tif,false,-6.909657877436628
wc2.0_bio_10m_12.tif,false,917.628629304524
wc2.0_bio_10m_13.tif,false,118.525320729237
wc2.0_bio_10m_14.tif,false,41.14584740040513
wc2.1_10m_elev.tif,false,535.4159351789332
