Predictor variable,Categorical,Sample average
wc2.0_bio_10m_01.tif,false,12.770552734962669
wc2.0_bio_10m_05.tif,false,29.315339882188603
wc2.0_bio_10m_06.tif,false,-5.202893064295587
wc2.0_bio_10m_12.tif,false,1035.4217016029593
wc2.0_bio_10m_13.tif,false,120.53144266337854
wc2.0_bio_10m_14.tif,false,57.847102342786684
wc2.1_10m_elev.tif,false,433.0937114673243
