Predictor variable,Categorical,Sample average
wc2.0_bio_10m_01.tif,false,13.58392300309366
wc2.0_bio_10m_05.tif,false,30.009818015059803
wc2.0_bio_10m_06.tif,false,-4.157230385282894
wc2.0_bio_10m_12.tif,false,1017.6029810298103
wc2.0_bio_10m_13.tif,false,121.75067750677506
wc2.0_bio_10m_14.tif,false,55.00271002710027
wc2.1_10m_elev.tif,false,432.8252032520325
