Predictor variable,Categorical,Sample average
wc2.0_bio_10m_01.tif,false,18.109484338760375
wc2.0_bio_10m_05.tif,false,32.98737588801854
wc2.0_bio_10m_06.tif,false,2.56535794656586
wc2.0_bio_10m_12.tif,false,959.8338028169014
wc2.0_bio_10m_13.tif,false,131.55774647887324
wc2.0_bio_10m_14.tif,false,44.70140845070423
wc2.1_10m_elev.tif,false,449.9323943661972
