Predictor variable,Categorical,Sample average
wc2.0_bio_10m_01.tif,false,18.436118730224006
wc2.0_bio_10m_05.tif,false,32.29112105322356
wc2.0_bio_10m_06.tif,false,4.135830525267353
wc2.0_bio_10m_12.tif,false,825.6460396039604
wc2.0_bio_10m_13.tif,false,130.009900990099
wc2.0_bio_10m_14.tif,false,27.425742574257427
wc2.1_10m_elev.tif,false,345.2524752475247
