Predictor variable,Categorical,Sample average
wc2.0_bio_10m_01.tif,false,18.30432720622797
wc2.0_bio_10m_05.tif,false,32.23788209235531
wc2.0_bio_10m_06.tif,false,3.922313166020074
wc2.0_bio_10m_12.tif,false,836.6298850574713
wc2.0_bio_10m_13.tif,false,132.21379310344827
wc2.0_bio_10m_14.tif,false,28.285057471264366
wc2.1_10m_elev.tif,false,373.24367816091956
