Predictor variable,Categorical,Sample average
wc2.0_bio_10m_01.tif,false,18.59702113086315
wc2.0_bio_10m_05.tif,false,31.893625172419345
wc2.0_bio_10m_06.tif,false,4.836385194733982
wc2.0_bio_10m_12.tif,false,832.8599348534202
wc2.0_bio_10m_13.tif,false,136.9641693811075
wc2.0_bio_10m_14.tif,false,24.612377850162865
wc2.1_10m_elev.tif,false,311.6547231270358
