Predictor variable,Categorical,Sample average
wc2.0_bio_10m_01.tif,false,19.97692998655283
wc2.0_bio_10m_05.tif,false,33.88289283946821
wc2.0_bio_10m_06.tif,false,5.346640413116877
wc2.0_bio_10m_12.tif,false,844.3821656050956
wc2.0_bio_10m_13.tif,false,128.5031847133758
wc2.0_bio_10m_14.tif,false,33.8343949044586
wc2.1_10m_elev.tif,false,379.86624203821657
