Predictor variable,Categorical,Sample average
wc2.0_bio_10m_01.tif,false,10.783885730826313
wc2.0_bio_10m_05.tif,false,27.42303638282022
wc2.0_bio_10m_06.tif,false,-7.653005355348189
wc2.0_bio_10m_12.tif,false,897.6041222459133
wc2.0_bio_10m_13.tif,false,116.58564321250888
wc2.0_bio_10m_14.tif,false,39.6226012793177
wc2.1_10m_elev.tif,false,564.7398720682303
