Predictor variable,Categorical,Sample average
wc2.0_bio_10m_01.tif,false,18.791577888747394
wc2.0_bio_10m_05.tif,false,31.788286500057932
wc2.0_bio_10m_06.tif,false,5.388128078463724
wc2.0_bio_10m_12.tif,false,727.4802259887006
wc2.0_bio_10m_13.tif,false,128.21468926553672
wc2.0_bio_10m_14.tif,false,18.10169491525424
wc2.1_10m_elev.tif,false,338.96045197740114
