Predictor variable,Categorical,Sample average
wc2.0_bio_10m_01.tif,false,18.583789884374383
wc2.0_bio_10m_05.tif,false,31.651927862274512
wc2.0_bio_10m_06.tif,false,5.147462976447652
wc2.0_bio_10m_12.tif,false,744.7134831460675
wc2.0_bio_10m_13.tif,false,131.2865168539326
wc2.0_bio_10m_14.tif,false,18.146067415730336
wc2.1_10m_elev.tif,false,390.47752808988764
