Predictor variable,Categorical,Sample average
wc2.0_bio_10m_01.tif,false,11.390692004460144
wc2.0_bio_10m_05.tif,false,27.746720916008723
wc2.0_bio_10m_06.tif,false,-6.448779728564448
wc2.0_bio_10m_12.tif,false,953.6150740242261
wc2.0_bio_10m_13.tif,false,117.16689098250336
wc2.0_bio_10m_14.tif,false,48.379542395693136
wc2.1_10m_elev.tif,false,599.9273216689098
