Predictor variable,Categorical,Sample average
wc2.0_bio_10m_01.tif,false,11.294305068357925
wc2.0_bio_10m_05.tif,false,27.716705444233718
wc2.0_bio_10m_06.tif,false,-6.735430694767132
wc2.0_bio_10m_12.tif,false,980.1887941534713
wc2.0_bio_10m_13.tif,false,118.52862362971986
wc2.0_bio_10m_14.tif,false,51.02070645554202
wc2.1_10m_elev.tif,false,539.762484774665
