Predictor variable,Categorical,Sample average
wc2.0_bio_10m_01.tif,false,11.2465581606334
wc2.0_bio_10m_05.tif,false,27.332321750764617
wc2.0_bio_10m_06.tif,false,-6.311082719010301
wc2.0_bio_10m_12.tif,false,894.0747531734838
wc2.0_bio_10m_13.tif,false,118.51339915373765
wc2.0_bio_10m_14.tif,false,39.599435825105786
wc2.1_10m_elev.tif,false,693.7743300423131
