Predictor variable,Categorical,Sample average
wc2.0_bio_10m_01.tif,false,10.715909920318026
wc2.0_bio_10m_05.tif,false,27.25684915163521
wc2.0_bio_10m_06.tif,false,-7.609253973848768
wc2.0_bio_10m_12.tif,false,880.3661971830986
wc2.0_bio_10m_13.tif,false,116.15179968701095
wc2.0_bio_10m_14.tif,false,38.23474178403756
wc2.1_10m_elev.tif,false,589.7214397496087
