Predictor variable,Categorical,Sample average
wc2.0_bio_10m_01.tif,false,15.579857181846133
wc2.0_bio_10m_05.tif,false,31.235725149243418
wc2.0_bio_10m_06.tif,false,-0.7895428456298844
wc2.0_bio_10m_12.tif,false,959.8138651471985
wc2.0_bio_10m_13.tif,false,128.03703703703704
wc2.0_bio_10m_14.tif,false,43.8281101614435
wc2.1_10m_elev.tif,false,471.5925925925926
