Predictor variable,Categorical,Sample average
wc2.0_bio_10m_01.tif,false,18.524393336913164
wc2.0_bio_10m_05.tif,false,32.092371037427114
wc2.0_bio_10m_06.tif,false,4.501545436198221
wc2.0_bio_10m_12.tif,false,815.5411764705882
wc2.0_bio_10m_13.tif,false,132.36764705882354
wc2.0_bio_10m_14.tif,false,24.788235294117648
wc2.1_10m_elev.tif,false,346.7323529411765
