Predictor variable,Categorical,Sample average
wc2.0_bio_10m_01.tif,false,17.74869219829207
wc2.0_bio_10m_05.tif,false,32.82822005645089
wc2.0_bio_10m_06.tif,false,1.9810319045826201
wc2.0_bio_10m_12.tif,false,962.0652173913044
wc2.0_bio_10m_13.tif,false,129.2608695652174
wc2.0_bio_10m_14.tif,false,45.875
wc2.1_10m_elev.tif,false,468.4157608695652
