Predictor variable,Categorical,Sample average
wc2.0_bio_10m_01.tif,false,10.678892668214543
wc2.0_bio_10m_05.tif,false,27.173309300830663
wc2.0_bio_10m_06.tif,false,-7.473076784263957
wc2.0_bio_10m_12.tif,false,877.977856510186
wc2.0_bio_10m_13.tif,false,117.81753764393268
wc2.0_bio_10m_14.tif,false,37.5704162976085
wc2.1_10m_elev.tif,false,651.5146147032773
