Predictor variable,Categorical,Sample average
wc2.0_bio_10m_01.tif,false,13.949576515846891
wc2.0_bio_10m_05.tif,false,30.345736685997803
wc2.0_bio_10m_06.tif,false,-3.6606129249242643
wc2.0_bio_10m_12.tif,false,1006.2322404371585
wc2.0_bio_10m_13.tif,false,120.37704918032787
wc2.0_bio_10m_14.tif,false,54.26639344262295
wc2.1_10m_elev.tif,false,431.0587431693989
