Predictor variable,Categorical,Sample average
wc2.0_bio_10m_01.tif,false,19.560916246906405
wc2.0_bio_10m_05.tif,false,33.2712783967295
wc2.0_bio_10m_06.tif,false,5.186933893349863
wc2.0_bio_10m_12.tif,false,800.241935483871
wc2.0_bio_10m_13.tif,false,124.50806451612904
wc2.0_bio_10m_14.tif,false,30.967741935483872
wc2.1_10m_elev.tif,false,430.83870967741933
