Predictor variable,Categorical,Sample average
wc2.0_bio_10m_01.tif,false,11.16098584226051
wc2.0_bio_10m_05.tif,false,27.62632745797012
wc2.0_bio_10m_06.tif,false,-6.878532657082113
wc2.0_bio_10m_12.tif,false,958.9431524547804
wc2.0_bio_10m_13.tif,false,116.00387596899225
wc2.0_bio_10m_14.tif,false,49.671834625322994
wc2.1_10m_elev.tif,false,572.5103359173127
