Predictor variable,Categorical,Sample average
wc2.0_bio_10m_01.tif,false,18.777425700967964
wc2.0_bio_10m_05.tif,false,31.73102243380113
wc2.0_bio_10m_06.tif,false,5.392862049947408
wc2.0_bio_10m_12.tif,false,717.6818181818181
wc2.0_bio_10m_13.tif,false,128.01704545454547
wc2.0_bio_10m_14.tif,false,17.09659090909091
wc2.1_10m_elev.tif,false,346.5511363636364
