Predictor variable,Categorical,Sample average
wc2.0_bio_10m_01.tif,false,19.565953081653966
wc2.0_bio_10m_05.tif,false,32.569541654279156
wc2.0_bio_10m_06.tif,false,6.138654044919437
wc2.0_bio_10m_12.tif,false,755.9032258064516
wc2.0_bio_10m_13.tif,false,132.25
wc2.0_bio_10m_14.tif,false,21.016129032258064
wc2.1_10m_elev.tif,false,349.36290322580646
