Predictor variable,Categorical,Sample average
wc2.0_bio_10m_01.tif,false,19.67484211076236
wc2.0_bio_10m_05.tif,false,33.415628609082376
wc2.0_bio_10m_06.tif,false,5.295171502686984
wc2.0_bio_10m_12.tif,false,815.6099290780141
wc2.0_bio_10m_13.tif,false,127.62411347517731
wc2.0_bio_10m_14.tif,false,31.070921985815602
wc2.1_10m_elev.tif,false,430.468085106383
