Predictor variable,Categorical,Sample average
wc2.0_bio_10m_01.tif,false,12.537250625256513
wc2.0_bio_10m_05.tif,false,29.126457153730694
wc2.0_bio_10m_06.tif,false,-5.530408076899385
wc2.0_bio_10m_12.tif,false,1027.2493887530563
wc2.0_bio_10m_13.tif,false,119.76161369193154
wc2.0_bio_10m_14.tif,false,57.30440097799511
wc2.1_10m_elev.tif,false,441.7872860635697
