Predictor variable,Categorical,Sample average
wc2.0_bio_10m_01.tif,false,10.76840992782271
wc2.0_bio_10m_05.tif,false,27.312191046025763
wc2.0_bio_10m_06.tif,false,-7.483200964568394
wc2.0_bio_10m_12.tif,false,888.6770334928229
wc2.0_bio_10m_13.tif,false,116.62998405103669
wc2.0_bio_10m_14.tif,false,38.97607655502392
wc2.1_10m_elev.tif,false,606.9242424242424
