Predictor variable,Categorical,Sample average
wc2.0_bio_10m_01.tif,false,19.62142272918455
wc2.0_bio_10m_05.tif,false,33.50814545539118
wc2.0_bio_10m_06.tif,false,5.063398200027164
wc2.0_bio_10m_12.tif,false,811.4677419354839
wc2.0_bio_10m_13.tif,false,127.26612903225806
wc2.0_bio_10m_14.tif,false,30.879032258064516
wc2.1_10m_elev.tif,false,435.3225806451613
