Predictor variable,Categorical,Sample average
wc2.0_bio_10m_01.tif,false,18.68422245979309
wc2.0_bio_10m_05.tif,false,31.76144481041062
wc2.0_bio_10m_06.tif,false,5.1530871945826835
wc2.0_bio_10m_12.tif,false,814.8591549295775
wc2.0_bio_10m_13.tif,false,136.5387323943662
wc2.0_bio_10m_14.tif,false,23.20774647887324
wc2.1_10m_elev.tif,false,290.44718309859155
