Predictor variable,Categorical,Sample average
wc2.0_bio_10m_01.tif,false,16.221761846542357
wc2.0_bio_10m_05.tif,false,32.0003874614321
wc2.0_bio_10m_06.tif,false,-0.4909388798645874
wc2.0_bio_10m_12.tif,false,1016.3810344827587
wc2.0_bio_10m_13.tif,false,129.8844827586207
wc2.0_bio_10m_14.tif,false,51.79137931034483
wc2.1_10m_elev.tif,false,395.37068965517244
