Predictor variable,Categorical,Sample average
wc2.0_bio_10m_01.tif,false,11.396482143670779
wc2.0_bio_10m_05.tif,false,27.665301655923855
wc2.0_bio_10m_06.tif,false,-6.3048933237822276
wc2.0_bio_10m_12.tif,false,943.3645251396648
wc2.0_bio_10m_13.tif,false,117.35055865921788
wc2.0_bio_10m_14.tif,false,47.37290502793296
wc2.1_10m_elev.tif,false,613.5293296089385
