Predictor variable,Categorical,Sample average
wc2.0_bio_10m_01.tif,false,15.060767107376986
wc2.0_bio_10m_05.tif,false,30.82741589589162
wc2.0_bio_10m_06.tif,false,-1.511158851528808
wc2.0_bio_10m_12.tif,false,958.5724815724816
wc2.0_bio_10m_13.tif,false,126.62080262080262
wc2.0_bio_10m_14.tif,false,44.13185913185913
wc2.1_10m_elev.tif,false,476.23669123669123
