Predictor variable,Categorical,Sample average
wc2.0_bio_10m_01.tif,false,18.492366651945478
wc2.0_bio_10m_05.tif,false,31.947287861304947
wc2.0_bio_10m_06.tif,false,4.578009155661434
wc2.0_bio_10m_12.tif,false,836.3386075949367
wc2.0_bio_10m_13.tif,false,135.51582278481013
wc2.0_bio_10m_14.tif,false,25.5
wc2.1_10m_elev.tif,false,324.94303797468353
