Predictor variable,Categorical,Sample average
wc2.0_bio_10m_01.tif,false,11.057693732368872
wc2.0_bio_10m_05.tif,false,27.19522116489023
wc2.0_bio_10m_06.tif,false,-6.516115618197597
wc2.0_bio_10m_12.tif,false,894.7287933094385
wc2.0_bio_10m_13.tif,false,120.48626045400239
wc2.0_bio_10m_14.tif,false,38.081242532855434
wc2.1_10m_elev.tif,false,713.1971326164875
