Predictor variable,Categorical,Sample average
wc2.0_bio_10m_01.tif,false,18.682109696048123
wc2.0_bio_10m_05.tif,false,32.041766773570664
wc2.0_bio_10m_06.tif,false,4.915556253982591
wc2.0_bio_10m_12.tif,false,676.8811188811189
wc2.0_bio_10m_13.tif,false,120.98601398601399
wc2.0_bio_10m_14.tif,false,15.881118881118882
wc2.1_10m_elev.tif,false,331.0769230769231
