Predictor variable,Categorical,Sample average
wc2.0_bio_10m_01.tif,false,18.44742073300737
wc2.0_bio_10m_05.tif,false,31.763843148002795
wc2.0_bio_10m_06.tif,false,4.803760988182679
wc2.0_bio_10m_12.tif,false,743.4932126696832
wc2.0_bio_10m_13.tif,false,127.26696832579185
wc2.0_bio_10m_14.tif,false,19.665158371040725
wc2.1_10m_elev.tif,false,368.4434389140271
