Predictor variable,Categorical,Sample average
wc2.0_bio_10m_01.tif,false,15.792379949527867
wc2.0_bio_10m_05.tif,false,31.318097746859518
wc2.0_bio_10m_06.tif,false,-0.3976013830488971
wc2.0_bio_10m_12.tif,false,963.7138584247258
wc2.0_bio_10m_13.tif,false,129.79960119641078
wc2.0_bio_10m_14.tif,false,43.33499501495513
wc2.1_10m_elev.tif,false,467.9930209371884
