Predictor variable,Categorical,Sample average
wc2.0_bio_10m_01.tif,false,12.082771809508571
wc2.0_bio_10m_05.tif,false,28.586566282800362
wc2.0_bio_10m_06.tif,false,-5.939203210010872
wc2.0_bio_10m_12.tif,false,1015.2112994350282
wc2.0_bio_10m_13.tif,false,119.66892655367232
wc2.0_bio_10m_14.tif,false,55.42485875706215
wc2.1_10m_elev.tif,false,447.8
