Predictor variable,Categorical,Sample average
wc2.0_bio_10m_01.tif,false,10.929817289855855
wc2.0_bio_10m_05.tif,false,27.50854473332621
wc2.0_bio_10m_06.tif,false,-7.424997965056705
wc2.0_bio_10m_12.tif,false,894.6869627507164
wc2.0_bio_10m_13.tif,false,116.84957020057307
wc2.0_bio_10m_14.tif,false,39.13681948424069
wc2.1_10m_elev.tif,false,559.0967048710602
