Predictor variable,Categorical,Sample average
wc2.0_bio_10m_01.tif,false,11.343124791151835
wc2.0_bio_10m_05.tif,false,27.53745972884621
wc2.0_bio_10m_06.tif,false,-6.317548615180987
wc2.0_bio_10m_12.tif,false,906.9403202328966
wc2.0_bio_10m_13.tif,false,117.00436681222708
wc2.0_bio_10m_14.tif,false,42.64919941775837
wc2.1_10m_elev.tif,false,655.4687045123726
