Predictor variable,Categorical,Sample average
wc2.0_bio_10m_01.tif,false,12.904278159470849
wc2.0_bio_10m_05.tif,false,29.273694795798203
wc2.0_bio_10m_06.tif,false,-4.717667232958654
wc2.0_bio_10m_12.tif,false,959.2382596685082
wc2.0_bio_10m_13.tif,false,122.00207182320442
wc2.0_bio_10m_14.tif,false,44.944060773480665
wc2.1_10m_elev.tif,false,511.5925414364641
