Predictor variable,Categorical,Sample average
wc2.0_bio_10m_01.tif,false,15.068101574129031
wc2.0_bio_10m_05.tif,false,31.21520078026955
wc2.0_bio_10m_06.tif,false,-2.14545664530889
wc2.0_bio_10m_12.tif,false,1004.2329956584659
wc2.0_bio_10m_13.tif,false,123.74240231548481
wc2.0_bio_10m_14.tif,false,52.808972503617944
wc2.1_10m_elev.tif,false,406.83791606367583
