Predictor variable,Categorical,Sample average
wc2.0_bio_10m_01.tif,false,10.620726172425032
wc2.0_bio_10m_05.tif,false,27.09827650699419
wc2.0_bio_10m_06.tif,false,-7.556868643168667
wc2.0_bio_10m_12.tif,false,874.6554982817869
wc2.0_bio_10m_13.tif,false,117.51718213058419
wc2.0_bio_10m_14.tif,false,36.84106529209622
wc2.1_10m_elev.tif,false,647.7611683848797
