Predictor variable,Categorical,Sample average
wc2.0_bio_10m_01.tif,false,18.398972607094404
wc2.0_bio_10m_05.tif,false,33.050196277496475
wc2.0_bio_10m_06.tif,false,3.0286656739424114
wc2.0_bio_10m_12.tif,false,944.4155251141552
wc2.0_bio_10m_13.tif,false,132.45205479452054
wc2.0_bio_10m_14.tif,false,42.538812785388124
wc2.1_10m_elev.tif,false,411.48858447488584
