Predictor variable,Categorical,Sample average
wc2.0_bio_10m_01.tif,false,11.285040918259625
wc2.0_bio_10m_05.tif,false,27.502427281179962
wc2.0_bio_10m_06.tif,false,-6.374782803969267
wc2.0_bio_10m_12.tif,false,917.1061946902655
wc2.0_bio_10m_13.tif,false,116.6976401179941
wc2.0_bio_10m_14.tif,false,44.023598820059
wc2.1_10m_elev.tif,false,658.7035398230089
