Predictor variable,Categorical,Sample average
wc2.0_bio_10m_01.tif,false,18.545868795026433
wc2.0_bio_10m_05.tif,false,32.18931154229424
wc2.0_bio_10m_06.tif,false,4.462660028281706
wc2.0_bio_10m_12.tif,false,824.8238636363636
wc2.0_bio_10m_13.tif,false,132.39204545454547
wc2.0_bio_10m_14.tif,false,25.943181818181817
wc2.1_10m_elev.tif,false,323.4886363636364
