Predictor variable,Categorical,Sample average
wc2.0_bio_10m_01.tif,false,16.607741210405486
wc2.0_bio_10m_05.tif,false,31.805452307307327
wc2.0_bio_10m_06.tif,false,0.7968534323131614
wc2.0_bio_10m_12.tif,false,947.3276492082825
wc2.0_bio_10m_13.tif,false,131.78806333739342
wc2.0_bio_10m_14.tif,false,40.64190012180268
wc2.1_10m_elev.tif,false,447.86236297198536
