Predictor variable,Categorical,Sample average
wc2.0_bio_10m_01.tif,false,19.084943713998435
wc2.0_bio_10m_05.tif,false,32.316072119806044
wc2.0_bio_10m_06.tif,false,5.486148377446304
wc2.0_bio_10m_12.tif,false,722.4511278195489
wc2.0_bio_10m_13.tif,false,125.33834586466165
wc2.0_bio_10m_14.tif,false,19.413533834586467
wc2.1_10m_elev.tif,false,336.83458646616543
