Predictor variable,Categorical,Sample average
wc2.0_bio_10m_01.tif,false,19.98312473297119
wc2.0_bio_10m_05.tif,false,33.476396115026745
wc2.0_bio_10m_06.tif,false,5.907845253363104
wc2.0_bio_10m_12.tif,false,833.5046728971963
wc2.0_bio_10m_13.tif,false,135.86915887850466
wc2.0_bio_10m_14.tif,false,29.878504672897197
wc2.1_10m_elev.tif,false,331.78504672897196
