Predictor variable,Categorical,Sample average
wc2.0_bio_10m_01.tif,false,17.452098101588852
wc2.0_bio_10m_05.tif,false,32.09660367086424
wc2.0_bio_10m_06.tif,false,2.3236526558307786
wc2.0_bio_10m_12.tif,false,913.1914893617021
wc2.0_bio_10m_13.tif,false,134.92375886524823
wc2.0_bio_10m_14.tif,false,35.058510638297875
wc2.1_10m_elev.tif,false,409.23758865248226
