Predictor variable,Categorical,Sample average
wc2.0_bio_10m_01.tif,false,11.491148466403057
wc2.0_bio_10m_05.tif,false,27.509758171647093
wc2.0_bio_10m_06.tif,false,-5.953766142817648
wc2.0_bio_10m_12.tif,false,909.7877906976744
wc2.0_bio_10m_13.tif,false,119.55377906976744
wc2.0_bio_10m_14.tif,false,41.372093023255815
wc2.1_10m_elev.tif,false,662.4912790697674
