Predictor variable,Categorical,Sample average
wc2.0_bio_10m_01.tif,false,13.323202998300886
wc2.0_bio_10m_05.tif,false,29.738534472290198
wc2.0_bio_10m_06.tif,false,-4.44862196918679
wc2.0_bio_10m_12.tif,false,1031.8487614080834
wc2.0_bio_10m_13.tif,false,122.2503259452412
wc2.0_bio_10m_14.tif,false,56.63233376792699
wc2.1_10m_elev.tif,false,419.8031290743155
