Predictor variable,Categorical,Sample average
wc2.0_bio_10m_01.tif,false,12.321956920984917
wc2.0_bio_10m_05.tif,false,28.976778080077295
wc2.0_bio_10m_06.tif,false,-5.795919809665527
wc2.0_bio_10m_12.tif,false,1025.0339750849378
wc2.0_bio_10m_13.tif,false,119.1347678369196
wc2.0_bio_10m_14.tif,false,57.28992072480181
wc2.1_10m_elev.tif,false,426.50736126840314
