Predictor variable,Categorical,Sample average
wc2.0_bio_10m_01.tif,false,15.790567324275063
wc2.0_bio_10m_05.tif,false,31.662270703391425
wc2.0_bio_10m_06.tif,false,-1.0699582459556218
wc2.0_bio_10m_12.tif,false,1008.8523809523809
wc2.0_bio_10m_13.tif,false,127.74920634920635
wc2.0_bio_10m_14.tif,false,51.01746031746032
wc2.1_10m_elev.tif,false,414.3047619047619
