Predictor variable,Categorical,Sample average
wc2.0_bio_10m_01.tif,false,11.430907272760207
wc2.0_bio_10m_05.tif,false,27.690069542689756
wc2.0_bio_10m_06.tif,false,-6.30203141098768
wc2.0_bio_10m_12.tif,false,928.5823863636364
wc2.0_bio_10m_13.tif,false,116.4190340909091
wc2.0_bio_10m_14.tif,false,45.91761363636363
wc2.1_10m_elev.tif,false,647.9602272727273
