Predictor variable,Categorical,Sample average
wc2.0_bio_10m_01.tif,false,19.64881884690487
wc2.0_bio_10m_05.tif,false,33.40762820388331
wc2.0_bio_10m_06.tif,false,5.228724572525332
wc2.0_bio_10m_12.tif,false,814.4090909090909
wc2.0_bio_10m_13.tif,false,125.87121212121212
wc2.0_bio_10m_14.tif,false,31.333333333333332
wc2.1_10m_elev.tif,false,423.57575757575756
