Predictor variable,Categorical,Sample average
wc2.0_bio_10m_01.tif,false,19.793431114946674
wc2.0_bio_10m_05.tif,false,32.90116764948918
wc2.0_bio_10m_06.tif,false,6.333576059112182
wc2.0_bio_10m_12.tif,false,770.991452991453
wc2.0_bio_10m_13.tif,false,127.47863247863248
wc2.0_bio_10m_14.tif,false,24.632478632478634
wc2.1_10m_elev.tif,false,281.54700854700855
