Predictor variable,Categorical,Sample average
wc2.0_bio_10m_01.tif,false,11.071752726642757
wc2.0_bio_10m_05.tif,false,27.18105080509407
wc2.0_bio_10m_06.tif,false,-6.448860480154706
wc2.0_bio_10m_12.tif,false,886.9037122969837
wc2.0_bio_10m_13.tif,false,120.89675174013921
wc2.0_bio_10m_14.tif,false,37.009280742459396
wc2.1_10m_elev.tif,false,720.3642691415313
