Predictor variable,Categorical,Sample average
wc2.0_bio_10m_01.tif,false,11.955208851728592
wc2.0_bio_10m_05.tif,false,28.478661595041924
wc2.0_bio_10m_06.tif,false,-6.112940339044245
wc2.0_bio_10m_12.tif,false,937.0651074589127
wc2.0_bio_10m_13.tif,false,118.92730720606826
wc2.0_bio_10m_14.tif,false,43.685208596713025
wc2.1_10m_elev.tif,false,515.2945638432365
