Predictor variable,Categorical,Sample average
wc2.0_bio_10m_01.tif,false,19.840322502260285
wc2.0_bio_10m_05.tif,false,33.376463789280834
wc2.0_bio_10m_06.tif,false,5.698052253271264
wc2.0_bio_10m_12.tif,false,839.4227642276422
wc2.0_bio_10m_13.tif,false,131.08943089430895
wc2.0_bio_10m_14.tif,false,31.86178861788618
wc2.1_10m_elev.tif,false,334.7967479674797
