Predictor variable,Categorical,Sample average
wc2.0_bio_10m_01.tif,false,11.363982531468142
wc2.0_bio_10m_05.tif,false,27.917510894394365
wc2.0_bio_10m_06.tif,false,-6.84590639772151
wc2.0_bio_10m_12.tif,false,999.0023228803717
wc2.0_bio_10m_13.tif,false,119.27642276422765
wc2.0_bio_10m_14.tif,false,52.72241579558653
wc2.1_10m_elev.tif,false,501.7119628339141
