Predictor variable,Categorical,Sample average
wc2.0_bio_10m_01.tif,false,11.720657167694995
wc2.0_bio_10m_05.tif,false,28.270781858481186
wc2.0_bio_10m_06.tif,false,-6.471701284607144
wc2.0_bio_10m_12.tif,false,1003.3386545039908
wc2.0_bio_10m_13.tif,false,118.78449258836945
wc2.0_bio_10m_14.tif,false,54.015963511972636
wc2.1_10m_elev.tif,false,460.45267958950967
