Predictor variable,Categorical,Sample average
wc2.0_bio_10m_01.tif,false,17.276983982425627
wc2.0_bio_10m_05.tif,false,32.65313659684133
wc2.0_bio_10m_06.tif,false,1.1106964588050348
wc2.0_bio_10m_12.tif,false,973.7118644067797
wc2.0_bio_10m_13.tif,false,127.09110169491525
wc2.0_bio_10m_14.tif,false,47.976694915254235
wc2.1_10m_elev.tif,false,452.6419491525424
