Predictor variable,Categorical,Sample average
wc2.0_bio_10m_01.tif,false,19.768527065835347
wc2.0_bio_10m_05.tif,false,33.97040356659308
wc2.0_bio_10m_06.tif,false,4.809369276981892
wc2.0_bio_10m_12.tif,false,838.5
wc2.0_bio_10m_13.tif,false,128.27439024390245
wc2.0_bio_10m_14.tif,false,34.09146341463415
wc2.1_10m_elev.tif,false,432.8353658536585
