Predictor variable,Categorical,Sample average
wc2.0_bio_10m_01.tif,false,11.285800149350294
wc2.0_bio_10m_05.tif,false,27.512369455610003
wc2.0_bio_10m_06.tif,false,-6.378285746785446
wc2.0_bio_10m_12.tif,false,928.82
wc2.0_bio_10m_13.tif,false,117.45857142857143
wc2.0_bio_10m_14.tif,false,45.347142857142856
wc2.1_10m_elev.tif,false,645.1071428571429
