Predictor variable,Categorical,Sample average
wc2.0_bio_10m_01.tif,false,12.487851821874205
wc2.0_bio_10m_05.tif,false,29.115721958939748
wc2.0_bio_10m_06.tif,false,-5.630837898397219
wc2.0_bio_10m_12.tif,false,1025.4516129032259
wc2.0_bio_10m_13.tif,false,120.10752688172043
wc2.0_bio_10m_14.tif,false,56.821983273596175
wc2.1_10m_elev.tif,false,425.5854241338112
