Predictor variable,Categorical,Sample average
wc2.0_bio_10m_01.tif,false,16.368464589118958
wc2.0_bio_10m_05.tif,false,31.713631128461174
wc2.0_bio_10m_06.tif,false,0.3777863516978752
wc2.0_bio_10m_12.tif,false,966.1471910112359
wc2.0_bio_10m_13.tif,false,130.82247191011237
wc2.0_bio_10m_14.tif,false,43.41348314606741
wc2.1_10m_elev.tif,false,435.89662921348315
