Predictor variable,Categorical,Sample average
wc2.0_bio_10m_01.tif,false,17.377601712873613
wc2.0_bio_10m_05.tif,false,32.612729526388236
wc2.0_bio_10m_06.tif,false,1.4107295775665614
wc2.0_bio_10m_12.tif,false,981.0344827586207
wc2.0_bio_10m_13.tif,false,130.5126436781609
wc2.0_bio_10m_14.tif,false,47.55862068965517
wc2.1_10m_elev.tif,false,464.75632183908044
