Predictor variable,Categorical,Sample average
wc2.0_bio_10m_01.tif,false,18.525243759155273
wc2.0_bio_10m_05.tif,false,31.647037433144824
wc2.0_bio_10m_06.tif,false,5.038312035801062
wc2.0_bio_10m_12.tif,false,739.6174863387978
wc2.0_bio_10m_13.tif,false,129.54098360655738
wc2.0_bio_10m_14.tif,false,18.327868852459016
wc2.1_10m_elev.tif,false,378.53551912568304
