Predictor variable,Categorical,Sample average
wc2.0_bio_10m_01.tif,false,19.906488220646697
wc2.0_bio_10m_05.tif,false,34.12589446253747
wc2.0_bio_10m_06.tif,false,4.978035729776764
wc2.0_bio_10m_12.tif,false,845.1698113207547
wc2.0_bio_10m_13.tif,false,127.81132075471699
wc2.0_bio_10m_14.tif,false,34.55345911949686
wc2.1_10m_elev.tif,false,424.42767295597486
