Predictor variable,Categorical,Sample average
wc2.0_bio_10m_01.tif,false,18.402632531252774
wc2.0_bio_10m_05.tif,false,31.670487889376552
wc2.0_bio_10m_06.tif,false,4.825667600536888
wc2.0_bio_10m_12.tif,false,743.3590909090909
wc2.0_bio_10m_13.tif,false,129.2
wc2.0_bio_10m_14.tif,false,18.713636363636365
wc2.1_10m_elev.tif,false,379.5090909090909
