Predictor variable,Categorical,Sample average
wc2.0_bio_10m_01.tif,false,12.194617671221723
wc2.0_bio_10m_05.tif,false,28.4774361857959
wc2.0_bio_10m_06.tif,false,-5.558367895145311
wc2.0_bio_10m_12.tif,false,1010.0298621745789
wc2.0_bio_10m_13.tif,false,124.55130168453293
wc2.0_bio_10m_14.tif,false,50.118683001531394
wc2.1_10m_elev.tif,false,351.281010719755
