Predictor variable,Categorical,Sample average
wc2.0_bio_10m_01.tif,false,10.741034992114324
wc2.0_bio_10m_05.tif,false,27.8284947172859
wc2.0_bio_10m_06.tif,false,-8.329474430494328
wc2.0_bio_10m_12.tif,false,1010.1434463794684
wc2.0_bio_10m_13.tif,false,118.03941338221814
wc2.0_bio_10m_14.tif,false,53.6647571035747
wc2.1_10m_elev.tif,false,337.3251604032997
