Predictor variable,Categorical,Sample average
wc2.0_bio_10m_01.tif,false,15.80881916122003
wc2.0_bio_10m_05.tif,false,29.37442748113112
wc2.0_bio_10m_06.tif,false,1.423456816373139
wc2.0_bio_10m_12.tif,false,941.2443181818181
wc2.0_bio_10m_13.tif,false,137.29545454545453
wc2.0_bio_10m_14.tif,false,36.59090909090909
wc2.1_10m_elev.tif,false,168.11363636363637
