Predictor variable,Categorical,Sample average
wc2.0_bio_10m_01.tif,false,15.417758102479734
wc2.0_bio_10m_05.tif,false,27.957289218902588
wc2.0_bio_10m_06.tif,false,2.2621732928520557
wc2.0_bio_10m_12.tif,false,851.953947368421
wc2.0_bio_10m_13.tif,false,142.89473684210526
wc2.0_bio_10m_14.tif,false,19.875
wc2.1_10m_elev.tif,false,209.84868421052633
