Predictor variable,Categorical,Sample average
wc2.0_bio_10m_01.tif,false,15.659138647436398
wc2.0_bio_10m_05.tif,false,28.240923563639324
wc2.0_bio_10m_06.tif,false,2.504856220103408
wc2.0_bio_10m_12.tif,false,894.8713450292398
wc2.0_bio_10m_13.tif,false,145.05263157894737
wc2.0_bio_10m_14.tif,false,24.116959064327485
wc2.1_10m_elev.tif,false,188.68421052631578
