Predictor variable,Categorical,Sample average
wc2.0_bio_10m_01.tif,false,9.902757293363054
wc2.0_bio_10m_05.tif,false,26.87551474495419
wc2.0_bio_10m_06.tif,false,-9.043316004910654
wc2.0_bio_10m_12.tif,false,954.637321144674
wc2.0_bio_10m_13.tif,false,117.01112877583466
wc2.0_bio_10m_14.tif,false,46.81339427662957
wc2.1_10m_elev.tif,false,466.439586645469
