Predictor variable,Categorical,Sample average
wc2.0_bio_10m_01.tif,false,15.533215220872458
wc2.0_bio_10m_05.tif,false,28.167120462888246
wc2.0_bio_10m_06.tif,false,2.2808262225748464
wc2.0_bio_10m_12.tif,false,869.6688311688312
wc2.0_bio_10m_13.tif,false,142.83116883116884
wc2.0_bio_10m_14.tif,false,22.707792207792206
wc2.1_10m_elev.tif,false,198.64935064935065
