Predictor variable,Categorical,Sample average
wc2.0_bio_10m_01.tif,false,12.551496971881422
wc2.0_bio_10m_05.tif,false,29.103263824532487
wc2.0_bio_10m_06.tif,false,-5.602276140179334
wc2.0_bio_10m_12.tif,false,1055.49524895477
wc2.0_bio_10m_13.tif,false,123.3375142531357
wc2.0_bio_10m_14.tif,false,57.31394906879513
wc2.1_10m_elev.tif,false,269.8852147472444
