Predictor variable,Categorical,Sample average
wc2.0_bio_10m_01.tif,false,15.005556154521557
wc2.0_bio_10m_05.tif,false,29.83972116706675
wc2.0_bio_10m_06.tif,false,-0.5768205473486523
wc2.0_bio_10m_12.tif,false,1099.9005235602094
wc2.0_bio_10m_13.tif,false,145.64397905759162
wc2.0_bio_10m_14.tif,false,50.10122164048865
wc2.1_10m_elev.tif,false,239.66492146596858
