Predictor variable,Categorical,Sample average
wc2.0_bio_10m_01.tif,false,16.694364884565044
wc2.0_bio_10m_05.tif,false,30.983953570210655
wc2.0_bio_10m_06.tif,false,1.7236319771198945
wc2.0_bio_10m_12.tif,false,1043.5406976744187
wc2.0_bio_10m_13.tif,false,141.875
wc2.0_bio_10m_14.tif,false,47.270348837209305
wc2.1_10m_elev.tif,false,191.02616279069767
