Predictor variable,Categorical,Sample average
wc2.0_bio_10m_01.tif,false,9.436788378215173
wc2.0_bio_10m_05.tif,false,26.547827113093863
wc2.0_bio_10m_06.tif,false,-9.792069991320753
wc2.0_bio_10m_12.tif,false,962.2651224795867
wc2.0_bio_10m_13.tif,false,116.48341943009498
wc2.0_bio_10m_14.tif,false,48.17613731044826
wc2.1_10m_elev.tif,false,477.9438426928845
