Predictor variable,Categorical,Sample average
wc2.0_bio_10m_01.tif,false,11.060719864259138
wc2.0_bio_10m_05.tif,false,27.621725385299357
wc2.0_bio_10m_06.tif,false,-7.264314108278702
wc2.0_bio_10m_12.tif,false,966.3306642941874
wc2.0_bio_10m_13.tif,false,119.74021352313167
wc2.0_bio_10m_14.tif,false,46.95373665480427
wc2.1_10m_elev.tif,false,408.22123368920523
