Predictor variable,Categorical,Sample average
wc2.0_bio_10m_01.tif,false,11.11660504492961
wc2.0_bio_10m_05.tif,false,28.046536346565112
wc2.0_bio_10m_06.tif,false,-7.683830212834628
wc2.0_bio_10m_12.tif,false,1023.7046517351711
wc2.0_bio_10m_13.tif,false,119.25153827221266
wc2.0_bio_10m_14.tif,false,54.98252522766429
wc2.1_10m_elev.tif,false,325.3103618016244
