Predictor variable,Categorical,Sample average
wc2.0_bio_10m_01.tif,false,11.647372403751142
wc2.0_bio_10m_05.tif,false,28.39111192022598
wc2.0_bio_10m_06.tif,false,-6.863026248833384
wc2.0_bio_10m_12.tif,false,1038.0490533562822
wc2.0_bio_10m_13.tif,false,121.13568559954102
wc2.0_bio_10m_14.tif,false,56.04102122776822
wc2.1_10m_elev.tif,false,305.9520940906483
