Predictor variable,Categorical,Sample average
wc2.0_bio_10m_01.tif,false,9.965630484198392
wc2.0_bio_10m_05.tif,false,27.14436050173799
wc2.0_bio_10m_06.tif,false,-9.308433680602414
wc2.0_bio_10m_12.tif,false,970.9452662721893
wc2.0_bio_10m_13.tif,false,116.13202662721893
wc2.0_bio_10m_14.tif,false,49.46449704142012
wc2.1_10m_elev.tif,false,426.70377218934914
