Predictor variable,Categorical,Sample average
wc2.0_bio_10m_01.tif,false,15.035130526614964
wc2.0_bio_10m_05.tif,false,29.797631577033858
wc2.0_bio_10m_06.tif,false,-0.4851654543118747
wc2.0_bio_10m_12.tif,false,1103.6110108303249
wc2.0_bio_10m_13.tif,false,146.6245487364621
wc2.0_bio_10m_14.tif,false,49.874548736462096
wc2.1_10m_elev.tif,false,235.68862815884478
