Predictor variable,Categorical,Sample average
wc2.0_bio_10m_01.tif,false,9.955448831154174
wc2.0_bio_10m_05.tif,false,26.814484925581745
wc2.0_bio_10m_06.tif,false,-8.88512498767053
wc2.0_bio_10m_12.tif,false,963.1454119650841
wc2.0_bio_10m_13.tif,false,118.1454119650841
wc2.0_bio_10m_14.tif,false,47.210347030019165
wc2.1_10m_elev.tif,false,445.61273153076434
