Predictor variable,Categorical,Sample average
wc2.0_bio_10m_01.tif,false,15.985585505917946
wc2.0_bio_10m_05.tif,false,29.155822528815417
wc2.0_bio_10m_06.tif,false,2.0424015041996046
wc2.0_bio_10m_12.tif,false,919.1925465838509
wc2.0_bio_10m_13.tif,false,138.48447204968943
wc2.0_bio_10m_14.tif,false,33.53416149068323
wc2.1_10m_elev.tif,false,141.68944099378882
