Predictor variable,Categorical,Sample average
wc2.0_bio_10m_01.tif,false,16.71901888949426
wc2.0_bio_10m_05.tif,false,30.91863533043351
wc2.0_bio_10m_06.tif,false,1.8306224905239241
wc2.0_bio_10m_12.tif,false,1035.51376146789
wc2.0_bio_10m_13.tif,false,142.12232415902142
wc2.0_bio_10m_14.tif,false,46.308868501529055
wc2.1_10m_elev.tif,false,195.44036697247705
