Predictor variable,Categorical,Sample average
wc2.0_bio_10m_01.tif,false,15.234817510459855
wc2.0_bio_10m_05.tif,false,27.700706058078342
wc2.0_bio_10m_06.tif,false,2.237627552898481
wc2.0_bio_10m_12.tif,false,822.0701754385965
wc2.0_bio_10m_13.tif,false,139.5438596491228
wc2.0_bio_10m_14.tif,false,18.064327485380115
wc2.1_10m_elev.tif,false,222.23391812865498
