Predictor variable,Categorical,Sample average
wc2.0_bio_10m_01.tif,false,11.252814205722231
wc2.0_bio_10m_05.tif,false,27.79577547569056
wc2.0_bio_10m_06.tif,false,-7.020148955120232
wc2.0_bio_10m_12.tif,false,976.4298219136734
wc2.0_bio_10m_13.tif,false,120.43374584968306
wc2.0_bio_10m_14.tif,false,47.90642921823121
wc2.1_10m_elev.tif,false,394.4476305463326
