Predictor variable,Categorical,Sample average
wc2.0_bio_10m_01.tif,false,8.935074964702245
wc2.0_bio_10m_05.tif,false,26.057961130461702
wc2.0_bio_10m_06.tif,false,-10.350881146520514
wc2.0_bio_10m_12.tif,false,955.3761864879955
wc2.0_bio_10m_13.tif,false,116.33291457286433
wc2.0_bio_10m_14.tif,false,47.38288665549972
wc2.1_10m_elev.tif,false,514.8725572305974
