Predictor variable,Categorical,Sample average
wc2.0_bio_10m_01.tif,false,15.694358508817611
wc2.0_bio_10m_05.tif,false,28.359399623255577
wc2.0_bio_10m_06.tif,false,2.4599307163828805
wc2.0_bio_10m_12.tif,false,828.1870967741935
wc2.0_bio_10m_13.tif,false,138.5225806451613
wc2.0_bio_10m_14.tif,false,19.974193548387095
wc2.1_10m_elev.tif,false,208.54193548387096
