Predictor variable,Categorical,Sample average
wc2.0_bio_10m_01.tif,false,10.23772118752749
wc2.0_bio_10m_05.tif,false,27.393444528354433
wc2.0_bio_10m_06.tif,false,-8.989002462375462
wc2.0_bio_10m_12.tif,false,982.4366141732283
wc2.0_bio_10m_13.tif,false,116.46437007874016
wc2.0_bio_10m_14.tif,false,50.78877952755906
wc2.1_10m_elev.tif,false,393.63523622047245
