Predictor variable,Categorical,Sample average
wc2.0_bio_10m_01.tif,false,14.959140304621164
wc2.0_bio_10m_05.tif,false,30.57208164223345
wc2.0_bio_10m_06.tif,false,-1.738879294502166
wc2.0_bio_10m_12.tif,false,1081.8365800865802
wc2.0_bio_10m_13.tif,false,132.91774891774892
wc2.0_bio_10m_14.tif,false,56.493506493506494
wc2.1_10m_elev.tif,false,196.43290043290042
