Predictor variable,Categorical,Sample average
wc2.0_bio_10m_01.tif,false,9.359466670679804
wc2.0_bio_10m_05.tif,false,26.35153456735802
wc2.0_bio_10m_06.tif,false,-9.634519832941402
wc2.0_bio_10m_12.tif,false,966.7968894364028
wc2.0_bio_10m_13.tif,false,117.53480135509702
wc2.0_bio_10m_14.tif,false,47.99168463196797
wc2.1_10m_elev.tif,false,523.1073298429319
