Predictor variable,Categorical,Sample average
wc2.0_bio_10m_01.tif,false,10.297978045106245
wc2.0_bio_10m_05.tif,false,27.442065173326718
wc2.0_bio_10m_06.tif,false,-8.919869207056825
wc2.0_bio_10m_12.tif,false,986.751550310062
wc2.0_bio_10m_13.tif,false,116.82896579315863
wc2.0_bio_10m_14.tif,false,51.21124224844969
wc2.1_10m_elev.tif,false,382.24464892978597
