Predictor variable,Categorical,Sample average
wc2.0_bio_10m_01.tif,false,16.155979111349794
wc2.0_bio_10m_05.tif,false,29.09688486855411
wc2.0_bio_10m_06.tif,false,2.6394441958362536
wc2.0_bio_10m_12.tif,false,924.3372781065088
wc2.0_bio_10m_13.tif,false,138.84023668639054
wc2.0_bio_10m_14.tif,false,33.80473372781065
wc2.1_10m_elev.tif,false,149.50295857988166
