Predictor variable,Categorical,Sample average
wc2.0_bio_10m_01.tif,false,15.748573790314378
wc2.0_bio_10m_05.tif,false,29.529783541888868
wc2.0_bio_10m_06.tif,false,1.3586094941337308
wc2.0_bio_10m_12.tif,false,1105.7127496159753
wc2.0_bio_10m_13.tif,false,155.5268817204301
wc2.0_bio_10m_14.tif,false,44.99231950844854
wc2.1_10m_elev.tif,false,185.18279569892474
