Predictor variable,Categorical,Sample average
wc2.0_bio_10m_01.tif,false,15.60347355077195
wc2.0_bio_10m_05.tif,false,28.16110523371226
wc2.0_bio_10m_06.tif,false,2.5603767063932357
wc2.0_bio_10m_12.tif,false,966.2145922746781
wc2.0_bio_10m_13.tif,false,152.4549356223176
wc2.0_bio_10m_14.tif,false,28.536480686695278
wc2.1_10m_elev.tif,false,178.66523605150215
