Predictor variable,Categorical,Sample average
wc2.0_bio_10m_01.tif,false,16.040927837834214
wc2.0_bio_10m_05.tif,false,29.05314721772165
wc2.0_bio_10m_06.tif,false,2.36063826647446
wc2.0_bio_10m_12.tif,false,919.2969696969697
wc2.0_bio_10m_13.tif,false,138.7030303030303
wc2.0_bio_10m_14.tif,false,33.333333333333336
wc2.1_10m_elev.tif,false,143.0121212121212
