Predictor variable,Categorical,Sample average
wc2.0_bio_10m_01.tif,false,16.311343312496774
wc2.0_bio_10m_05.tif,false,31.257964248060013
wc2.0_bio_10m_06.tif,false,0.5784483424602568
wc2.0_bio_10m_12.tif,false,1051.949119373777
wc2.0_bio_10m_13.tif,false,137.47749510763208
wc2.0_bio_10m_14.tif,false,50.75146771037182
wc2.1_10m_elev.tif,false,179.6399217221135
