Predictor variable,Categorical,Sample average
wc2.0_bio_10m_01.tif,false,13.827378638278793
wc2.0_bio_10m_05.tif,false,29.926192664031888
wc2.0_bio_10m_06.tif,false,-3.5690307431728083
wc2.0_bio_10m_12.tif,false,1087.9825762289981
wc2.0_bio_10m_13.tif,false,128.22962041070318
wc2.0_bio_10m_14.tif,false,59.67205973864343
wc2.1_10m_elev.tif,false,215.46484131922838
