Predictor variable,Categorical,Sample average
wc2.0_bio_10m_01.tif,false,15.856355883705785
wc2.0_bio_10m_05.tif,false,28.77235305141395
wc2.0_bio_10m_06.tif,false,2.457011182169417
wc2.0_bio_10m_12.tif,false,1008.112676056338
wc2.0_bio_10m_13.tif,false,155.95070422535213
wc2.0_bio_10m_14.tif,false,32.232394366197184
wc2.1_10m_elev.tif,false,193.88028169014083
