Predictor variable,Categorical,Sample average
wc2.0_bio_10m_01.tif,false,9.715783625288402
wc2.0_bio_10m_05.tif,false,26.685583411685883
wc2.0_bio_10m_06.tif,false,-9.163021806892408
wc2.0_bio_10m_12.tif,false,973.5940860215054
wc2.0_bio_10m_13.tif,false,118.37247983870968
wc2.0_bio_10m_14.tif,false,48.34643817204301
wc2.1_10m_elev.tif,false,504.43665994623655
