Predictor variable,Categorical,Sample average
wc2.0_bio_10m_01.tif,false,15.583612797427417
wc2.0_bio_10m_05.tif,false,29.5662183938961
wc2.0_bio_10m_06.tif,false,0.9676914892297701
wc2.0_bio_10m_12.tif,false,1101.659513590844
wc2.0_bio_10m_13.tif,false,153.20886981402003
wc2.0_bio_10m_14.tif,false,45.77396280400572
wc2.1_10m_elev.tif,false,192.82403433476395
