Predictor variable,Categorical,Sample average
wc2.0_bio_10m_01.tif,false,9.481451749264085
wc2.0_bio_10m_05.tif,false,26.619079508570188
wc2.0_bio_10m_06.tif,false,-9.778317676882141
wc2.0_bio_10m_12.tif,false,959.4154548528915
wc2.0_bio_10m_13.tif,false,115.87419682110247
wc2.0_bio_10m_14.tif,false,48.29100439634765
wc2.1_10m_elev.tif,false,475.73774095366923
