Predictor variable,Categorical,Sample average
wc2.0_bio_10m_01.tif,false,13.508505594333618
wc2.0_bio_10m_05.tif,false,29.4546461294337
wc2.0_bio_10m_06.tif,false,-3.637245027603434
wc2.0_bio_10m_12.tif,false,1048.885162601626
wc2.0_bio_10m_13.tif,false,129.885162601626
wc2.0_bio_10m_14.tif,false,52.31808943089431
wc2.1_10m_elev.tif,false,279.1006097560976
