Predictor variable,Categorical,Sample average
wc2.0_bio_10m_01.tif,false,13.880089852725042
wc2.0_bio_10m_05.tif,false,29.644338353866953
wc2.0_bio_10m_06.tif,false,-2.9739349349270965
wc2.0_bio_10m_12.tif,false,1060.2494394618834
wc2.0_bio_10m_13.tif,false,132.92152466367713
wc2.0_bio_10m_14.tif,false,52.01065022421525
wc2.1_10m_elev.tif,false,266.7763452914798
