Predictor variable,Categorical,Sample average
wc2.0_bio_10m_01.tif,false,15.725031509853544
wc2.0_bio_10m_05.tif,false,28.178582046145486
wc2.0_bio_10m_06.tif,false,2.8170801541989756
wc2.0_bio_10m_12.tif,false,945.8333333333334
wc2.0_bio_10m_13.tif,false,151.5952380952381
wc2.0_bio_10m_14.tif,false,26.238095238095237
wc2.1_10m_elev.tif,false,184.24285714285713
