Predictor variable,Categorical,Sample average
wc2.0_bio_10m_01.tif,false,13.715367285270966
wc2.0_bio_10m_05.tif,false,29.580741873493903
wc2.0_bio_10m_06.tif,false,-3.2736671052782436
wc2.0_bio_10m_12.tif,false,1054.2303921568628
wc2.0_bio_10m_13.tif,false,131.39705882352942
wc2.0_bio_10m_14.tif,false,52.197712418300654
wc2.1_10m_elev.tif,false,277.57461873638346
