Predictor variable,Categorical,Sample average
wc2.0_bio_10m_01.tif,false,14.203201087261629
wc2.0_bio_10m_05.tif,false,30.21066916143528
wc2.0_bio_10m_06.tif,false,-3.0327733998100554
wc2.0_bio_10m_12.tif,false,1095.9201365187714
wc2.0_bio_10m_13.tif,false,130.0150170648464
wc2.0_bio_10m_14.tif,false,59.792491467576795
wc2.1_10m_elev.tif,false,205.16450511945393
