Predictor variable,Categorical,Sample average
wc2.0_bio_10m_01.tif,false,9.780125180162692
wc2.0_bio_10m_05.tif,false,26.752865815963965
wc2.0_bio_10m_06.tif,false,-9.100733448646817
wc2.0_bio_10m_12.tif,false,975.151832460733
wc2.0_bio_10m_13.tif,false,118.70917074818443
wc2.0_bio_10m_14.tif,false,48.37274109103192
wc2.1_10m_elev.tif,false,497.7154196926195
