Predictor variable,Categorical,Sample average
wc2.0_bio_10m_01.tif,false,13.117248508768625
wc2.0_bio_10m_05.tif,false,29.491626737642033
wc2.0_bio_10m_06.tif,false,-4.723676110481556
wc2.0_bio_10m_12.tif,false,1063.4475865431498
wc2.0_bio_10m_13.tif,false,125.04241833252073
wc2.0_bio_10m_14.tif,false,57.70307167235495
wc2.1_10m_elev.tif,false,250.23013164310092
