Predictor variable,Categorical,Sample average
wc2.0_bio_10m_01.tif,false,15.75483236994062
wc2.0_bio_10m_05.tif,false,29.27740722989279
wc2.0_bio_10m_06.tif,false,1.6444507008381484
wc2.0_bio_10m_12.tif,false,1085.9305555555557
wc2.0_bio_10m_13.tif,false,156.68849206349208
wc2.0_bio_10m_14.tif,false,41.86904761904762
wc2.1_10m_elev.tif,false,192.09722222222223
