Predictor variable,Categorical,Sample average
wc2.0_bio_10m_01.tif,false,9.107940859676162
wc2.0_bio_10m_05.tif,false,26.198229066383128
wc2.0_bio_10m_06.tif,false,-10.08738164293088
wc2.0_bio_10m_12.tif,false,958.628821631587
wc2.0_bio_10m_13.tif,false,116.78614226455677
wc2.0_bio_10m_14.tif,false,47.56798279305577
wc2.1_10m_elev.tif,false,514.7695498540483
