Predictor variable,Categorical,Sample average
wc2.0_bio_10m_01.tif,false,15.47759660675719
wc2.0_bio_10m_05.tif,false,27.974028870866107
wc2.0_bio_10m_06.tif,false,2.4021129090515143
wc2.0_bio_10m_12.tif,false,848.9391891891892
wc2.0_bio_10m_13.tif,false,143.06756756756758
wc2.0_bio_10m_14.tif,false,19.54054054054054
wc2.1_10m_elev.tif,false,200.17567567567568
