Predictor variable,Categorical,Sample average
wc2.0_bio_10m_01.tif,false,15.792924638227984
wc2.0_bio_10m_05.tif,false,29.645741289312188
wc2.0_bio_10m_06.tif,false,1.1180342629805884
wc2.0_bio_10m_12.tif,false,981.2454545454545
wc2.0_bio_10m_13.tif,false,138.9909090909091
wc2.0_bio_10m_14.tif,false,40.85909090909091
wc2.1_10m_elev.tif,false,179.92727272727274
