Predictor variable,Categorical,Sample average
wc2.0_bio_10m_01.tif,false,15.425501729166784
wc2.0_bio_10m_05.tif,false,27.891491734704307
wc2.0_bio_10m_06.tif,false,2.4666220118010114
wc2.0_bio_10m_12.tif,false,820.9302325581396
wc2.0_bio_10m_13.tif,false,139.03488372093022
wc2.0_bio_10m_14.tif,false,18.627906976744185
wc2.1_10m_elev.tif,false,216.02325581395348
