Predictor variable,Categorical,Sample average
wc2.0_bio_10m_01.tif,false,15.811994934574885
wc2.0_bio_10m_05.tif,false,29.11498328019174
wc2.0_bio_10m_06.tif,false,1.9696603766004783
wc2.0_bio_10m_12.tif,false,1066.1602067183462
wc2.0_bio_10m_13.tif,false,157.5297157622739
wc2.0_bio_10m_14.tif,false,38.7312661498708
wc2.1_10m_elev.tif,false,181.33074935400518
