Predictor variable,Categorical,Sample average
wc2.0_bio_10m_01.tif,false,15.197393615071366
wc2.0_bio_10m_05.tif,false,27.550060144284878
wc2.0_bio_10m_06.tif,false,2.2909178269868034
wc2.0_bio_10m_12.tif,false,812.4573170731708
wc2.0_bio_10m_13.tif,false,139.59146341463415
wc2.0_bio_10m_14.tif,false,17.04268292682927
wc2.1_10m_elev.tif,false,215.90853658536585
