Predictor variable,Categorical,Sample average
wc2.0_bio_10m_01.tif,false,15.288646226856013
wc2.0_bio_10m_05.tif,false,29.801060122594514
wc2.0_bio_10m_06.tif,false,0.07672871143770495
wc2.0_bio_10m_12.tif,false,1112.1433224755701
wc2.0_bio_10m_13.tif,false,149.3615635179153
wc2.0_bio_10m_14.tif,false,49.31053203040174
wc2.1_10m_elev.tif,false,215.82519001085777
