Predictor variable,Categorical,Sample average
wc2.0_bio_10m_01.tif,false,15.453849487994091
wc2.0_bio_10m_05.tif,false,27.973134063812623
wc2.0_bio_10m_06.tif,false,2.3666660612651023
wc2.0_bio_10m_12.tif,false,814.4156626506024
wc2.0_bio_10m_13.tif,false,136.96385542168676
wc2.0_bio_10m_14.tif,false,18.957831325301203
wc2.1_10m_elev.tif,false,200.4156626506024
