Predictor variable,Categorical,Sample average
wc2.0_bio_10m_01.tif,false,15.644791021259552
wc2.0_bio_10m_05.tif,false,28.13060095550817
wc2.0_bio_10m_06.tif,false,2.707885830398273
wc2.0_bio_10m_12.tif,false,943.7018348623853
wc2.0_bio_10m_13.tif,false,149.94954128440367
wc2.0_bio_10m_14.tif,false,27.091743119266056
wc2.1_10m_elev.tif,false,182.651376146789
