Predictor variable,Categorical,Sample average
wc2.0_bio_10m_01.tif,false,15.427168017858035
wc2.0_bio_10m_05.tif,false,27.905686366093622
wc2.0_bio_10m_06.tif,false,2.444447949129556
wc2.0_bio_10m_12.tif,false,825.2857142857143
wc2.0_bio_10m_13.tif,false,140.83766233766235
wc2.0_bio_10m_14.tif,false,18.051948051948052
wc2.1_10m_elev.tif,false,208.92207792207793
