Predictor variable,Categorical,Sample average
wc2.0_bio_10m_01.tif,false,15.50012972270913
wc2.0_bio_10m_05.tif,false,30.742279791722435
wc2.0_bio_10m_06.tif,false,-0.6848899395821494
wc2.0_bio_10m_12.tif,false,1068.0597243491577
wc2.0_bio_10m_13.tif,false,135.0581929555896
wc2.0_bio_10m_14.tif,false,53.61408882082695
wc2.1_10m_elev.tif,false,182.99540581929557
