Predictor variable,Categorical,Sample average
wc2.0_bio_10m_01.tif,false,9.80332939935995
wc2.0_bio_10m_05.tif,false,26.77519876788361
wc2.0_bio_10m_06.tif,false,-9.085097318464815
wc2.0_bio_10m_12.tif,false,966.4646464646464
wc2.0_bio_10m_13.tif,false,118.05952380952381
wc2.0_bio_10m_14.tif,false,47.88924963924964
wc2.1_10m_elev.tif,false,480.97907647907647
