Predictor variable,Categorical,Sample average
wc2.0_bio_10m_01.tif,false,9.583101403575807
wc2.0_bio_10m_05.tif,false,26.55080685227281
wc2.0_bio_10m_06.tif,false,-9.345599484565286
wc2.0_bio_10m_12.tif,false,968.456362749878
wc2.0_bio_10m_13.tif,false,117.81098651064521
wc2.0_bio_10m_14.tif,false,48.07118478790834
wc2.1_10m_elev.tif,false,510.38875345359986
