Predictor variable,Categorical,Sample average
wc2.0_bio_10m_01.tif,false,12.034845982831854
wc2.0_bio_10m_05.tif,false,28.700758959214713
wc2.0_bio_10m_06.tif,false,-6.336465935472939
wc2.0_bio_10m_12.tif,false,1046.4761597938145
wc2.0_bio_10m_13.tif,false,122.10567010309278
wc2.0_bio_10m_14.tif,false,56.54735824742268
wc2.1_10m_elev.tif,false,291.5715206185567
