Predictor variable,Categorical,Sample average
wc2.0_bio_10m_01.tif,false,10.959356745814162
wc2.0_bio_10m_05.tif,false,27.968436906152952
wc2.0_bio_10m_06.tif,false,-7.971318568498018
wc2.0_bio_10m_12.tif,false,1015.5723062381852
wc2.0_bio_10m_13.tif,false,118.56899810964083
wc2.0_bio_10m_14.tif,false,54.19966918714556
wc2.1_10m_elev.tif,false,333.67627599243855
