Predictor variable,Categorical,Sample average
wc2.0_bio_10m_01.tif,false,14.428103706719202
wc2.0_bio_10m_05.tif,false,29.844489655980244
wc2.0_bio_10m_06.tif,false,-1.9240120327891173
wc2.0_bio_10m_12.tif,false,1071.3746736292428
wc2.0_bio_10m_13.tif,false,137.08093994778068
wc2.0_bio_10m_14.tif,false,51.45953002610966
wc2.1_10m_elev.tif,false,259.13120104438644
