Predictor variable,Categorical,Sample average
wc2.0_bio_10m_01.tif,false,10.323998206289769
wc2.0_bio_10m_05.tif,false,27.47086366315117
wc2.0_bio_10m_06.tif,false,-8.896803984442178
wc2.0_bio_10m_12.tif,false,988.9711147274206
wc2.0_bio_10m_13.tif,false,116.99186330349877
wc2.0_bio_10m_14.tif,false,51.371033360455655
wc2.1_10m_elev.tif,false,378.30899104963385
