Predictor variable,Categorical,Sample average
wc2.0_bio_10m_01.tif,false,9.939244614069942
wc2.0_bio_10m_05.tif,false,26.752433891079644
wc2.0_bio_10m_06.tif,false,-8.882574869177489
wc2.0_bio_10m_12.tif,false,962.4193181818182
wc2.0_bio_10m_13.tif,false,118.11795454545455
wc2.0_bio_10m_14.tif,false,47.199090909090906
wc2.1_10m_elev.tif,false,432.3329545454545
