Predictor variable,Categorical,Sample average
wc2.0_bio_10m_01.tif,false,14.486286637541069
wc2.0_bio_10m_05.tif,false,30.351768390106272
wc2.0_bio_10m_06.tif,false,-2.5780035483557806
wc2.0_bio_10m_12.tif,false,1090.036191974823
wc2.0_bio_10m_13.tif,false,131.41227380015735
wc2.0_bio_10m_14.tif,false,58.166797797010226
wc2.1_10m_elev.tif,false,195.65932336742722
