Predictor variable,Categorical,Sample average
wc2.0_bio_10m_01.tif,false,10.662744394078683
wc2.0_bio_10m_05.tif,false,27.765320570442114
wc2.0_bio_10m_06.tif,false,-8.443594417372974
wc2.0_bio_10m_12.tif,false,1006.4289887640449
wc2.0_bio_10m_13.tif,false,117.71146067415731
wc2.0_bio_10m_14.tif,false,53.36067415730337
wc2.1_10m_elev.tif,false,342.64112359550563
