Predictor variable,Categorical,Sample average
wc2.0_bio_10m_01.tif,false,9.814629231743279
wc2.0_bio_10m_05.tif,false,26.772471129314344
wc2.0_bio_10m_06.tif,false,-9.045040470719506
wc2.0_bio_10m_12.tif,false,969.1333805059261
wc2.0_bio_10m_13.tif,false,118.59136741553158
wc2.0_bio_10m_14.tif,false,47.779409163276135
wc2.1_10m_elev.tif,false,490.78259331328496
