Predictor variable,Categorical,Sample average
wc2.0_bio_10m_01.tif,false,15.503028151823237
wc2.0_bio_10m_05.tif,false,28.1214780960491
wc2.0_bio_10m_06.tif,false,2.3344749583100732
wc2.0_bio_10m_12.tif,false,905.8502673796792
wc2.0_bio_10m_13.tif,false,146.7379679144385
wc2.0_bio_10m_14.tif,false,24.32085561497326
wc2.1_10m_elev.tif,false,196.33689839572193
