Predictor variable,Categorical,Sample average
wc2.0_bio_10m_01.tif,false,15.765878821811537
wc2.0_bio_10m_05.tif,false,28.561707322614907
wc2.0_bio_10m_06.tif,false,2.494788542763758
wc2.0_bio_10m_12.tif,false,1011.6678832116788
wc2.0_bio_10m_13.tif,false,157.7080291970803
wc2.0_bio_10m_14.tif,false,31.054744525547445
wc2.1_10m_elev.tif,false,190.92335766423358
