Predictor variable,Categorical,Sample average
wc2.0_bio_10m_01.tif,false,10.355561752293541
wc2.0_bio_10m_05.tif,false,27.501255079319602
wc2.0_bio_10m_06.tif,false,-8.861192541009858
wc2.0_bio_10m_12.tif,false,991.2888569078947
wc2.0_bio_10m_13.tif,false,117.04913651315789
wc2.0_bio_10m_14.tif,false,51.65501644736842
wc2.1_10m_elev.tif,false,373.6587171052632
