Predictor variable,Categorical,Sample average
wc2.0_bio_10m_01.tif,false,11.757379047467552
wc2.0_bio_10m_05.tif,false,28.471187279171165
wc2.0_bio_10m_06.tif,false,-6.700448786704049
wc2.0_bio_10m_12.tif,false,1037.9647473560517
wc2.0_bio_10m_13.tif,false,121.31668625146887
wc2.0_bio_10m_14.tif,false,55.93331374853114
wc2.1_10m_elev.tif,false,305.95916568742655
