Predictor variable,Categorical,Sample average
wc2.0_bio_10m_01.tif,false,8.982947717500336
wc2.0_bio_10m_05.tif,false,26.08618513270485
wc2.0_bio_10m_06.tif,false,-10.243057771629443
wc2.0_bio_10m_12.tif,false,956.0239032211048
wc2.0_bio_10m_13.tif,false,116.63358111062527
wc2.0_bio_10m_14.tif,false,47.21789826555896
wc2.1_10m_elev.tif,false,520.8267016469903
