Predictor variable,Categorical,Sample average
wc2.0_bio_10m_01.tif,false,9.762562063631853
wc2.0_bio_10m_05.tif,false,26.743295952898684
wc2.0_bio_10m_06.tif,false,-9.163028538843754
wc2.0_bio_10m_12.tif,false,965.7061482820976
wc2.0_bio_10m_13.tif,false,118.16871609403255
wc2.0_bio_10m_14.tif,false,47.67613019891501
wc2.1_10m_elev.tif,false,479.8222423146474
