Predictor variable,Categorical,Sample average
wc2.0_bio_10m_01.tif,false,15.844759150691655
wc2.0_bio_10m_05.tif,false,29.07159447669983
wc2.0_bio_10m_06.tif,false,2.09431869578649
wc2.0_bio_10m_12.tif,false,1064.4891304347825
wc2.0_bio_10m_13.tif,false,158.68478260869566
wc2.0_bio_10m_14.tif,false,37.67934782608695
wc2.1_10m_elev.tif,false,187.0461956521739
