Predictor variable,Categorical,Sample average
wc2.0_bio_10m_01.tif,false,9.921324394937637
wc2.0_bio_10m_05.tif,false,27.087768632874578
wc2.0_bio_10m_06.tif,false,-9.337362527322952
wc2.0_bio_10m_12.tif,false,970.5126340665333
wc2.0_bio_10m_13.tif,false,116.35120887111434
wc2.0_bio_10m_14.tif,false,49.2723141247046
wc2.1_10m_elev.tif,false,437.06980548991095
