Predictor variable,Categorical,Sample average
wc2.0_bio_10m_01.tif,false,9.832161690368658
wc2.0_bio_10m_05.tif,false,26.83344574783248
wc2.0_bio_10m_06.tif,false,-9.155543693856725
wc2.0_bio_10m_12.tif,false,952.9574095682614
wc2.0_bio_10m_13.tif,false,116.5630105017503
wc2.0_bio_10m_14.tif,false,46.95118630882925
wc2.1_10m_elev.tif,false,466.892065344224
