Predictor variable,Categorical,Sample average
wc2.0_bio_10m_01.tif,false,9.031145074275534
wc2.0_bio_10m_05.tif,false,26.12659397205301
wc2.0_bio_10m_06.tif,false,-10.181190611300927
wc2.0_bio_10m_12.tif,false,956.7196822065657
wc2.0_bio_10m_13.tif,false,116.76555239094589
wc2.0_bio_10m_14.tif,false,47.27567081397092
wc2.1_10m_elev.tif,false,518.2749213011542
