Predictor variable,Categorical,Sample average
wc2.0_bio_10m_01.tif,false,12.136437083018569
wc2.0_bio_10m_05.tif,false,28.783719103455706
wc2.0_bio_10m_06.tif,false,-6.199482552407783
wc2.0_bio_10m_12.tif,false,1050.4177943166442
wc2.0_bio_10m_13.tif,false,122.3115696887686
wc2.0_bio_10m_14.tif,false,56.95703653585927
wc2.1_10m_elev.tif,false,278.6884303112314
