Predictor variable,Categorical,Sample average
wc2.0_bio_10m_01.tif,false,9.334057478148285
wc2.0_bio_10m_05.tif,false,26.324908345879372
wc2.0_bio_10m_06.tif,false,-9.677331547785293
wc2.0_bio_10m_12.tif,false,965.7841542400964
wc2.0_bio_10m_13.tif,false,117.63021539388463
wc2.0_bio_10m_14.tif,false,47.82753426720892
wc2.1_10m_elev.tif,false,520.9772556107847
