Predictor variable,Categorical,Sample average
wc2.0_bio_10m_01.tif,false,10.551740896772042
wc2.0_bio_10m_05.tif,false,27.66842234875993
wc2.0_bio_10m_06.tif,false,-8.59606740214746
wc2.0_bio_10m_12.tif,false,1005.6833951560113
wc2.0_bio_10m_13.tif,false,117.80733144228671
wc2.0_bio_10m_14.tif,false,53.13593715906612
wc2.1_10m_elev.tif,false,347.8260964433777
