Predictor variable,Categorical,Sample average
wc2.0_bio_10m_01.tif,false,9.9420400094127
wc2.0_bio_10m_05.tif,false,26.88907443318068
wc2.0_bio_10m_06.tif,false,-8.973286842987385
wc2.0_bio_10m_12.tif,false,955.6464542651593
wc2.0_bio_10m_13.tif,false,117.00390544707092
wc2.0_bio_10m_14.tif,false,47.003699897225076
wc2.1_10m_elev.tif,false,460.1989722507708
