Predictor variable,Categorical,Sample average
wc2.0_bio_10m_01.tif,false,9.479564061386576
wc2.0_bio_10m_05.tif,false,26.595683807610065
wc2.0_bio_10m_06.tif,false,-9.755128681256778
wc2.0_bio_10m_12.tif,false,960.6488664987405
wc2.0_bio_10m_13.tif,false,116.16104114189757
wc2.0_bio_10m_14.tif,false,48.19177162048699
wc2.1_10m_elev.tif,false,475.7665827036104
