Predictor variable,Categorical,Sample average
wc2.0_bio_10m_01.tif,false,9.621068747175922
wc2.0_bio_10m_05.tif,false,26.762564109697752
wc2.0_bio_10m_06.tif,false,-9.636069592342107
wc2.0_bio_10m_12.tif,false,962.8462205270457
wc2.0_bio_10m_13.tif,false,115.87534674063801
wc2.0_bio_10m_14.tif,false,48.65464632454924
wc2.1_10m_elev.tif,false,461.9691400832178
