Predictor variable,Categorical,Sample average
wc2.0_bio_10m_01.tif,false,11.822928157278213
wc2.0_bio_10m_05.tif,false,28.519815157120487
wc2.0_bio_10m_06.tif,false,-6.602087658766497
wc2.0_bio_10m_12.tif,false,1037.9840361445783
wc2.0_bio_10m_13.tif,false,121.37560240963856
wc2.0_bio_10m_14.tif,false,55.87530120481928
wc2.1_10m_elev.tif,false,306.608734939759
