Predictor variable,Categorical,Sample average
wc2.0_bio_10m_01.tif,false,15.871184796151232
wc2.0_bio_10m_05.tif,false,29.50108598085342
wc2.0_bio_10m_06.tif,false,1.6383261610428135
wc2.0_bio_10m_12.tif,false,1093.6729678638942
wc2.0_bio_10m_13.tif,false,156.29489603024575
wc2.0_bio_10m_14.tif,false,43.092627599243855
wc2.1_10m_elev.tif,false,185.07372400756142
