Predictor variable,Categorical,Sample average
wc2.0_bio_10m_01.tif,false,9.67943115931385
wc2.0_bio_10m_05.tif,false,26.644592407077948
wc2.0_bio_10m_06.tif,false,-9.214220477389592
wc2.0_bio_10m_12.tif,false,969.4681617285971
wc2.0_bio_10m_13.tif,false,117.96464233098706
wc2.0_bio_10m_14.tif,false,48.054673432640364
wc2.1_10m_elev.tif,false,510.0281551808807
