Predictor variable,Categorical,Sample average
wc2.0_bio_10m_01.tif,false,9.02978904404781
wc2.0_bio_10m_05.tif,false,26.122729802408305
wc2.0_bio_10m_06.tif,false,-10.175517121837812
wc2.0_bio_10m_12.tif,false,955.7520083308539
wc2.0_bio_10m_13.tif,false,116.60458196965189
wc2.0_bio_10m_14.tif,false,47.239809580481996
wc2.1_10m_elev.tif,false,521.1271942874145
