Predictor variable,Categorical,Sample average
wc2.0_bio_10m_01.tif,false,12.96541868250661
wc2.0_bio_10m_05.tif,false,29.069169787544155
wc2.0_bio_10m_06.tif,false,-4.455858513800078
wc2.0_bio_10m_12.tif,false,1038.0077413479053
wc2.0_bio_10m_13.tif,false,127.88023679417122
wc2.0_bio_10m_14.tif,false,51.923497267759565
wc2.1_10m_elev.tif,false,305.40619307832424
