Predictor variable,Categorical,Sample average
wc2.0_bio_10m_01.tif,false,15.480064650944302
wc2.0_bio_10m_05.tif,false,27.946260463169644
wc2.0_bio_10m_06.tif,false,2.459968067684344
wc2.0_bio_10m_12.tif,false,812.3314285714285
wc2.0_bio_10m_13.tif,false,138.00571428571428
wc2.0_bio_10m_14.tif,false,18.14857142857143
wc2.1_10m_elev.tif,false,199.88571428571427
