Predictor variable,Categorical,Sample average
wc2.0_bio_10m_01.tif,false,10.01989220397868
wc2.0_bio_10m_05.tif,false,26.758041804242936
wc2.0_bio_10m_06.tif,false,-8.704131218431884
wc2.0_bio_10m_12.tif,false,956.1574284991142
wc2.0_bio_10m_13.tif,false,118.08301695773223
wc2.0_bio_10m_14.tif,false,46.478106808402934
wc2.1_10m_elev.tif,false,433.00784611490764
