Predictor variable,Categorical,Sample average
wc2.0_bio_10m_01.tif,false,16.00584515969315
wc2.0_bio_10m_05.tif,false,29.934457462464746
wc2.0_bio_10m_06.tif,false,1.2740419023490674
wc2.0_bio_10m_12.tif,false,973.6502242152467
wc2.0_bio_10m_13.tif,false,138.85650224215246
wc2.0_bio_10m_14.tif,false,40.17040358744394
wc2.1_10m_elev.tif,false,193.8251121076233
