Predictor variable,Categorical,Sample average
wc2.0_bio_10m_01.tif,false,9.793856961627078
wc2.0_bio_10m_05.tif,false,26.805762191009375
wc2.0_bio_10m_06.tif,false,-9.199466542190123
wc2.0_bio_10m_12.tif,false,954.497227003251
wc2.0_bio_10m_13.tif,false,116.64773379231211
wc2.0_bio_10m_14.tif,false,47.0782176324345
wc2.1_10m_elev.tif,false,470.75215146299485
