Predictor variable,Categorical,Sample average
wc2.0_bio_10m_01.tif,false,15.122962443054025
wc2.0_bio_10m_05.tif,false,30.62304171208803
wc2.0_bio_10m_06.tif,false,-1.4347250433696839
wc2.0_bio_10m_12.tif,false,1075.3413705583757
wc2.0_bio_10m_13.tif,false,133.69035532994923
wc2.0_bio_10m_14.tif,false,55.29441624365482
wc2.1_10m_elev.tif,false,194.60406091370558
