Predictor variable,Categorical,Sample average
wc2.0_bio_10m_01.tif,false,9.591974684028871
wc2.0_bio_10m_05.tif,false,26.734294072307918
wc2.0_bio_10m_06.tif,false,-9.664767615942528
wc2.0_bio_10m_12.tif,false,961.3589215181178
wc2.0_bio_10m_13.tif,false,115.79237506439979
wc2.0_bio_10m_14.tif,false,48.553494762150095
wc2.1_10m_elev.tif,false,467.498368538554
