Predictor variable,Categorical,Sample average
wc2.0_bio_10m_01.tif,false,15.472736869762146
wc2.0_bio_10m_05.tif,false,28.267238006093145
wc2.0_bio_10m_06.tif,false,2.049357828580671
wc2.0_bio_10m_12.tif,false,823.7777777777778
wc2.0_bio_10m_13.tif,false,134.52941176470588
wc2.0_bio_10m_14.tif,false,21.81045751633987
wc2.1_10m_elev.tif,false,212.9738562091503
