Predictor variable,Categorical,Sample average
wc2.0_bio_10m_01.tif,false,15.549855984351485
wc2.0_bio_10m_05.tif,false,28.035694822597044
wc2.0_bio_10m_06.tif,false,2.5619066434188023
wc2.0_bio_10m_12.tif,false,928.8695652173913
wc2.0_bio_10m_13.tif,false,149.71980676328502
wc2.0_bio_10m_14.tif,false,25.357487922705314
wc2.1_10m_elev.tif,false,187.06763285024155
