Predictor variable,Categorical,Sample average
wc2.0_bio_10m_01.tif,false,11.530028478150118
wc2.0_bio_10m_05.tif,false,28.319344583955058
wc2.0_bio_10m_06.tif,false,-7.048481152692367
wc2.0_bio_10m_12.tif,false,1033.7390826695962
wc2.0_bio_10m_13.tif,false,120.73358967316672
wc2.0_bio_10m_14.tif,false,55.62015929689646
wc2.1_10m_elev.tif,false,310.4045591870365
