Predictor variable,Categorical,Sample average
wc2.0_bio_10m_01.tif,false,16.10445716582149
wc2.0_bio_10m_05.tif,false,28.859317756560912
wc2.0_bio_10m_06.tif,false,2.836567126169621
wc2.0_bio_10m_12.tif,false,895.2048192771084
wc2.0_bio_10m_13.tif,false,137.63253012048193
wc2.0_bio_10m_14.tif,false,30.933734939759034
wc2.1_10m_elev.tif,false,154.1144578313253
