Predictor variable,Categorical,Sample average
wc2.0_bio_10m_01.tif,false,16.609994539280528
wc2.0_bio_10m_05.tif,false,31.114920247461377
wc2.0_bio_10m_06.tif,false,1.4090177914859323
wc2.0_bio_10m_12.tif,false,1043.1726804123712
wc2.0_bio_10m_13.tif,false,141.0721649484536
wc2.0_bio_10m_14.tif,false,47.47422680412371
wc2.1_10m_elev.tif,false,189.4020618556701
