Predictor variable,Categorical,Sample average
wc2.0_bio_10m_01.tif,false,13.130167716199447
wc2.0_bio_10m_05.tif,false,29.189402105221763
wc2.0_bio_10m_06.tif,false,-4.208908966853758
wc2.0_bio_10m_12.tif,false,1040.3001885014137
wc2.0_bio_10m_13.tif,false,128.51932139491046
wc2.0_bio_10m_14.tif,false,51.87747408105561
wc2.1_10m_elev.tif,false,299.9698397737983
