Predictor variable,Categorical,Sample average
wc2.0_bio_10m_01.tif,false,15.69959538894174
wc2.0_bio_10m_05.tif,false,29.335102051340474
wc2.0_bio_10m_06.tif,false,1.2394260402417776
wc2.0_bio_10m_12.tif,false,940.062827225131
wc2.0_bio_10m_13.tif,false,137.35078534031413
wc2.0_bio_10m_14.tif,false,36.3717277486911
wc2.1_10m_elev.tif,false,176.58638743455498
