Predictor variable,Categorical,Sample average
wc2.0_bio_10m_01.tif,false,10.271970737068932
wc2.0_bio_10m_05.tif,false,27.006085540664998
wc2.0_bio_10m_06.tif,false,-8.40499996354693
wc2.0_bio_10m_12.tif,false,943.2468527640941
wc2.0_bio_10m_13.tif,false,117.10098522167488
wc2.0_bio_10m_14.tif,false,45.47290640394089
wc2.1_10m_elev.tif,false,437.0530925013684
