Predictor variable,Categorical,Sample average
wc2.0_bio_10m_01.tif,false,15.274712783949715
wc2.0_bio_10m_05.tif,false,27.722325506664458
wc2.0_bio_10m_06.tif,false,2.30396685813598
wc2.0_bio_10m_12.tif,false,809.0892857142857
wc2.0_bio_10m_13.tif,false,138.29166666666666
wc2.0_bio_10m_14.tif,false,17.351190476190474
wc2.1_10m_elev.tif,false,224.4702380952381
