Predictor variable,Categorical,Sample average
wc2.0_bio_10m_01.tif,false,9.420998677279375
wc2.0_bio_10m_05.tif,false,26.387599557582323
wc2.0_bio_10m_06.tif,false,-9.533790158054748
wc2.0_bio_10m_12.tif,false,968.85493441599
wc2.0_bio_10m_13.tif,false,117.91442848219863
wc2.0_bio_10m_14.tif,false,48.01577139287945
wc2.1_10m_elev.tif,false,521.0479387882573
