Predictor variable,Categorical,Sample average
wc2.0_bio_10m_01.tif,false,9.917653271002486
wc2.0_bio_10m_05.tif,false,26.855867162232077
wc2.0_bio_10m_06.tif,false,-8.981490513453984
wc2.0_bio_10m_12.tif,false,954.7875962707742
wc2.0_bio_10m_13.tif,false,117.21220105391163
wc2.0_bio_10m_14.tif,false,46.753344142683424
wc2.1_10m_elev.tif,false,468.0569517632752
