Predictor variable,Categorical,Sample average
wc2.0_bio_10m_01.tif,false,9.877884558314884
wc2.0_bio_10m_05.tif,false,27.028744121030545
wc2.0_bio_10m_06.tif,false,-9.350563321831997
wc2.0_bio_10m_12.tif,false,969.2725960671116
wc2.0_bio_10m_13.tif,false,116.18419628360094
wc2.0_bio_10m_14.tif,false,49.30777557279452
wc2.1_10m_elev.tif,false,445.7037705213783
