Predictor variable,Categorical,Sample average
wc2.0_bio_10m_01.tif,false,9.970761028429692
wc2.0_bio_10m_05.tif,false,26.802043023439918
wc2.0_bio_10m_06.tif,false,-8.839073260169414
wc2.0_bio_10m_12.tif,false,963.3531353135313
wc2.0_bio_10m_13.tif,false,117.96237623762376
wc2.0_bio_10m_14.tif,false,47.35533553355336
wc2.1_10m_elev.tif,false,439.209900990099
