Predictor variable,Categorical,Sample average
wc2.0_bio_10m_01.tif,false,10.093098107200413
wc2.0_bio_10m_05.tif,false,27.261527917347316
wc2.0_bio_10m_06.tif,false,-9.157869299135857
wc2.0_bio_10m_12.tif,false,977.198586977277
wc2.0_bio_10m_13.tif,false,116.39545541340462
wc2.0_bio_10m_14.tif,false,50.11170517471835
wc2.1_10m_elev.tif,false,411.95321749092994
