Predictor variable,Categorical,Sample average
wc2.0_bio_10m_01.tif,false,13.553400773854872
wc2.0_bio_10m_05.tif,false,29.77661518803505
wc2.0_bio_10m_06.tif,false,-4.03085593935745
wc2.0_bio_10m_12.tif,false,1081.8825799338479
wc2.0_bio_10m_13.tif,false,127.07497243660418
wc2.0_bio_10m_14.tif,false,59.308710033076075
wc2.1_10m_elev.tif,false,224.7116868798236
