Predictor variable,Categorical,Sample average
wc2.0_bio_10m_01.tif,false,9.95825672455615
wc2.0_bio_10m_05.tif,false,26.79476688958331
wc2.0_bio_10m_06.tif,false,-8.861377097312332
wc2.0_bio_10m_12.tif,false,962.8390804597701
wc2.0_bio_10m_13.tif,false,118.09390587725005
wc2.0_bio_10m_14.tif,false,47.215137714161784
wc2.1_10m_elev.tif,false,440.8520928215138
