Predictor variable,Categorical,Sample average
wc2.0_bio_10m_01.tif,false,16.04223361482807
wc2.0_bio_10m_05.tif,false,30.20344768598968
wc2.0_bio_10m_06.tif,false,1.137396219160919
wc2.0_bio_10m_12.tif,false,982.7725490196078
wc2.0_bio_10m_13.tif,false,138.3921568627451
wc2.0_bio_10m_14.tif,false,41.741176470588236
wc2.1_10m_elev.tif,false,225.05882352941177
