Predictor variable,Categorical,Sample average
wc2.0_bio_10m_01.tif,false,10.295933598323355
wc2.0_bio_10m_05.tif,false,27.0112116291189
wc2.0_bio_10m_06.tif,false,-8.365039160488823
wc2.0_bio_10m_12.tif,false,942.8829403606103
wc2.0_bio_10m_13.tif,false,117.24632454923717
wc2.0_bio_10m_14.tif,false,45.318446601941744
wc2.1_10m_elev.tif,false,432.84660194174756
