Predictor variable,Categorical,Sample average
wc2.0_bio_10m_01.tif,false,13.694476558574163
wc2.0_bio_10m_05.tif,false,29.845409452809946
wc2.0_bio_10m_06.tif,false,-3.7827763436131483
wc2.0_bio_10m_12.tif,false,1086.233078281342
wc2.0_bio_10m_13.tif,false,127.67804590935845
wc2.0_bio_10m_14.tif,false,59.605650382577984
wc2.1_10m_elev.tif,false,218.30017657445555
