Predictor variable,Categorical,Sample average
wc2.0_bio_10m_01.tif,false,9.789538452061933
wc2.0_bio_10m_05.tif,false,26.790310417649966
wc2.0_bio_10m_06.tif,false,-9.185891206139008
wc2.0_bio_10m_12.tif,false,955.5731845688351
wc2.0_bio_10m_13.tif,false,116.86403177004539
wc2.0_bio_10m_14.tif,false,47.0661875945537
wc2.1_10m_elev.tif,false,473.5875567322239
