Predictor variable,Categorical,Sample average
wc2.0_bio_10m_01.tif,false,9.76298772054296
wc2.0_bio_10m_05.tif,false,26.758642157869478
wc2.0_bio_10m_06.tif,false,-9.201478062522462
wc2.0_bio_10m_12.tif,false,959.8214942951785
wc2.0_bio_10m_13.tif,false,117.47754876702245
wc2.0_bio_10m_14.tif,false,47.276039749723964
wc2.1_10m_elev.tif,false,475.05704821494294
