Predictor variable,Categorical,Sample average
wc2.0_bio_10m_01.tif,false,9.818491145160307
wc2.0_bio_10m_05.tif,false,26.840564178636107
wc2.0_bio_10m_06.tif,false,-9.187846030028982
wc2.0_bio_10m_12.tif,false,950.6318863149698
wc2.0_bio_10m_13.tif,false,116.25579131788982
wc2.0_bio_10m_14.tif,false,46.877554993186685
wc2.1_10m_elev.tif,false,469.13899162935564
