Predictor variable,Categorical,Sample average
wc2.0_bio_10m_01.tif,false,12.280560281305927
wc2.0_bio_10m_05.tif,false,28.529773701222435
wc2.0_bio_10m_06.tif,false,-5.421989718531239
wc2.0_bio_10m_12.tif,false,1015.3942269671807
wc2.0_bio_10m_13.tif,false,125.11941478845394
wc2.0_bio_10m_14.tif,false,50.553183076314745
wc2.1_10m_elev.tif,false,343.87663107947805
