Predictor variable,Categorical,Sample average
wc2.0_bio_10m_01.tif,false,15.956496456105222
wc2.0_bio_10m_05.tif,false,29.439837630077076
wc2.0_bio_10m_06.tif,false,1.9099254527519787
wc2.0_bio_10m_12.tif,false,1091.8731182795698
wc2.0_bio_10m_13.tif,false,158.2258064516129
wc2.0_bio_10m_14.tif,false,41.597849462365595
wc2.1_10m_elev.tif,false,187.0236559139785
