Predictor variable,Categorical,Sample average
wc2.0_bio_10m_01.tif,false,9.792578672026925
wc2.0_bio_10m_05.tif,false,26.765722089084555
wc2.0_bio_10m_06.tif,false,-9.071981632369987
wc2.0_bio_10m_12.tif,false,969.8329044433008
wc2.0_bio_10m_13.tif,false,118.33470578143763
wc2.0_bio_10m_14.tif,false,47.99794132784354
wc2.1_10m_elev.tif,false,504.96654657745756
