Predictor variable,Categorical,Sample average
wc2.0_bio_10m_01.tif,false,16.015712949964737
wc2.0_bio_10m_05.tif,false,30.047423142653244
wc2.0_bio_10m_06.tif,false,1.1999768127536035
wc2.0_bio_10m_12.tif,false,968.0512820512821
wc2.0_bio_10m_13.tif,false,137.15384615384616
wc2.0_bio_10m_14.tif,false,40.50854700854701
wc2.1_10m_elev.tif,false,212.5897435897436
