Predictor variable,Categorical,Sample average
wc2.0_bio_10m_01.tif,false,14.919577096111333
wc2.0_bio_10m_05.tif,false,30.562547648575315
wc2.0_bio_10m_06.tif,false,-1.8299311088249393
wc2.0_bio_10m_12.tif,false,1082.6417604913
wc2.0_bio_10m_13.tif,false,132.63766632548618
wc2.0_bio_10m_14.tif,false,56.833162743091094
wc2.1_10m_elev.tif,false,195.2415557830092
