Predictor variable,Categorical,Sample average
wc2.0_bio_10m_01.tif,false,16.41044455962103
wc2.0_bio_10m_05.tif,false,31.24967472279658
wc2.0_bio_10m_06.tif,false,0.8004938103317389
wc2.0_bio_10m_12.tif,false,1063.6127049180327
wc2.0_bio_10m_13.tif,false,139.79508196721312
wc2.0_bio_10m_14.tif,false,50.790983606557376
wc2.1_10m_elev.tif,false,176.1844262295082
