Predictor variable,Categorical,Sample average
wc2.0_bio_10m_01.tif,false,15.54541418629308
wc2.0_bio_10m_05.tif,false,27.89525417204826
wc2.0_bio_10m_06.tif,false,2.734247899391959
wc2.0_bio_10m_12.tif,false,794.1290322580645
wc2.0_bio_10m_13.tif,false,136.39354838709679
wc2.0_bio_10m_14.tif,false,17.0
wc2.1_10m_elev.tif,false,216.40645161290323
