Predictor variable,Categorical,Sample average
wc2.0_bio_10m_01.tif,false,9.801507386390034
wc2.0_bio_10m_05.tif,false,26.757903218082856
wc2.0_bio_10m_06.tif,false,-9.056505994391784
wc2.0_bio_10m_12.tif,false,971.524595863028
wc2.0_bio_10m_13.tif,false,118.55814357726403
wc2.0_bio_10m_14.tif,false,48.09421171562663
wc2.1_10m_elev.tif,false,494.5294628889275
