Predictor variable,Categorical,Sample average
wc2.0_bio_10m_01.tif,false,15.980242075104462
wc2.0_bio_10m_05.tif,false,28.915394550875614
wc2.0_bio_10m_06.tif,false,2.5822824216141416
wc2.0_bio_10m_12.tif,false,1023.9967105263158
wc2.0_bio_10m_13.tif,false,156.63815789473685
wc2.0_bio_10m_14.tif,false,33.875
wc2.1_10m_elev.tif,false,183.36184210526315
