Predictor variable,Categorical,Sample average
wc2.0_bio_10m_01.tif,false,10.362075491916126
wc2.0_bio_10m_05.tif,false,27.51835863860204
wc2.0_bio_10m_06.tif,false,-8.864940292088548
wc2.0_bio_10m_12.tif,false,992.5186644545831
wc2.0_bio_10m_13.tif,false,117.13355454168395
wc2.0_bio_10m_14.tif,false,51.75362919950228
wc2.1_10m_elev.tif,false,371.9946080464538
