Predictor variable,Categorical,Sample average
wc2.0_bio_10m_01.tif,false,12.420775209342093
wc2.0_bio_10m_05.tif,false,29.00899878255941
wc2.0_bio_10m_06.tif,false,-5.791111467374991
wc2.0_bio_10m_12.tif,false,1054.681484202792
wc2.0_bio_10m_13.tif,false,123.09478324761206
wc2.0_bio_10m_14.tif,false,57.252387950036734
wc2.1_10m_elev.tif,false,273.58670095518
