Predictor variable,Categorical,Sample average
wc2.0_bio_10m_01.tif,false,10.204222724000362
wc2.0_bio_10m_05.tif,false,26.919600361792924
wc2.0_bio_10m_06.tif,false,-8.453443205206788
wc2.0_bio_10m_12.tif,false,945.7608519816662
wc2.0_bio_10m_13.tif,false,117.53599352925316
wc2.0_bio_10m_14.tif,false,45.53949851712052
wc2.1_10m_elev.tif,false,437.27096252359127
