Predictor variable,Categorical,Sample average
wc2.0_bio_10m_01.tif,false,15.981446592031144
wc2.0_bio_10m_05.tif,false,29.434571346552335
wc2.0_bio_10m_06.tif,false,1.972253929997597
wc2.0_bio_10m_12.tif,false,1078.9658314350797
wc2.0_bio_10m_13.tif,false,157.00683371298405
wc2.0_bio_10m_14.tif,false,41.01594533029613
wc2.1_10m_elev.tif,false,185.85421412300684
