Predictor variable,Categorical,Sample average
wc2.0_bio_10m_01.tif,false,14.275000842704989
wc2.0_bio_10m_05.tif,false,30.22829056596621
wc2.0_bio_10m_06.tif,false,-2.901228534169152
wc2.0_bio_10m_12.tif,false,1097.0949008498583
wc2.0_bio_10m_13.tif,false,130.51912181303115
wc2.0_bio_10m_14.tif,false,59.56161473087819
wc2.1_10m_elev.tif,false,198.9872521246459
