Predictor variable,Categorical,Sample average
wc2.0_bio_10m_01.tif,false,11.520983425205873
wc2.0_bio_10m_05.tif,false,27.975511424825378
wc2.0_bio_10m_06.tif,false,-6.587358244771658
wc2.0_bio_10m_12.tif,false,982.617157490397
wc2.0_bio_10m_13.tif,false,121.33194622279129
wc2.0_bio_10m_14.tif,false,48.322343149807935
wc2.1_10m_elev.tif,false,385.21350832266324
