Predictor variable,Categorical,Sample average
wc2.0_bio_10m_01.tif,false,9.880170941972965
wc2.0_bio_10m_05.tif,false,26.85746896028425
wc2.0_bio_10m_06.tif,false,-9.072619075094728
wc2.0_bio_10m_12.tif,false,954.1518242448019
wc2.0_bio_10m_13.tif,false,116.87132208709298
wc2.0_bio_10m_14.tif,false,46.887799136916435
wc2.1_10m_elev.tif,false,465.6329933307179
