Predictor variable,Categorical,Sample average
wc2.0_bio_10m_01.tif,false,9.145219967002875
wc2.0_bio_10m_05.tif,false,26.22982804765669
wc2.0_bio_10m_06.tif,false,-10.03985614456245
wc2.0_bio_10m_12.tif,false,958.876041988268
wc2.0_bio_10m_13.tif,false,116.82571781414016
wc2.0_bio_10m_14.tif,false,47.5811979005866
wc2.1_10m_elev.tif,false,512.6900277863538
