Predictor variable,Categorical,Sample average
wc2.0_bio_10m_01.tif,false,15.26545758976424
wc2.0_bio_10m_05.tif,false,29.85386976328763
wc2.0_bio_10m_06.tif,false,-0.018654675468194413
wc2.0_bio_10m_12.tif,false,1111.2520661157025
wc2.0_bio_10m_13.tif,false,148.775826446281
wc2.0_bio_10m_14.tif,false,49.53409090909091
wc2.1_10m_elev.tif,false,223.2551652892562
