Predictor variable,Categorical,Sample average
wc2.0_bio_10m_01.tif,false,12.464701565708179
wc2.0_bio_10m_05.tif,false,28.672542816947768
wc2.0_bio_10m_06.tif,false,-5.155063535490812
wc2.0_bio_10m_12.tif,false,1026.7018196856907
wc2.0_bio_10m_13.tif,false,126.20926385442515
wc2.0_bio_10m_14.tif,false,51.375516956162116
wc2.1_10m_elev.tif,false,328.51778329197685
