Predictor variable,Categorical,Sample average
wc2.0_bio_10m_01.tif,false,9.77753257503757
wc2.0_bio_10m_05.tif,false,26.746813052020396
wc2.0_bio_10m_06.tif,false,-9.096188591192238
wc2.0_bio_10m_12.tif,false,974.4738002374088
wc2.0_bio_10m_13.tif,false,118.72460573172799
wc2.0_bio_10m_14.tif,false,48.24894013905376
wc2.1_10m_elev.tif,false,500.8268611158216
