Predictor variable,Categorical,Sample average
wc2.0_bio_10m_01.tif,false,11.659373809526507
wc2.0_bio_10m_05.tif,false,28.073616720126612
wc2.0_bio_10m_06.tif,false,-6.366729354718673
wc2.0_bio_10m_12.tif,false,987.7602242744064
wc2.0_bio_10m_13.tif,false,121.97856200527704
wc2.0_bio_10m_14.tif,false,48.617414248021106
wc2.1_10m_elev.tif,false,379.9175461741425
