Predictor variable,Categorical,Sample average
wc2.0_bio_10m_01.tif,false,11.165320498433394
wc2.0_bio_10m_05.tif,false,27.721121056501953
wc2.0_bio_10m_06.tif,false,-7.135427499669956
wc2.0_bio_10m_12.tif,false,972.5461376615569
wc2.0_bio_10m_13.tif,false,120.11211301472798
wc2.0_bio_10m_14.tif,false,47.62789299669372
wc2.1_10m_elev.tif,false,399.84430417793806
