Predictor variable,Categorical,Sample average
wc2.0_bio_10m_01.tif,false,16.197610241512084
wc2.0_bio_10m_05.tif,false,31.218059086349776
wc2.0_bio_10m_06.tif,false,0.3622195435777166
wc2.0_bio_10m_12.tif,false,1055.9433962264152
wc2.0_bio_10m_13.tif,false,136.78301886792454
wc2.0_bio_10m_14.tif,false,51.652830188679246
wc2.1_10m_elev.tif,false,174.93018867924528
