Predictor variable,Categorical,Sample average
wc2.0_bio_10m_01.tif,false,9.759780207064814
wc2.0_bio_10m_05.tif,false,26.751648591756602
wc2.0_bio_10m_06.tif,false,-9.19517576192159
wc2.0_bio_10m_12.tif,false,962.6059717897051
wc2.0_bio_10m_13.tif,false,117.72668986993955
wc2.0_bio_10m_14.tif,false,47.49990840813336
wc2.1_10m_elev.tif,false,473.6116504854369
