Predictor variable,Categorical,Sample average
wc2.0_bio_10m_01.tif,false,12.227280394623154
wc2.0_bio_10m_05.tif,false,28.837474717257315
wc2.0_bio_10m_06.tif,false,-6.044576109767
wc2.0_bio_10m_12.tif,false,1052.980350877193
wc2.0_bio_10m_13.tif,false,122.74561403508773
wc2.0_bio_10m_14.tif,false,57.157543859649124
wc2.1_10m_elev.tif,false,274.71754385964914
