Predictor variable,Categorical,Sample average
wc2.0_bio_10m_01.tif,false,16.032310345360848
wc2.0_bio_10m_05.tif,false,30.136694176068445
wc2.0_bio_10m_06.tif,false,1.1566568691499872
wc2.0_bio_10m_12.tif,false,971.3526970954357
wc2.0_bio_10m_13.tif,false,137.31535269709545
wc2.0_bio_10m_14.tif,false,40.71784232365145
wc2.1_10m_elev.tif,false,220.15352697095435
