Predictor variable,Categorical,Sample average
wc2.0_bio_10m_01.tif,false,15.505321140289306
wc2.0_bio_10m_05.tif,false,27.935496041434153
wc2.0_bio_10m_06.tif,false,2.545749557465315
wc2.0_bio_10m_12.tif,false,809.9657142857143
wc2.0_bio_10m_13.tif,false,137.93714285714285
wc2.0_bio_10m_14.tif,false,17.908571428571427
wc2.1_10m_elev.tif,false,201.37714285714284
