Predictor variable,Categorical,Sample average
wc2.0_bio_10m_01.tif,false,8.999680411467635
wc2.0_bio_10m_05.tif,false,26.100692092333702
wc2.0_bio_10m_06.tif,false,-10.231592311972982
wc2.0_bio_10m_12.tif,false,958.6476953344576
wc2.0_bio_10m_13.tif,false,116.79061270376616
wc2.0_bio_10m_14.tif,false,47.494659921304105
wc2.1_10m_elev.tif,false,520.0806632939854
