Predictor variable,Categorical,Sample average
wc2.0_bio_10m_01.tif,false,14.689551569156713
wc2.0_bio_10m_05.tif,false,30.460316417934177
wc2.0_bio_10m_06.tif,false,-2.242457037706944
wc2.0_bio_10m_12.tif,false,1086.9763986013986
wc2.0_bio_10m_13.tif,false,132.06555944055944
wc2.0_bio_10m_14.tif,false,57.45367132867133
wc2.1_10m_elev.tif,false,192.34003496503496
