Predictor variable,Categorical,Sample average
wc2.0_bio_10m_01.tif,false,15.458476423000803
wc2.0_bio_10m_05.tif,false,28.04752879240075
wc2.0_bio_10m_06.tif,false,2.3693873831641157
wc2.0_bio_10m_12.tif,false,921.0510204081633
wc2.0_bio_10m_13.tif,false,148.6326530612245
wc2.0_bio_10m_14.tif,false,24.892857142857142
wc2.1_10m_elev.tif,false,201.1122448979592
