Predictor variable,Categorical,Sample average
wc2.0_bio_10m_01.tif,false,16.080527622575705
wc2.0_bio_10m_05.tif,false,29.08742958686255
wc2.0_bio_10m_06.tif,false,2.4320755242935324
wc2.0_bio_10m_12.tif,false,930.0115606936416
wc2.0_bio_10m_13.tif,false,139.47398843930637
wc2.0_bio_10m_14.tif,false,34.1849710982659
wc2.1_10m_elev.tif,false,142.9479768786127
