Predictor variable,Categorical,Sample average
wc2.0_bio_10m_01.tif,false,9.965565448153002
wc2.0_bio_10m_05.tif,false,26.763697635957545
wc2.0_bio_10m_06.tif,false,-8.839789591356498
wc2.0_bio_10m_12.tif,false,956.7204638801643
wc2.0_bio_10m_13.tif,false,117.60207779656922
wc2.0_bio_10m_14.tif,false,46.83570910848031
wc2.1_10m_elev.tif,false,432.99879197873884
