Predictor variable,Categorical,Sample average
wc2.0_bio_10m_01.tif,false,15.509880023633636
wc2.0_bio_10m_05.tif,false,29.57548899474931
wc2.0_bio_10m_06.tif,false,0.7936906094771858
wc2.0_bio_10m_12.tif,false,1113.207366984993
wc2.0_bio_10m_13.tif,false,153.80354706684858
wc2.0_bio_10m_14.tif,false,46.70259208731242
wc2.1_10m_elev.tif,false,192.69713506139155
