Predictor variable,Categorical,Sample average
wc2.0_bio_10m_01.tif,false,16.711285258215558
wc2.0_bio_10m_05.tif,false,31.1477940827217
wc2.0_bio_10m_06.tif,false,1.5813377405266982
wc2.0_bio_10m_12.tif,false,1053.5958005249345
wc2.0_bio_10m_13.tif,false,141.9265091863517
wc2.0_bio_10m_14.tif,false,48.39632545931759
wc2.1_10m_elev.tif,false,183.51968503937007
