Predictor variable,Categorical,Sample average
wc2.0_bio_10m_01.tif,false,8.878579618536001
wc2.0_bio_10m_05.tif,false,26.002760009160117
wc2.0_bio_10m_06.tif,false,-10.407000299389727
wc2.0_bio_10m_12.tif,false,954.2069061542745
wc2.0_bio_10m_13.tif,false,116.40698969646338
wc2.0_bio_10m_14.tif,false,47.207602339181285
wc2.1_10m_elev.tif,false,521.0026455026455
