Predictor variable,Categorical,Sample average
wc2.0_bio_10m_01.tif,false,11.918847539426753
wc2.0_bio_10m_05.tif,false,28.594886387025827
wc2.0_bio_10m_06.tif,false,-6.477002980358618
wc2.0_bio_10m_12.tif,false,1043.8367601246107
wc2.0_bio_10m_13.tif,false,121.86604361370716
wc2.0_bio_10m_14.tif,false,56.37196261682243
wc2.1_10m_elev.tif,false,298.7803738317757
