Predictor variable,Categorical,Sample average
wc2.0_bio_10m_01.tif,false,11.34325443560894
wc2.0_bio_10m_05.tif,false,28.193196522404783
wc2.0_bio_10m_06.tif,false,-7.3322324008284
wc2.0_bio_10m_12.tif,false,1028.7682863113898
wc2.0_bio_10m_13.tif,false,120.05198537095089
wc2.0_bio_10m_14.tif,false,55.23876698014629
wc2.1_10m_elev.tif,false,317.96133751306166
