Predictor variable,Categorical,Sample average
wc2.0_bio_10m_01.tif,false,15.630374726358351
wc2.0_bio_10m_05.tif,false,28.214939662388392
wc2.0_bio_10m_06.tif,false,2.5098361598000256
wc2.0_bio_10m_12.tif,false,902.5
wc2.0_bio_10m_13.tif,false,146.52197802197801
wc2.0_bio_10m_14.tif,false,24.016483516483518
wc2.1_10m_elev.tif,false,190.1043956043956
