Predictor variable,Categorical,Sample average
wc2.0_bio_10m_01.tif,false,12.360978172226803
wc2.0_bio_10m_05.tif,false,28.59593586293002
wc2.0_bio_10m_06.tif,false,-5.313251498767329
wc2.0_bio_10m_12.tif,false,1021.5789046653144
wc2.0_bio_10m_13.tif,false,125.64259634888438
wc2.0_bio_10m_14.tif,false,50.95496957403651
wc2.1_10m_elev.tif,false,335.9711967545639
