Predictor variable,Categorical,Sample average
wc2.0_bio_10m_01.tif,false,9.933733827003563
wc2.0_bio_10m_05.tif,false,26.73562413513261
wc2.0_bio_10m_06.tif,false,-8.872800895625335
wc2.0_bio_10m_12.tif,false,961.2695772695773
wc2.0_bio_10m_13.tif,false,118.04250404250405
wc2.0_bio_10m_14.tif,false,47.11942711942712
wc2.1_10m_elev.tif,false,433.8812658812659
