Predictor variable,Categorical,Sample average
wc2.0_bio_10m_01.tif,false,10.081701822483165
wc2.0_bio_10m_05.tif,false,26.797572856756997
wc2.0_bio_10m_06.tif,false,-8.602336529659812
wc2.0_bio_10m_12.tif,false,953.3091750192752
wc2.0_bio_10m_13.tif,false,117.9568234387047
wc2.0_bio_10m_14.tif,false,46.279362631714214
wc2.1_10m_elev.tif,false,433.92932408121305
