Predictor variable,Categorical,Sample average
wc2.0_bio_10m_01.tif,false,9.787352726231749
wc2.0_bio_10m_05.tif,false,26.75454539401337
wc2.0_bio_10m_06.tif,false,-9.078414095050759
wc2.0_bio_10m_12.tif,false,971.2478969957082
wc2.0_bio_10m_13.tif,false,118.59587982832618
wc2.0_bio_10m_14.tif,false,48.016995708154504
wc2.1_10m_elev.tif,false,499.51502145922746
