Predictor variable,Categorical,Sample average
wc2.0_bio_10m_01.tif,false,12.95234500640823
wc2.0_bio_10m_05.tif,false,29.37753727700975
wc2.0_bio_10m_06.tif,false,-4.981818962563881
wc2.0_bio_10m_12.tif,false,1060.9462365591398
wc2.0_bio_10m_13.tif,false,124.74551971326164
wc2.0_bio_10m_14.tif,false,57.34094982078853
wc2.1_10m_elev.tif,false,258.6594982078853
