Predictor variable,Categorical,Sample average
wc2.0_bio_10m_01.tif,false,10.622732198923469
wc2.0_bio_10m_05.tif,false,27.72588472230639
wc2.0_bio_10m_06.tif,false,-8.48970818164392
wc2.0_bio_10m_12.tif,false,1007.341929746554
wc2.0_bio_10m_13.tif,false,117.90173410404624
wc2.0_bio_10m_14.tif,false,53.33392618941752
wc2.1_10m_elev.tif,false,345.0753668297021
