Predictor variable,Categorical,Sample average
wc2.0_bio_10m_01.tif,false,14.778590363825803
wc2.0_bio_10m_05.tif,false,29.92582449488615
wc2.0_bio_10m_06.tif,false,-1.1825728483780351
wc2.0_bio_10m_12.tif,false,1089.4121166791324
wc2.0_bio_10m_13.tif,false,141.11443530291697
wc2.0_bio_10m_14.tif,false,51.44577412116679
wc2.1_10m_elev.tif,false,251.63500373971578
