Predictor variable,Categorical,Sample average
wc2.0_bio_10m_01.tif,false,15.035667663687592
wc2.0_bio_10m_05.tif,false,30.629466528103347
wc2.0_bio_10m_06.tif,false,-1.6303822166599022
wc2.0_bio_10m_12.tif,false,1079.2319347319346
wc2.0_bio_10m_13.tif,false,132.96853146853147
wc2.0_bio_10m_14.tif,false,56.22027972027972
wc2.1_10m_elev.tif,false,194.24825174825176
