Predictor variable,Categorical,Sample average
wc2.0_bio_10m_01.tif,false,16.101472842205855
wc2.0_bio_10m_05.tif,false,30.225263028339825
wc2.0_bio_10m_06.tif,false,1.2375584259684644
wc2.0_bio_10m_12.tif,false,1016.2825278810409
wc2.0_bio_10m_13.tif,false,142.52416356877325
wc2.0_bio_10m_14.tif,false,43.513011152416354
wc2.1_10m_elev.tif,false,223.1635687732342
