Predictor variable,Categorical,Sample average
wc2.0_bio_10m_01.tif,false,10.479889446341875
wc2.0_bio_10m_05.tif,false,27.60178425526926
wc2.0_bio_10m_06.tif,false,-8.691707655073373
wc2.0_bio_10m_12.tif,false,1003.2643776824034
wc2.0_bio_10m_13.tif,false,117.58648068669528
wc2.0_bio_10m_14.tif,false,52.940343347639484
wc2.1_10m_elev.tif,false,351.84871244635195
