Predictor variable,Categorical,Sample average
wc2.0_bio_10m_01.tif,false,9.539194986110124
wc2.0_bio_10m_05.tif,false,26.666826625960052
wc2.0_bio_10m_06.tif,false,-9.700268275257685
wc2.0_bio_10m_12.tif,false,960.2715480457416
wc2.0_bio_10m_13.tif,false,115.91244239631337
wc2.0_bio_10m_14.tif,false,48.37429595494112
wc2.1_10m_elev.tif,false,473.1942310974569
