Predictor variable,Categorical,Sample average
wc2.0_bio_10m_01.tif,false,15.638351652519834
wc2.0_bio_10m_05.tif,false,28.24950166713972
wc2.0_bio_10m_06.tif,false,2.439172335186162
wc2.0_bio_10m_12.tif,false,881.5337423312883
wc2.0_bio_10m_13.tif,false,143.61349693251535
wc2.0_bio_10m_14.tif,false,23.52760736196319
wc2.1_10m_elev.tif,false,187.13496932515338
