Predictor variable,Categorical,Sample average
wc2.0_bio_10m_01.tif,false,9.901200688103087
wc2.0_bio_10m_05.tif,false,26.865147097085774
wc2.0_bio_10m_06.tif,false,-9.038659371498994
wc2.0_bio_10m_12.tif,false,955.4506446414182
wc2.0_bio_10m_13.tif,false,117.2701450443191
wc2.0_bio_10m_14.tif,false,46.76510878323932
wc2.1_10m_elev.tif,false,466.1142224012893
