Predictor variable,Categorical,Sample average
wc2.0_bio_10m_01.tif,false,8.962852727296182
wc2.0_bio_10m_05.tif,false,26.081821243773298
wc2.0_bio_10m_06.tif,false,-10.314568386932713
wc2.0_bio_10m_12.tif,false,956.1940757300545
wc2.0_bio_10m_13.tif,false,116.44837222299846
wc2.0_bio_10m_14.tif,false,47.40855106888361
wc2.1_10m_elev.tif,false,514.303199664664
