Predictor variable,Categorical,Sample average
wc2.0_bio_10m_01.tif,false,9.727057131905534
wc2.0_bio_10m_05.tif,false,26.882794774776865
wc2.0_bio_10m_06.tif,false,-9.530257004982799
wc2.0_bio_10m_12.tif,false,964.7472079418543
wc2.0_bio_10m_13.tif,false,115.88193582698104
wc2.0_bio_10m_14.tif,false,48.87324942386102
wc2.1_10m_elev.tif,false,456.23240560184365
