Predictor variable,Categorical,Sample average
wc2.0_bio_10m_01.tif,false,8.996973186244862
wc2.0_bio_10m_05.tif,false,26.08375302190833
wc2.0_bio_10m_06.tif,false,-10.210612524984152
wc2.0_bio_10m_12.tif,false,959.8190905251303
wc2.0_bio_10m_13.tif,false,117.08418977896663
wc2.0_bio_10m_14.tif,false,47.46050964381247
wc2.1_10m_elev.tif,false,522.4843024074335
