Predictor variable,Categorical,Sample average
wc2.0_bio_10m_01.tif,false,11.19536072052463
wc2.0_bio_10m_05.tif,false,28.09036833966129
wc2.0_bio_10m_06.tif,false,-7.552050755404329
wc2.0_bio_10m_12.tif,false,1026.4106559437043
wc2.0_bio_10m_13.tif,false,119.6393566222669
wc2.0_bio_10m_14.tif,false,55.1729077657703
wc2.1_10m_elev.tif,false,322.59437044483536
