Predictor variable,Categorical,Sample average
wc2.0_bio_10m_01.tif,false,9.791656645387826
wc2.0_bio_10m_05.tif,false,26.76155898286272
wc2.0_bio_10m_06.tif,false,-9.081085189266588
wc2.0_bio_10m_12.tif,false,966.4980392156863
wc2.0_bio_10m_13.tif,false,118.33547237076648
wc2.0_bio_10m_14.tif,false,47.69019607843137
wc2.1_10m_elev.tif,false,490.7803921568627
