Predictor variable,Categorical,Sample average
wc2.0_bio_10m_01.tif,false,13.269021198752394
wc2.0_bio_10m_05.tif,false,29.286595821380615
wc2.0_bio_10m_06.tif,false,-3.995217843137004
wc2.0_bio_10m_12.tif,false,1042.2282296650717
wc2.0_bio_10m_13.tif,false,128.94976076555025
wc2.0_bio_10m_14.tif,false,51.98947368421052
wc2.1_10m_elev.tif,false,295.8258373205742
