Predictor variable,Categorical,Sample average
wc2.0_bio_10m_01.tif,false,9.777205697944622
wc2.0_bio_10m_05.tif,false,26.78202586054221
wc2.0_bio_10m_06.tif,false,-9.204572787588148
wc2.0_bio_10m_12.tif,false,956.2729658792651
wc2.0_bio_10m_13.tif,false,117.07592800899887
wc2.0_bio_10m_14.tif,false,47.0485564304462
wc2.1_10m_elev.tif,false,473.0628046494188
