Predictor variable,Categorical,Sample average
wc2.0_bio_10m_01.tif,false,9.094836228112264
wc2.0_bio_10m_05.tif,false,26.174027103570054
wc2.0_bio_10m_06.tif,false,-10.091263489403921
wc2.0_bio_10m_12.tif,false,961.9150785180668
wc2.0_bio_10m_13.tif,false,117.27123037048331
wc2.0_bio_10m_14.tif,false,47.59262082634548
wc2.1_10m_elev.tif,false,513.8650708949535
