Predictor variable,Categorical,Sample average
wc2.0_bio_10m_01.tif,false,9.801529458894073
wc2.0_bio_10m_05.tif,false,26.818220836617225
wc2.0_bio_10m_06.tif,false,-9.202492813438898
wc2.0_bio_10m_12.tif,false,952.4486434108527
wc2.0_bio_10m_13.tif,false,116.43313953488372
wc2.0_bio_10m_14.tif,false,46.96976744186046
wc2.1_10m_elev.tif,false,469.21918604651165
