Predictor variable,Categorical,Sample average
wc2.0_bio_10m_01.tif,false,13.330847568151833
wc2.0_bio_10m_05.tif,false,29.35461249893732
wc2.0_bio_10m_06.tif,false,-3.937426608137008
wc2.0_bio_10m_12.tif,false,1044.2903855539287
wc2.0_bio_10m_13.tif,false,128.71400683260126
wc2.0_bio_10m_14.tif,false,52.372376769155686
wc2.1_10m_elev.tif,false,287.67447535383116
