Predictor variable,Categorical,Sample average
wc2.0_bio_10m_01.tif,false,9.182454521447106
wc2.0_bio_10m_05.tif,false,26.258750565001225
wc2.0_bio_10m_06.tif,false,-9.998068889665987
wc2.0_bio_10m_12.tif,false,961.7637268626536
wc2.0_bio_10m_13.tif,false,117.1144812568051
wc2.0_bio_10m_14.tif,false,47.743194898117906
wc2.1_10m_elev.tif,false,505.2879141390574
