Predictor variable,Categorical,Sample average
wc2.0_bio_10m_01.tif,false,16.521249305688592
wc2.0_bio_10m_05.tif,false,31.136207781339948
wc2.0_bio_10m_06.tif,false,1.203756794127765
wc2.0_bio_10m_12.tif,false,1045.6148325358852
wc2.0_bio_10m_13.tif,false,140.15071770334927
wc2.0_bio_10m_14.tif,false,48.354066985645936
wc2.1_10m_elev.tif,false,189.07655502392345
