Predictor variable,Categorical,Sample average
wc2.0_bio_10m_01.tif,false,16.013196757173876
wc2.0_bio_10m_05.tif,false,29.381816048520193
wc2.0_bio_10m_06.tif,false,2.1024677779065386
wc2.0_bio_10m_12.tif,false,1077.6722090261283
wc2.0_bio_10m_13.tif,false,157.62232779097388
wc2.0_bio_10m_14.tif,false,40.394299287410924
wc2.1_10m_elev.tif,false,179.86698337292162
