Predictor variable,Categorical,Sample average
wc2.0_bio_10m_01.tif,false,9.461007225022813
wc2.0_bio_10m_05.tif,false,26.425580385186766
wc2.0_bio_10m_06.tif,false,-9.48333644771573
wc2.0_bio_10m_12.tif,false,968.3391702161224
wc2.0_bio_10m_13.tif,false,117.82584003786086
wc2.0_bio_10m_14.tif,false,48.059630856601984
wc2.1_10m_elev.tif,false,517.795709102382
