Predictor variable,Categorical,Sample average
wc2.0_bio_10m_01.tif,false,14.30703999183796
wc2.0_bio_10m_05.tif,false,30.214201126098633
wc2.0_bio_10m_06.tif,false,-2.822894109239595
wc2.0_bio_10m_12.tif,false,1091.5222222222221
wc2.0_bio_10m_13.tif,false,130.81037037037038
wc2.0_bio_10m_14.tif,false,58.66
wc2.1_10m_elev.tif,false,201.7674074074074
