Predictor variable,Categorical,Sample average
wc2.0_bio_10m_01.tif,false,8.885180327801473
wc2.0_bio_10m_05.tif,false,26.0154983465745
wc2.0_bio_10m_06.tif,false,-10.403548652364755
wc2.0_bio_10m_12.tif,false,954.3158263305322
wc2.0_bio_10m_13.tif,false,116.35336134453782
wc2.0_bio_10m_14.tif,false,47.23767507002801
wc2.1_10m_elev.tif,false,520.0556022408964
