Predictor variable,Categorical,Sample average
wc2.0_bio_10m_01.tif,false,15.993045986940464
wc2.0_bio_10m_05.tif,false,31.071880052487057
wc2.0_bio_10m_06.tif,false,0.06944701774543821
wc2.0_bio_10m_12.tif,false,1059.5277777777778
wc2.0_bio_10m_13.tif,false,136.25868055555554
wc2.0_bio_10m_14.tif,false,52.265625
wc2.1_10m_elev.tif,false,185.03125
