Predictor variable,Categorical,Sample average
wc2.0_bio_10m_01.tif,false,9.95262912609473
wc2.0_bio_10m_05.tif,false,27.115077916560026
wc2.0_bio_10m_06.tif,false,-9.300524468724412
wc2.0_bio_10m_12.tif,false,970.992130307467
wc2.0_bio_10m_13.tif,false,116.42862371888727
wc2.0_bio_10m_14.tif,false,49.25823572474378
wc2.1_10m_elev.tif,false,432.9796852122987
