Predictor variable,Categorical,Sample average
wc2.0_bio_10m_01.tif,false,11.585494177311066
wc2.0_bio_10m_05.tif,false,28.359501008728234
wc2.0_bio_10m_06.tif,false,-6.970888771928196
wc2.0_bio_10m_12.tif,false,1034.794900532362
wc2.0_bio_10m_13.tif,false,120.71364527878957
wc2.0_bio_10m_14.tif,false,55.83748949285514
wc2.1_10m_elev.tif,false,309.3384701597086
