Predictor variable,Categorical,Sample average
wc2.0_bio_10m_01.tif,false,15.827907176376078
wc2.0_bio_10m_05.tif,false,29.17442931467398
wc2.0_bio_10m_06.tif,false,1.716093722440173
wc2.0_bio_10m_12.tif,false,936.9248554913295
wc2.0_bio_10m_13.tif,false,138.4335260115607
wc2.0_bio_10m_14.tif,false,35.39884393063584
wc2.1_10m_elev.tif,false,164.60693641618496
