Predictor variable,Categorical,Sample average
wc2.0_bio_10m_01.tif,false,15.524814215036901
wc2.0_bio_10m_05.tif,false,28.134446115777045
wc2.0_bio_10m_06.tif,false,2.3933949219247346
wc2.0_bio_10m_12.tif,false,919.5148514851485
wc2.0_bio_10m_13.tif,false,148.26237623762376
wc2.0_bio_10m_14.tif,false,25.014851485148515
wc2.1_10m_elev.tif,false,195.15346534653466
