Predictor variable,Categorical,Sample average
wc2.0_bio_10m_01.tif,false,9.699490851565882
wc2.0_bio_10m_05.tif,false,26.840963318713438
wc2.0_bio_10m_06.tif,false,-9.541023748737365
wc2.0_bio_10m_12.tif,false,965.151547116737
wc2.0_bio_10m_13.tif,false,115.97011251758087
wc2.0_bio_10m_14.tif,false,48.86533052039381
wc2.1_10m_elev.tif,false,456.4075246132208
