Predictor variable,Categorical,Sample average
wc2.0_bio_10m_01.tif,false,13.994052739429723
wc2.0_bio_10m_05.tif,false,30.039856478688613
wc2.0_bio_10m_06.tif,false,-3.3121229938903274
wc2.0_bio_10m_12.tif,false,1088.347911227154
wc2.0_bio_10m_13.tif,false,129.09921671018276
wc2.0_bio_10m_14.tif,false,59.320496083550914
wc2.1_10m_elev.tif,false,214.338772845953
