Predictor variable,Categorical,Sample average
wc2.0_bio_10m_01.tif,false,9.774743620773352
wc2.0_bio_10m_05.tif,false,26.766239294905375
wc2.0_bio_10m_06.tif,false,-9.15260094856789
wc2.0_bio_10m_12.tif,false,965.8235294117648
wc2.0_bio_10m_13.tif,false,117.93082788671023
wc2.0_bio_10m_14.tif,false,47.85984023238925
wc2.1_10m_elev.tif,false,479.62654320987656
