Predictor variable,Categorical,Sample average
wc2.0_bio_10m_01.tif,false,14.099879934281613
wc2.0_bio_10m_05.tif,false,29.768125537945632
wc2.0_bio_10m_06.tif,false,-2.5958597482906858
wc2.0_bio_10m_12.tif,false,1063.6889924286547
wc2.0_bio_10m_13.tif,false,133.9452533488643
wc2.0_bio_10m_14.tif,false,52.153174140943506
wc2.1_10m_elev.tif,false,264.01572510192193
