Predictor variable,Categorical,Sample average
wc2.0_bio_10m_01.tif,false,8.933735610624877
wc2.0_bio_10m_05.tif,false,26.053578067502514
wc2.0_bio_10m_06.tif,false,-10.346404572414084
wc2.0_bio_10m_12.tif,false,956.0275459098498
wc2.0_bio_10m_13.tif,false,116.52643294379521
wc2.0_bio_10m_14.tif,false,47.3330550918197
wc2.1_10m_elev.tif,false,517.7545909849749
