Predictor variable,Categorical,Sample average
wc2.0_bio_10m_01.tif,false,14.61393740161298
wc2.0_bio_10m_05.tif,false,29.93396116376411
wc2.0_bio_10m_06.tif,false,-1.5927191127471036
wc2.0_bio_10m_12.tif,false,1076.56275579809
wc2.0_bio_10m_13.tif,false,138.65893587994543
wc2.0_bio_10m_14.tif,false,51.289222373806275
wc2.1_10m_elev.tif,false,259.387448840382
