Predictor variable,Categorical,Sample average
wc2.0_bio_10m_01.tif,false,10.846119447481415
wc2.0_bio_10m_05.tif,false,27.89776396262368
wc2.0_bio_10m_06.tif,false,-8.163042855134771
wc2.0_bio_10m_12.tif,false,1012.770454021664
wc2.0_bio_10m_13.tif,false,118.32058077898134
wc2.0_bio_10m_14.tif,false,53.89283244987324
wc2.1_10m_elev.tif,false,335.95621110855035
