Predictor variable,Categorical,Sample average
wc2.0_bio_10m_01.tif,false,16.559439677458542
wc2.0_bio_10m_05.tif,false,30.937695676153833
wc2.0_bio_10m_06.tif,false,1.4756208501377521
wc2.0_bio_10m_12.tif,false,1048.2417582417581
wc2.0_bio_10m_13.tif,false,141.6813186813187
wc2.0_bio_10m_14.tif,false,47.98076923076923
wc2.1_10m_elev.tif,false,190.44230769230768
