Predictor variable,Categorical,Sample average
wc2.0_bio_10m_01.tif,false,15.420363058017779
wc2.0_bio_10m_05.tif,false,27.790122985839844
wc2.0_bio_10m_06.tif,false,2.5571057572842966
wc2.0_bio_10m_12.tif,false,812.9873417721519
wc2.0_bio_10m_13.tif,false,139.29746835443038
wc2.0_bio_10m_14.tif,false,17.27848101265823
wc2.1_10m_elev.tif,false,214.73417721518987
