Predictor variable,Categorical,Sample average
wc2.0_bio_10m_01.tif,false,10.159742383948343
wc2.0_bio_10m_05.tif,false,27.31245932004916
wc2.0_bio_10m_06.tif,false,-9.063763217682684
wc2.0_bio_10m_12.tif,false,980.0003871467286
wc2.0_bio_10m_13.tif,false,116.4465737514518
wc2.0_bio_10m_14.tif,false,50.424893534649634
wc2.1_10m_elev.tif,false,405.8379790940767
