Predictor variable,Categorical,Sample average
wc2.0_bio_10m_01.tif,false,9.969899228377146
wc2.0_bio_10m_05.tif,false,26.878868986353524
wc2.0_bio_10m_06.tif,false,-8.910460784909382
wc2.0_bio_10m_12.tif,false,960.2062929777037
wc2.0_bio_10m_13.tif,false,117.64409251927485
wc2.0_bio_10m_14.tif,false,47.12815169827047
wc2.1_10m_elev.tif,false,453.07314023754947
