Predictor variable,Categorical,Sample average
wc2.0_bio_10m_01.tif,false,10.400036266995743
wc2.0_bio_10m_05.tif,false,27.096972431464916
wc2.0_bio_10m_06.tif,false,-8.21871903918328
wc2.0_bio_10m_12.tif,false,945.517289850998
wc2.0_bio_10m_13.tif,false,117.44728703964014
wc2.0_bio_10m_14.tif,false,45.52094461624965
wc2.1_10m_elev.tif,false,428.68456564520665
