Predictor variable,Categorical,Sample average
wc2.0_bio_10m_01.tif,false,10.236612793840933
wc2.0_bio_10m_05.tif,false,26.95519760087189
wc2.0_bio_10m_06.tif,false,-8.422190554443313
wc2.0_bio_10m_12.tif,false,943.6624931954274
wc2.0_bio_10m_13.tif,false,117.28497550353838
wc2.0_bio_10m_14.tif,false,45.44882961350027
wc2.1_10m_elev.tif,false,439.6605879150789
