Predictor variable,Categorical,Sample average
wc2.0_bio_10m_01.tif,false,15.146375152621308
wc2.0_bio_10m_05.tif,false,30.58744279650665
wc2.0_bio_10m_06.tif,false,-1.3356670214105748
wc2.0_bio_10m_12.tif,false,1075.2803234501348
wc2.0_bio_10m_13.tif,false,134.35175202156333
wc2.0_bio_10m_14.tif,false,54.86927223719677
wc2.1_10m_elev.tif,false,192.73180592991915
