Predictor variable,Categorical,Sample average
wc2.0_bio_10m_01.tif,false,14.948890595436096
wc2.0_bio_10m_05.tif,false,29.966142376491003
wc2.0_bio_10m_06.tif,false,-0.8375220326432463
wc2.0_bio_10m_12.tif,false,1093.261224489796
wc2.0_bio_10m_13.tif,false,143.0408163265306
wc2.0_bio_10m_14.tif,false,50.8334693877551
wc2.1_10m_elev.tif,false,243.61061224489796
