Predictor variable,Categorical,Sample average
wc2.0_bio_10m_01.tif,false,9.811847079393926
wc2.0_bio_10m_05.tif,false,26.767056560331373
wc2.0_bio_10m_06.tif,false,-9.038275483938225
wc2.0_bio_10m_12.tif,false,970.9802503967554
wc2.0_bio_10m_13.tif,false,118.64027508375948
wc2.0_bio_10m_14.tif,false,48.01481220243343
wc2.1_10m_elev.tif,false,493.13383882913064
