Predictor variable,Categorical,Sample average
wc2.0_bio_10m_01.tif,false,12.764551077109564
wc2.0_bio_10m_05.tif,false,28.9109911498391
wc2.0_bio_10m_06.tif,false,-4.737877049165442
wc2.0_bio_10m_12.tif,false,1032.3420593368237
wc2.0_bio_10m_13.tif,false,127.13307155322862
wc2.0_bio_10m_14.tif,false,51.57853403141361
wc2.1_10m_elev.tif,false,315.2242582897033
