Predictor variable,Categorical,Sample average
wc2.0_bio_10m_01.tif,false,9.291729416797681
wc2.0_bio_10m_05.tif,false,26.395933313839777
wc2.0_bio_10m_06.tif,false,-9.928962770940172
wc2.0_bio_10m_12.tif,false,962.693048643442
wc2.0_bio_10m_13.tif,false,116.82645689516777
wc2.0_bio_10m_14.tif,false,48.000321078824854
wc2.1_10m_elev.tif,false,489.7436185583561
