Predictor variable,Categorical,Sample average
wc2.0_bio_10m_01.tif,false,9.13048474727725
wc2.0_bio_10m_05.tif,false,26.176609863222783
wc2.0_bio_10m_06.tif,false,-9.994526760480923
wc2.0_bio_10m_12.tif,false,961.5080971659919
wc2.0_bio_10m_13.tif,false,117.16772700983228
wc2.0_bio_10m_14.tif,false,47.61075766338924
wc2.1_10m_elev.tif,false,523.7805089647195
