Predictor variable,Categorical,Sample average
wc2.0_bio_10m_01.tif,false,9.946124956598998
wc2.0_bio_10m_05.tif,false,26.86482438197457
wc2.0_bio_10m_06.tif,false,-8.937865010672464
wc2.0_bio_10m_12.tif,false,957.8369160810253
wc2.0_bio_10m_13.tif,false,117.20855725506408
wc2.0_bio_10m_14.tif,false,47.10913600661431
wc2.1_10m_elev.tif,false,458.1694915254237
