Predictor variable,Categorical,Sample average
wc2.0_bio_10m_01.tif,false,15.343876789070967
wc2.0_bio_10m_05.tif,false,27.84553080211485
wc2.0_bio_10m_06.tif,false,2.334310614240135
wc2.0_bio_10m_12.tif,false,815.7572254335261
wc2.0_bio_10m_13.tif,false,138.46242774566474
wc2.0_bio_10m_14.tif,false,18.32369942196532
wc2.1_10m_elev.tif,false,222.9364161849711
