Predictor variable,Categorical,Sample average
wc2.0_bio_10m_01.tif,false,15.717720781588087
wc2.0_bio_10m_05.tif,false,28.33549118789972
wc2.0_bio_10m_06.tif,false,2.610445889677195
wc2.0_bio_10m_12.tif,false,1007.678431372549
wc2.0_bio_10m_13.tif,false,157.90588235294118
wc2.0_bio_10m_14.tif,false,29.858823529411765
wc2.1_10m_elev.tif,false,180.5843137254902
