Predictor variable,Categorical,Sample average
wc2.0_bio_10m_01.tif,false,14.827546964949967
wc2.0_bio_10m_05.tif,false,30.542741773655493
wc2.0_bio_10m_06.tif,false,-2.0127668959082277
wc2.0_bio_10m_12.tif,false,1080.1197663096398
wc2.0_bio_10m_13.tif,false,131.83544303797467
wc2.0_bio_10m_14.tif,false,56.86757546251217
wc2.1_10m_elev.tif,false,195.1684518013632
