Predictor variable,Categorical,Sample average
wc2.0_bio_10m_01.tif,false,15.454624392769553
wc2.0_bio_10m_05.tif,false,27.87404972856695
wc2.0_bio_10m_06.tif,false,2.5507840747225354
wc2.0_bio_10m_12.tif,false,816.9261363636364
wc2.0_bio_10m_13.tif,false,138.625
wc2.0_bio_10m_14.tif,false,18.238636363636363
wc2.1_10m_elev.tif,false,204.39204545454547
