Predictor variable,Categorical,Sample average
wc2.0_bio_10m_01.tif,false,16.086781849051423
wc2.0_bio_10m_05.tif,false,30.195335287418004
wc2.0_bio_10m_06.tif,false,1.2332613167335402
wc2.0_bio_10m_12.tif,false,1008.8603773584906
wc2.0_bio_10m_13.tif,false,141.88679245283018
wc2.0_bio_10m_14.tif,false,43.06415094339623
wc2.1_10m_elev.tif,false,221.5320754716981
