Predictor variable,Categorical,Sample average
wc2.0_bio_10m_01.tif,false,14.738117460442302
wc2.0_bio_10m_05.tif,false,29.98759581523803
wc2.0_bio_10m_06.tif,false,-1.3536729260100846
wc2.0_bio_10m_12.tif,false,1081.8620199146515
wc2.0_bio_10m_13.tif,false,139.47937411095305
wc2.0_bio_10m_14.tif,false,51.50782361308677
wc2.1_10m_elev.tif,false,257.9018492176387
