Predictor variable,Categorical,Sample average
wc2.0_bio_10m_01.tif,false,8.915232773333406
wc2.0_bio_10m_05.tif,false,26.036801902464315
wc2.0_bio_10m_06.tif,false,-10.359714096135809
wc2.0_bio_10m_12.tif,false,953.0490832157969
wc2.0_bio_10m_13.tif,false,116.18011283497884
wc2.0_bio_10m_14.tif,false,47.16530324400564
wc2.1_10m_elev.tif,false,519.9779971791255
