Predictor variable,Categorical,Sample average
wc2.0_bio_10m_01.tif,false,14.767671962743291
wc2.0_bio_10m_05.tif,false,30.52387951272031
wc2.0_bio_10m_06.tif,false,-2.1280539569105437
wc2.0_bio_10m_12.tif,false,1081.5050505050506
wc2.0_bio_10m_13.tif,false,131.64187327823691
wc2.0_bio_10m_14.tif,false,57.06152433425161
wc2.1_10m_elev.tif,false,197.18365472910926
