Predictor variable,Categorical,Sample average
wc2.0_bio_10m_01.tif,false,9.234276236535962
wc2.0_bio_10m_05.tif,false,26.318274916224457
wc2.0_bio_10m_06.tif,false,-9.968810535095042
wc2.0_bio_10m_12.tif,false,962.2874270389651
wc2.0_bio_10m_13.tif,false,116.99858021769995
wc2.0_bio_10m_14.tif,false,47.83625177472788
wc2.1_10m_elev.tif,false,497.21675343114055
