Predictor variable,Categorical,Sample average
wc2.0_bio_10m_01.tif,false,15.880512031508081
wc2.0_bio_10m_05.tif,false,29.404068161921245
wc2.0_bio_10m_06.tif,false,1.7795546587840214
wc2.0_bio_10m_12.tif,false,1088.880658436214
wc2.0_bio_10m_13.tif,false,157.2469135802469
wc2.0_bio_10m_14.tif,false,41.8559670781893
wc2.1_10m_elev.tif,false,193.4588477366255
