Predictor variable,Categorical,Sample average
wc2.0_bio_10m_01.tif,false,9.623827695442944
wc2.0_bio_10m_05.tif,false,26.59960499820842
wc2.0_bio_10m_06.tif,false,-9.303327617494078
wc2.0_bio_10m_12.tif,false,968.5243961744205
wc2.0_bio_10m_13.tif,false,117.89139244610148
wc2.0_bio_10m_14.tif,false,47.97989949748744
wc2.1_10m_elev.tif,false,510.1608040201005
