Predictor variable,Categorical,Sample average
wc2.0_bio_10m_01.tif,false,13.038239708677972
wc2.0_bio_10m_05.tif,false,29.111764122694105
wc2.0_bio_10m_06.tif,false,-4.343734732494908
wc2.0_bio_10m_12.tif,false,1039.1453950444134
wc2.0_bio_10m_13.tif,false,128.35296867695186
wc2.0_bio_10m_14.tif,false,51.7531556802244
wc2.1_10m_elev.tif,false,299.7592332865825
