Predictor variable,Categorical,Sample average
wc2.0_bio_10m_01.tif,false,15.50629770912622
wc2.0_bio_10m_05.tif,false,27.97142848215605
wc2.0_bio_10m_06.tif,false,2.4967566381429176
wc2.0_bio_10m_12.tif,false,847.4934210526316
wc2.0_bio_10m_13.tif,false,143.80263157894737
wc2.0_bio_10m_14.tif,false,18.861842105263158
wc2.1_10m_elev.tif,false,200.73684210526315
