Predictor variable,Categorical,Sample average
wc2.0_bio_10m_01.tif,false,9.248738445852517
wc2.0_bio_10m_05.tif,false,26.350444357865936
wc2.0_bio_10m_06.tif,false,-9.970613396111798
wc2.0_bio_10m_12.tif,false,961.2426751592357
wc2.0_bio_10m_13.tif,false,116.84585987261147
wc2.0_bio_10m_14.tif,false,47.80891719745223
wc2.1_10m_elev.tif,false,495.0550955414013
