Predictor variable,Categorical,Sample average
wc2.0_bio_10m_01.tif,false,16.441570314494047
wc2.0_bio_10m_05.tif,false,31.222072315216064
wc2.0_bio_10m_06.tif,false,0.914802662374367
wc2.0_bio_10m_12.tif,false,1066.715909090909
wc2.0_bio_10m_13.tif,false,140.4090909090909
wc2.0_bio_10m_14.tif,false,50.825
wc2.1_10m_elev.tif,false,174.14772727272728
