Predictor variable,Categorical,Sample average
wc2.0_bio_10m_01.tif,false,14.286210842453773
wc2.0_bio_10m_05.tif,false,29.813795969808183
wc2.0_bio_10m_06.tif,false,-2.2148879508492634
wc2.0_bio_10m_12.tif,false,1067.72121966397
wc2.0_bio_10m_13.tif,false,135.60920970752954
wc2.0_bio_10m_14.tif,false,51.73366521468575
wc2.1_10m_elev.tif,false,260.70130678282516
