Predictor variable,Categorical,Sample average
wc2.0_bio_10m_01.tif,false,13.305031445068865
wc2.0_bio_10m_05.tif,false,29.62989731805622
wc2.0_bio_10m_06.tif,false,-4.4481465894211905
wc2.0_bio_10m_12.tif,false,1065.8310432569974
wc2.0_bio_10m_13.tif,false,125.38625954198473
wc2.0_bio_10m_14.tif,false,57.94452926208651
wc2.1_10m_elev.tif,false,245.87531806615777
