Predictor variable,Categorical,Sample average
wc2.0_bio_10m_01.tif,false,15.188342751923555
wc2.0_bio_10m_05.tif,false,27.494753014226877
wc2.0_bio_10m_06.tif,false,2.3430159239919846
wc2.0_bio_10m_12.tif,false,808.5527950310559
wc2.0_bio_10m_13.tif,false,138.77018633540374
wc2.0_bio_10m_14.tif,false,17.024844720496894
wc2.1_10m_elev.tif,false,211.54658385093168
