Predictor variable,Categorical,Sample average
wc2.0_bio_10m_01.tif,false,9.804431399640725
wc2.0_bio_10m_05.tif,false,26.77808241671333
wc2.0_bio_10m_06.tif,false,-9.066252460545728
wc2.0_bio_10m_12.tif,false,972.3159250987803
wc2.0_bio_10m_13.tif,false,118.41711046211991
wc2.0_bio_10m_14.tif,false,48.25133138635973
wc2.1_10m_elev.tif,false,499.2693695241367
