Predictor variable,Categorical,Sample average
wc2.0_bio_10m_01.tif,false,15.329970866236193
wc2.0_bio_10m_05.tif,false,28.027928319470636
wc2.0_bio_10m_06.tif,false,1.976136158291122
wc2.0_bio_10m_12.tif,false,816.8758620689655
wc2.0_bio_10m_13.tif,false,135.00689655172414
wc2.0_bio_10m_14.tif,false,20.820689655172412
wc2.1_10m_elev.tif,false,204.7655172413793
