Predictor variable,Categorical,Sample average
wc2.0_bio_10m_01.tif,false,8.906552330987328
wc2.0_bio_10m_05.tif,false,26.02396451546775
wc2.0_bio_10m_06.tif,false,-10.377365398681365
wc2.0_bio_10m_12.tif,false,955.2827634333566
wc2.0_bio_10m_13.tif,false,116.53286810886253
wc2.0_bio_10m_14.tif,false,47.22358688066992
wc2.1_10m_elev.tif,false,516.6344731332869
