Predictor variable,Categorical,Sample average
wc2.0_bio_10m_01.tif,false,16.376859939893087
wc2.0_bio_10m_05.tif,false,30.483766129811606
wc2.0_bio_10m_06.tif,false,1.5635155802158018
wc2.0_bio_10m_12.tif,false,1024.9433333333334
wc2.0_bio_10m_13.tif,false,142.49333333333334
wc2.0_bio_10m_14.tif,false,44.53
wc2.1_10m_elev.tif,false,211.23333333333332
