Predictor variable,Categorical,Sample average
wc2.0_bio_10m_01.tif,false,14.849147233027155
wc2.0_bio_10m_05.tif,false,29.946343797381008
wc2.0_bio_10m_06.tif,false,-1.0342553873525757
wc2.0_bio_10m_12.tif,false,1092.3790446841294
wc2.0_bio_10m_13.tif,false,142.13482280431433
wc2.0_bio_10m_14.tif,false,51.28659476117103
wc2.1_10m_elev.tif,false,248.73497688751925
