Predictor variable,Categorical,Sample average
wc2.0_bio_10m_01.tif,false,11.055110765408411
wc2.0_bio_10m_05.tif,false,28.015022125216518
wc2.0_bio_10m_06.tif,false,-7.79132954881978
wc2.0_bio_10m_12.tif,false,1022.3391262370263
wc2.0_bio_10m_13.tif,false,119.10499637943519
wc2.0_bio_10m_14.tif,false,54.85759111754767
wc2.1_10m_elev.tif,false,327.468018344195
