Predictor variable,Categorical,Sample average
wc2.0_bio_10m_01.tif,false,10.717149846995984
wc2.0_bio_10m_05.tif,false,27.352669576537878
wc2.0_bio_10m_06.tif,false,-7.7738678168441195
wc2.0_bio_10m_12.tif,false,956.1637710054116
wc2.0_bio_10m_13.tif,false,118.43207063514669
wc2.0_bio_10m_14.tif,false,46.28453432070635
wc2.1_10m_elev.tif,false,415.97579037311306
