Predictor variable,Categorical,Sample average
wc2.0_bio_10m_01.tif,false,11.9940134111999
wc2.0_bio_10m_05.tif,false,28.3387945132279
wc2.0_bio_10m_06.tif,false,-5.874682652874928
wc2.0_bio_10m_12.tif,false,1000.6553056921996
wc2.0_bio_10m_13.tif,false,123.69184820801124
wc2.0_bio_10m_14.tif,false,49.37210119465917
wc2.1_10m_elev.tif,false,367.0411103302881
