Predictor variable,Categorical,Sample average
wc2.0_bio_10m_01.tif,false,15.719590336707846
wc2.0_bio_10m_05.tif,false,28.360641663044568
wc2.0_bio_10m_06.tif,false,2.5800200224421515
wc2.0_bio_10m_12.tif,false,982.8075313807532
wc2.0_bio_10m_13.tif,false,152.7071129707113
wc2.0_bio_10m_14.tif,false,30.481171548117153
wc2.1_10m_elev.tif,false,175.5857740585774
