Predictor variable,Categorical,Sample average
wc2.0_bio_10m_01.tif,false,13.576266979472736
wc2.0_bio_10m_05.tif,false,29.486443120682797
wc2.0_bio_10m_06.tif,false,-3.507632118786773
wc2.0_bio_10m_12.tif,false,1048.753021544929
wc2.0_bio_10m_13.tif,false,130.43457698370995
wc2.0_bio_10m_14.tif,false,52.00367840252233
wc2.1_10m_elev.tif,false,278.9243300052549
