Predictor variable,Categorical,Sample average
wc2.0_bio_10m_01.tif,false,10.902408950379288
wc2.0_bio_10m_05.tif,false,27.93434769221842
wc2.0_bio_10m_06.tif,false,-8.07102676482379
wc2.0_bio_10m_12.tif,false,1015.1382132834425
wc2.0_bio_10m_13.tif,false,118.52946679139383
wc2.0_bio_10m_14.tif,false,54.10289990645463
wc2.1_10m_elev.tif,false,331.58559401309634
