Predictor variable,Categorical,Sample average
wc2.0_bio_10m_01.tif,false,8.879248973547385
wc2.0_bio_10m_05.tif,false,25.99548694426272
wc2.0_bio_10m_06.tif,false,-10.394850700438477
wc2.0_bio_10m_12.tif,false,956.6480392156863
wc2.0_bio_10m_13.tif,false,116.59985994397759
wc2.0_bio_10m_14.tif,false,47.39047619047619
wc2.1_10m_elev.tif,false,519.8137254901961
