Predictor variable,Categorical,Sample average
wc2.0_bio_10m_01.tif,false,9.87995160264324
wc2.0_bio_10m_05.tif,false,27.053464403123165
wc2.0_bio_10m_06.tif,false,-9.379095282935646
wc2.0_bio_10m_12.tif,false,968.1895897343213
wc2.0_bio_10m_13.tif,false,116.13320079522863
wc2.0_bio_10m_14.tif,false,49.13970721127779
wc2.1_10m_elev.tif,false,445.7570938008314
