Predictor variable,Categorical,Sample average
wc2.0_bio_10m_01.tif,false,9.81561301026308
wc2.0_bio_10m_05.tif,false,26.971241125154666
wc2.0_bio_10m_06.tif,false,-9.430609205972196
wc2.0_bio_10m_12.tif,false,969.0826164874552
wc2.0_bio_10m_13.tif,false,116.18064516129033
wc2.0_bio_10m_14.tif,false,49.26254480286738
wc2.1_10m_elev.tif,false,447.347311827957
