Predictor variable,Categorical,Sample average
wc2.0_bio_10m_01.tif,false,9.412477350720005
wc2.0_bio_10m_05.tif,false,26.521741097069924
wc2.0_bio_10m_06.tif,false,-9.81276206993947
wc2.0_bio_10m_12.tif,false,960.7450232249503
wc2.0_bio_10m_13.tif,false,116.21831453218314
wc2.0_bio_10m_14.tif,false,48.22013934970139
wc2.1_10m_elev.tif,false,479.4328135368281
