Predictor variable,Categorical,Sample average
wc2.0_bio_10m_01.tif,false,8.948673920552379
wc2.0_bio_10m_05.tif,false,26.05234689133958
wc2.0_bio_10m_06.tif,false,-10.293807540034122
wc2.0_bio_10m_12.tif,false,953.7658136860265
wc2.0_bio_10m_13.tif,false,116.42093156986775
wc2.0_bio_10m_14.tif,false,47.080218516388726
wc2.1_10m_elev.tif,false,518.5385278895917
