Predictor variable,Categorical,Sample average
wc2.0_bio_10m_01.tif,false,9.81212096258583
wc2.0_bio_10m_05.tif,false,26.773068811298156
wc2.0_bio_10m_06.tif,false,-9.045985086574662
wc2.0_bio_10m_12.tif,false,969.5061051141391
wc2.0_bio_10m_13.tif,false,118.4519554061228
wc2.0_bio_10m_14.tif,false,47.986020173420634
wc2.1_10m_elev.tif,false,491.9708016280304
