Predictor variable,Categorical,Sample average
wc2.0_bio_10m_01.tif,false,9.691783197547172
wc2.0_bio_10m_05.tif,false,26.647895020806807
wc2.0_bio_10m_06.tif,false,-9.191214976778868
wc2.0_bio_10m_12.tif,false,972.5465058648604
wc2.0_bio_10m_13.tif,false,118.44820750041302
wc2.0_bio_10m_14.tif,false,48.09119444903354
wc2.1_10m_elev.tif,false,506.4300346935404
