Predictor variable,Categorical,Sample average
wc2.0_bio_10m_01.tif,false,15.704106827728621
wc2.0_bio_10m_05.tif,false,28.406048439841236
wc2.0_bio_10m_06.tif,false,2.5129083071031983
wc2.0_bio_10m_12.tif,false,1016.0152671755725
wc2.0_bio_10m_13.tif,false,158.09923664122138
wc2.0_bio_10m_14.tif,false,30.916030534351144
wc2.1_10m_elev.tif,false,186.34351145038167
