Predictor variable,Categorical,Sample average
wc2.0_bio_10m_01.tif,false,15.856369739625512
wc2.0_bio_10m_05.tif,false,29.515157895636474
wc2.0_bio_10m_06.tif,false,1.6034404580361283
wc2.0_bio_10m_12.tif,false,1103.7090592334496
wc2.0_bio_10m_13.tif,false,156.46689895470382
wc2.0_bio_10m_14.tif,false,44.09407665505226
wc2.1_10m_elev.tif,false,179.06620209059233
