Predictor variable,Categorical,Sample average
wc2.0_bio_10m_01.tif,false,9.383911911008692
wc2.0_bio_10m_05.tif,false,26.35340338190409
wc2.0_bio_10m_06.tif,false,-9.580533007091569
wc2.0_bio_10m_12.tif,false,968.9996903065964
wc2.0_bio_10m_13.tif,false,117.87534840507897
wc2.0_bio_10m_14.tif,false,48.07293279653143
wc2.1_10m_elev.tif,false,520.1664602043976
