Predictor variable,Categorical,Sample average
wc2.0_bio_10m_01.tif,false,15.857800813697517
wc2.0_bio_10m_05.tif,false,29.519438593520732
wc2.0_bio_10m_06.tif,false,1.5969493367036336
wc2.0_bio_10m_12.tif,false,1105.4788494077834
wc2.0_bio_10m_13.tif,false,156.62944162436548
wc2.0_bio_10m_14.tif,false,44.12521150592217
wc2.1_10m_elev.tif,false,181.37732656514382
