Predictor variable,Categorical,Sample average
wc2.0_bio_10m_01.tif,false,16.1166647679707
wc2.0_bio_10m_05.tif,false,28.970478114291762
wc2.0_bio_10m_06.tif,false,2.7271683932496953
wc2.0_bio_10m_12.tif,false,913.094674556213
wc2.0_bio_10m_13.tif,false,139.02958579881656
wc2.0_bio_10m_14.tif,false,32.23668639053255
wc2.1_10m_elev.tif,false,145.34319526627218
