Predictor variable,Categorical,Sample average
wc2.0_bio_10m_01.tif,false,9.753130560824443
wc2.0_bio_10m_05.tif,false,26.726172137582623
wc2.0_bio_10m_06.tif,false,-9.127259625081509
wc2.0_bio_10m_12.tif,false,975.0344594594594
wc2.0_bio_10m_13.tif,false,118.60557432432432
wc2.0_bio_10m_14.tif,false,48.3910472972973
wc2.1_10m_elev.tif,false,499.86976351351353
