Predictor variable,Categorical,Sample average
wc2.0_bio_10m_01.tif,false,9.978670152579792
wc2.0_bio_10m_05.tif,false,26.75202642107647
wc2.0_bio_10m_06.tif,false,-8.801573964577685
wc2.0_bio_10m_12.tif,false,955.4203364670955
wc2.0_bio_10m_13.tif,false,117.75333993072736
wc2.0_bio_10m_14.tif,false,46.528451261751606
wc2.1_10m_elev.tif,false,432.38743196437406
