Predictor variable,Categorical,Sample average
wc2.0_bio_10m_01.tif,false,9.533440153736004
wc2.0_bio_10m_05.tif,false,26.505162584050147
wc2.0_bio_10m_06.tif,false,-9.407745113995897
wc2.0_bio_10m_12.tif,false,968.7104203575454
wc2.0_bio_10m_13.tif,false,117.82122725076502
wc2.0_bio_10m_14.tif,false,48.10710259301015
wc2.1_10m_elev.tif,false,512.0249637622805
