Predictor variable,Categorical,Sample average
wc2.0_bio_10m_01.tif,false,9.816393345100204
wc2.0_bio_10m_05.tif,false,26.785463334972246
wc2.0_bio_10m_06.tif,false,-9.048695590225716
wc2.0_bio_10m_12.tif,false,967.916578854935
wc2.0_bio_10m_13.tif,false,118.23972602739725
wc2.0_bio_10m_14.tif,false,47.930628731998596
wc2.1_10m_elev.tif,false,493.13347383210396
