Predictor variable,Categorical,Sample average
wc2.0_bio_10m_01.tif,false,12.666647182717155
wc2.0_bio_10m_05.tif,false,29.194449995440458
wc2.0_bio_10m_06.tif,false,-5.433586378493078
wc2.0_bio_10m_12.tif,false,1056.5861660079051
wc2.0_bio_10m_13.tif,false,123.73399209486166
wc2.0_bio_10m_14.tif,false,57.28774703557312
wc2.1_10m_elev.tif,false,268.9166007905138
