Predictor variable,Categorical,Sample average
wc2.0_bio_10m_01.tif,false,15.783131951871125
wc2.0_bio_10m_05.tif,false,29.445322909024988
wc2.0_bio_10m_06.tif,false,1.5236543529365518
wc2.0_bio_10m_12.tif,false,1113.2946859903382
wc2.0_bio_10m_13.tif,false,157.40740740740742
wc2.0_bio_10m_14.tif,false,44.68438003220612
wc2.1_10m_elev.tif,false,182.80193236714976
