Predictor variable,Categorical,Sample average
wc2.0_bio_10m_01.tif,false,11.877541066427812
wc2.0_bio_10m_05.tif,false,28.252996681394844
wc2.0_bio_10m_06.tif,false,-6.0559231875138515
wc2.0_bio_10m_12.tif,false,998.3109272664599
wc2.0_bio_10m_13.tif,false,123.221647707687
wc2.0_bio_10m_14.tif,false,49.28335056876939
wc2.1_10m_elev.tif,false,370.23543605653225
