Predictor variable,Categorical,Sample average
wc2.0_bio_10m_01.tif,false,15.50360059170496
wc2.0_bio_10m_05.tif,false,28.04357726233346
wc2.0_bio_10m_06.tif,false,2.3638820388531756
wc2.0_bio_10m_12.tif,false,823.3392857142857
wc2.0_bio_10m_13.tif,false,138.55357142857142
wc2.0_bio_10m_14.tif,false,19.172619047619047
wc2.1_10m_elev.tif,false,206.95833333333334
