Predictor variable,Categorical,Sample average
wc2.0_bio_10m_01.tif,false,12.860849309860122
wc2.0_bio_10m_05.tif,false,29.328258477471987
wc2.0_bio_10m_06.tif,false,-5.132785327090944
wc2.0_bio_10m_12.tif,false,1057.5030120481927
wc2.0_bio_10m_13.tif,false,124.17039586919105
wc2.0_bio_10m_14.tif,false,57.28915662650602
wc2.1_10m_elev.tif,false,263.1669535283993
