Predictor variable,Categorical,Sample average
wc2.0_bio_10m_01.tif,false,10.122146960224137
wc2.0_bio_10m_05.tif,false,26.824276291011298
wc2.0_bio_10m_06.tif,false,-8.533349386986421
wc2.0_bio_10m_12.tif,false,949.6678001569448
wc2.0_bio_10m_13.tif,false,117.76876798325922
wc2.0_bio_10m_14.tif,false,45.9395762490191
wc2.1_10m_elev.tif,false,438.47449646874185
