Predictor variable,Categorical,Sample average
wc2.0_bio_10m_01.tif,false,16.40967205430725
wc2.0_bio_10m_05.tif,false,31.20680448148987
wc2.0_bio_10m_06.tif,false,0.8596342759465971
wc2.0_bio_10m_12.tif,false,1061.8552915766738
wc2.0_bio_10m_13.tif,false,139.7170626349892
wc2.0_bio_10m_14.tif,false,50.518358531317496
wc2.1_10m_elev.tif,false,180.44924406047517
