Predictor variable,Categorical,Sample average
wc2.0_bio_10m_01.tif,false,15.140346641770755
wc2.0_bio_10m_05.tif,false,29.841888808495707
wc2.0_bio_10m_06.tif,false,-0.2955304998186043
wc2.0_bio_10m_12.tif,false,1110.113277623027
wc2.0_bio_10m_13.tif,false,147.58310120705664
wc2.0_bio_10m_14.tif,false,50.168059424326835
wc2.1_10m_elev.tif,false,229.5552460538533
