Predictor variable,Categorical,Sample average
wc2.0_bio_10m_01.tif,false,10.97835363688957
wc2.0_bio_10m_05.tif,false,27.54980518146735
wc2.0_bio_10m_06.tif,false,-7.379123391766937
wc2.0_bio_10m_12.tif,false,964.3804475853946
wc2.0_bio_10m_13.tif,false,119.38457008244994
wc2.0_bio_10m_14.tif,false,46.908716136631334
wc2.1_10m_elev.tif,false,409.99587750294467
