Predictor variable,Categorical,Sample average
wc2.0_bio_10m_01.tif,false,11.021750263486263
wc2.0_bio_10m_05.tif,false,28.01503991955115
wc2.0_bio_10m_06.tif,false,-7.878734933822357
wc2.0_bio_10m_12.tif,false,1018.4350011970314
wc2.0_bio_10m_13.tif,false,118.78070385444099
wc2.0_bio_10m_14.tif,false,54.49964089059134
wc2.1_10m_elev.tif,false,329.5345942063682
