Predictor variable,Categorical,Sample average
wc2.0_bio_10m_01.tif,false,10.439377834632968
wc2.0_bio_10m_05.tif,false,27.570958458452477
wc2.0_bio_10m_06.tif,false,-8.75665617992926
wc2.0_bio_10m_12.tif,false,1000.8390878090366
wc2.0_bio_10m_13.tif,false,117.50895140664962
wc2.0_bio_10m_14.tif,false,52.62617220801364
wc2.1_10m_elev.tif,false,355.9047314578005
