Predictor variable,Categorical,Sample average
wc2.0_bio_10m_01.tif,false,11.266189446596664
wc2.0_bio_10m_05.tif,false,28.144889254835117
wc2.0_bio_10m_06.tif,false,-7.453064175692833
wc2.0_bio_10m_12.tif,false,1027.3450114242194
wc2.0_bio_10m_13.tif,false,119.88220360497589
wc2.0_bio_10m_14.tif,false,55.174155877126175
wc2.1_10m_elev.tif,false,319.76846915460777
