Predictor variable,Categorical,Sample average
wc2.0_bio_10m_01.tif,false,15.421776514111853
wc2.0_bio_10m_05.tif,false,27.998720122261282
wc2.0_bio_10m_06.tif,false,2.2574198242116927
wc2.0_bio_10m_12.tif,false,820.4171779141104
wc2.0_bio_10m_13.tif,false,138.29447852760737
wc2.0_bio_10m_14.tif,false,19.012269938650306
wc2.1_10m_elev.tif,false,218.61349693251535
