Predictor variable,Categorical,Sample average
wc2.0_bio_10m_01.tif,false,9.275483540979051
wc2.0_bio_10m_05.tif,false,26.27402968913529
wc2.0_bio_10m_06.tif,false,-9.762682131344032
wc2.0_bio_10m_12.tif,false,966.1129750593824
wc2.0_bio_10m_13.tif,false,117.82170427553444
wc2.0_bio_10m_14.tif,false,47.77983966745843
wc2.1_10m_elev.tif,false,519.9434382422803
