Predictor variable,Categorical,Sample average
wc2.0_bio_10m_01.tif,false,9.032726640846352
wc2.0_bio_10m_05.tif,false,26.096550572535527
wc2.0_bio_10m_06.tif,false,-10.145125953809767
wc2.0_bio_10m_12.tif,false,961.1481534293455
wc2.0_bio_10m_13.tif,false,117.32553828604021
wc2.0_bio_10m_14.tif,false,47.45187508912021
wc2.1_10m_elev.tif,false,523.9247112505348
