Predictor variable,Categorical,Sample average
wc2.0_bio_10m_01.tif,false,9.066218868847006
wc2.0_bio_10m_05.tif,false,26.122082989051496
wc2.0_bio_10m_06.tif,false,-10.088840180609433
wc2.0_bio_10m_12.tif,false,961.6323911162389
wc2.0_bio_10m_13.tif,false,117.26708970291318
wc2.0_bio_10m_14.tif,false,47.574271704643785
wc2.1_10m_elev.tif,false,524.6939717334872
