Predictor variable,Categorical,Sample average
wc2.0_bio_10m_01.tif,false,9.968520430211957
wc2.0_bio_10m_05.tif,false,26.79144753190171
wc2.0_bio_10m_06.tif,false,-8.840903094678481
wc2.0_bio_10m_12.tif,false,963.2373445825932
wc2.0_bio_10m_13.tif,false,117.94826820603907
wc2.0_bio_10m_14.tif,false,47.368339253996446
wc2.1_10m_elev.tif,false,438.2559946714032
