Predictor variable,Categorical,Sample average
wc2.0_bio_10m_01.tif,false,13.058502012765812
wc2.0_bio_10m_05.tif,false,29.459915743366736
wc2.0_bio_10m_06.tif,false,-4.827510673372866
wc2.0_bio_10m_12.tif,false,1061.6593764541647
wc2.0_bio_10m_13.tif,false,124.85155886458818
wc2.0_bio_10m_14.tif,false,57.527687296416936
wc2.1_10m_elev.tif,false,255.71195905072128
