Predictor variable,Categorical,Sample average
wc2.0_bio_10m_01.tif,false,12.82737455455633
wc2.0_bio_10m_05.tif,false,28.960288582309598
wc2.0_bio_10m_06.tif,false,-4.656349153018232
wc2.0_bio_10m_12.tif,false,1034.508512544803
wc2.0_bio_10m_13.tif,false,127.3086917562724
wc2.0_bio_10m_14.tif,false,51.8176523297491
wc2.1_10m_elev.tif,false,310.8929211469534
