Predictor variable,Categorical,Sample average
wc2.0_bio_10m_01.tif,false,15.710272569379372
wc2.0_bio_10m_05.tif,false,28.355842289588264
wc2.0_bio_10m_06.tif,false,2.589485421282127
wc2.0_bio_10m_12.tif,false,994.344398340249
wc2.0_bio_10m_13.tif,false,155.36514522821577
wc2.0_bio_10m_14.tif,false,29.91286307053942
wc2.1_10m_elev.tif,false,176.78838174273858
