Predictor variable,Categorical,Sample average
wc2.0_bio_10m_01.tif,false,10.219430778370896
wc2.0_bio_10m_05.tif,false,27.372499661286703
wc2.0_bio_10m_06.tif,false,-9.003354839327336
wc2.0_bio_10m_12.tif,false,982.3720522315338
wc2.0_bio_10m_13.tif,false,116.57786006626388
wc2.0_bio_10m_14.tif,false,50.662638861820305
wc2.1_10m_elev.tif,false,397.275774702787
