Predictor variable,Categorical,Sample average
wc2.0_bio_10m_01.tif,false,14.179778655578652
wc2.0_bio_10m_05.tif,false,29.7711532291854
wc2.0_bio_10m_06.tif,false,-2.4068937074179173
wc2.0_bio_10m_12.tif,false,1067.1739652069587
wc2.0_bio_10m_13.tif,false,135.0611877624475
wc2.0_bio_10m_14.tif,false,51.87282543491302
wc2.1_10m_elev.tif,false,261.7084583083383
