Predictor variable,Categorical,Sample average
wc2.0_bio_10m_01.tif,false,15.541371057236116
wc2.0_bio_10m_05.tif,false,27.902001898273145
wc2.0_bio_10m_06.tif,false,2.69346229425248
wc2.0_bio_10m_12.tif,false,801.9281045751634
wc2.0_bio_10m_13.tif,false,137.54901960784315
wc2.0_bio_10m_14.tif,false,16.96732026143791
wc2.1_10m_elev.tif,false,203.73202614379085
