Predictor variable,Categorical,Sample average
wc2.0_bio_10m_01.tif,false,9.058563262013411
wc2.0_bio_10m_05.tif,false,26.137217397381626
wc2.0_bio_10m_06.tif,false,-10.125311673393078
wc2.0_bio_10m_12.tif,false,958.844004832377
wc2.0_bio_10m_13.tif,false,116.9710057384476
wc2.0_bio_10m_14.tif,false,47.41014799154334
wc2.1_10m_elev.tif,false,518.4533373603141
