Predictor variable,Categorical,Sample average
wc2.0_bio_10m_01.tif,false,12.520220460021626
wc2.0_bio_10m_05.tif,false,28.7037306473883
wc2.0_bio_10m_06.tif,false,-5.066236307835416
wc2.0_bio_10m_12.tif,false,1028.4449618966978
wc2.0_bio_10m_13.tif,false,126.51693480101609
wc2.0_bio_10m_14.tif,false,51.37891617273497
wc2.1_10m_elev.tif,false,322.50762066045723
