Predictor variable,Categorical,Sample average
wc2.0_bio_10m_01.tif,false,9.942222859455011
wc2.0_bio_10m_05.tif,false,26.76372811165454
wc2.0_bio_10m_06.tif,false,-8.895462259310584
wc2.0_bio_10m_12.tif,false,959.3400421249708
wc2.0_bio_10m_13.tif,false,117.87807161245027
wc2.0_bio_10m_14.tif,false,46.9740229347063
wc2.1_10m_elev.tif,false,431.38123098525625
