Predictor variable,Categorical,Sample average
wc2.0_bio_10m_01.tif,false,12.768903217639453
wc2.0_bio_10m_05.tif,false,29.258059844656735
wc2.0_bio_10m_06.tif,false,-5.270717022105361
wc2.0_bio_10m_12.tif,false,1058.0111111111112
wc2.0_bio_10m_13.tif,false,124.10617283950617
wc2.0_bio_10m_14.tif,false,57.28724279835391
wc2.1_10m_elev.tif,false,264.11399176954734
