Predictor variable,Categorical,Sample average
wc2.0_bio_10m_01.tif,false,9.386777389289744
wc2.0_bio_10m_05.tif,false,26.493194100644757
wc2.0_bio_10m_06.tif,false,-9.834813767584318
wc2.0_bio_10m_12.tif,false,960.5786173898697
wc2.0_bio_10m_13.tif,false,116.38244514106583
wc2.0_bio_10m_14.tif,false,48.07589506682066
wc2.1_10m_elev.tif,false,481.48787328823624
