Predictor variable,Categorical,Sample average
wc2.0_bio_10m_01.tif,false,15.419912610903825
wc2.0_bio_10m_05.tif,false,29.651452555514798
wc2.0_bio_10m_06.tif,false,0.5312533417549261
wc2.0_bio_10m_12.tif,false,1119.5730198019803
wc2.0_bio_10m_13.tif,false,153.38242574257427
wc2.0_bio_10m_14.tif,false,47.63490099009901
wc2.1_10m_elev.tif,false,203.28341584158414
