Predictor variable,Categorical,Sample average
wc2.0_bio_10m_01.tif,false,15.52090390168937
wc2.0_bio_10m_05.tif,false,27.952599361443976
wc2.0_bio_10m_06.tif,false,2.567156376625607
wc2.0_bio_10m_12.tif,false,815.4140127388536
wc2.0_bio_10m_13.tif,false,139.47770700636943
wc2.0_bio_10m_14.tif,false,17.605095541401273
wc2.1_10m_elev.tif,false,204.96815286624204
