Predictor variable,Categorical,Sample average
wc2.0_bio_10m_01.tif,false,12.049483232314927
wc2.0_bio_10m_05.tif,false,28.363778512054914
wc2.0_bio_10m_06.tif,false,-5.769095874620695
wc2.0_bio_10m_12.tif,false,1003.5030586541922
wc2.0_bio_10m_13.tif,false,123.96149694134581
wc2.0_bio_10m_14.tif,false,49.57142857142857
wc2.1_10m_elev.tif,false,364.9920834832674
