Predictor variable,Categorical,Sample average
wc2.0_bio_10m_01.tif,false,16.560807050817154
wc2.0_bio_10m_05.tif,false,31.250882317038144
wc2.0_bio_10m_06.tif,false,1.161684083156463
wc2.0_bio_10m_12.tif,false,1058.6964705882353
wc2.0_bio_10m_13.tif,false,140.5435294117647
wc2.0_bio_10m_14.tif,false,49.71764705882353
wc2.1_10m_elev.tif,false,181.84
