Predictor variable,Categorical,Sample average
wc2.0_bio_10m_01.tif,false,15.854691185619895
wc2.0_bio_10m_05.tif,false,28.891960622320724
wc2.0_bio_10m_06.tif,false,2.31393504808474
wc2.0_bio_10m_12.tif,false,1036.9697885196374
wc2.0_bio_10m_13.tif,false,157.1117824773414
wc2.0_bio_10m_14.tif,false,34.97885196374622
wc2.1_10m_elev.tif,false,182.20543806646526
