Predictor variable,Categorical,Sample average
wc2.0_bio_10m_01.tif,false,9.806580306481951
wc2.0_bio_10m_05.tif,false,26.772947225924142
wc2.0_bio_10m_06.tif,false,-9.063396679826644
wc2.0_bio_10m_12.tif,false,968.5103349964362
wc2.0_bio_10m_13.tif,false,118.48271560940842
wc2.0_bio_10m_14.tif,false,47.84390591589451
wc2.1_10m_elev.tif,false,487.9743406985032
