Predictor variable,Categorical,Sample average
wc2.0_bio_10m_01.tif,false,15.46103526252547
wc2.0_bio_10m_05.tif,false,28.098192925546684
wc2.0_bio_10m_06.tif,false,2.191775630100393
wc2.0_bio_10m_12.tif,false,866.9869281045752
wc2.0_bio_10m_13.tif,false,143.12418300653596
wc2.0_bio_10m_14.tif,false,21.934640522875817
wc2.1_10m_elev.tif,false,211.76470588235293
