Predictor variable,Categorical,Sample average
wc2.0_bio_10m_01.tif,false,15.485652559567122
wc2.0_bio_10m_05.tif,false,29.639984008689332
wc2.0_bio_10m_06.tif,false,0.669315242742596
wc2.0_bio_10m_12.tif,false,1121.4705882352941
wc2.0_bio_10m_13.tif,false,153.6313725490196
wc2.0_bio_10m_14.tif,false,47.83398692810457
wc2.1_10m_elev.tif,false,190.6640522875817
