Predictor variable,Categorical,Sample average
wc2.0_bio_10m_01.tif,false,9.771949990438703
wc2.0_bio_10m_05.tif,false,26.77724793339571
wc2.0_bio_10m_06.tif,false,-9.205414170023486
wc2.0_bio_10m_12.tif,false,958.1592215013902
wc2.0_bio_10m_13.tif,false,117.2
wc2.0_bio_10m_14.tif,false,47.23873957367933
wc2.1_10m_elev.tif,false,474.3975903614458
