Predictor variable,Categorical,Sample average
wc2.0_bio_10m_01.tif,false,15.46158594541599
wc2.0_bio_10m_05.tif,false,27.97020189749762
wc2.0_bio_10m_06.tif,false,2.4306660547292758
wc2.0_bio_10m_12.tif,false,913.860103626943
wc2.0_bio_10m_13.tif,false,149.14507772020724
wc2.0_bio_10m_14.tif,false,23.59585492227979
wc2.1_10m_elev.tif,false,200.57512953367876
