Predictor variable,Categorical,Sample average
wc2.0_bio_10m_01.tif,false,10.834349537165501
wc2.0_bio_10m_05.tif,false,27.443441471950614
wc2.0_bio_10m_06.tif,false,-7.608976730446213
wc2.0_bio_10m_12.tif,false,958.2846043165467
wc2.0_bio_10m_13.tif,false,118.63741007194244
wc2.0_bio_10m_14.tif,false,46.47482014388489
wc2.1_10m_elev.tif,false,412.7225899280576
