Predictor variable,Categorical,Sample average
wc2.0_bio_10m_01.tif,false,9.513568969641504
wc2.0_bio_10m_05.tif,false,26.649248814745015
wc2.0_bio_10m_06.tif,false,-9.735461001805664
wc2.0_bio_10m_12.tif,false,958.6287414965986
wc2.0_bio_10m_13.tif,false,115.79948979591836
wc2.0_bio_10m_14.tif,false,48.25748299319728
wc2.1_10m_elev.tif,false,475.13197278911565
