Predictor variable,Categorical,Sample average
wc2.0_bio_10m_01.tif,false,9.310695271980359
wc2.0_bio_10m_05.tif,false,26.422399029094574
wc2.0_bio_10m_06.tif,false,-9.923615208381133
wc2.0_bio_10m_12.tif,false,961.6494560805326
wc2.0_bio_10m_13.tif,false,116.6889105374249
wc2.0_bio_10m_14.tif,false,47.95697353466472
wc2.1_10m_elev.tif,false,486.77155382367266
