Predictor variable,Categorical,Sample average
wc2.0_bio_10m_01.tif,false,11.441234638255514
wc2.0_bio_10m_05.tif,false,27.92720725530326
wc2.0_bio_10m_06.tif,false,-6.724274933408107
wc2.0_bio_10m_12.tif,false,980.2566287878788
wc2.0_bio_10m_13.tif,false,121.15940656565657
wc2.0_bio_10m_14.tif,false,48.041982323232325
wc2.1_10m_elev.tif,false,386.9621212121212
