Predictor variable,Categorical,Sample average
wc2.0_bio_10m_01.tif,false,8.926000880649276
wc2.0_bio_10m_05.tif,false,26.02798381445666
wc2.0_bio_10m_06.tif,false,-10.320629944978464
wc2.0_bio_10m_12.tif,false,954.4712512483949
wc2.0_bio_10m_13.tif,false,116.51562277072335
wc2.0_bio_10m_14.tif,false,47.13254387216436
wc2.1_10m_elev.tif,false,519.1867598801541
