Predictor variable,Categorical,Sample average
wc2.0_bio_10m_01.tif,false,8.996914616024124
wc2.0_bio_10m_05.tif,false,26.09685521536763
wc2.0_bio_10m_06.tif,false,-10.222634264964263
wc2.0_bio_10m_12.tif,false,955.6154073199527
wc2.0_bio_10m_13.tif,false,116.6038961038961
wc2.0_bio_10m_14.tif,false,47.184179456906726
wc2.1_10m_elev.tif,false,522.2296340023613
