Predictor variable,Categorical,Sample average
wc2.0_bio_10m_01.tif,false,10.687661299797204
wc2.0_bio_10m_05.tif,false,27.779215341887323
wc2.0_bio_10m_06.tif,false,-8.398620248075803
wc2.0_bio_10m_12.tif,false,1008.3696832579185
wc2.0_bio_10m_13.tif,false,117.85452488687783
wc2.0_bio_10m_14.tif,false,53.530316742081446
wc2.1_10m_elev.tif,false,341.07737556561085
