Predictor variable,Categorical,Sample average
wc2.0_bio_10m_01.tif,false,10.39212046742508
wc2.0_bio_10m_05.tif,false,27.53827533173996
wc2.0_bio_10m_06.tif,false,-8.819291682490698
wc2.0_bio_10m_12.tif,false,996.2088488152652
wc2.0_bio_10m_13.tif,false,117.2566575802055
wc2.0_bio_10m_14.tif,false,52.18347661983644
wc2.1_10m_elev.tif,false,367.3805829314322
