Predictor variable,Categorical,Sample average
wc2.0_bio_10m_01.tif,false,9.763869608461485
wc2.0_bio_10m_05.tif,false,26.926062620727638
wc2.0_bio_10m_06.tif,false,-9.500322132461207
wc2.0_bio_10m_12.tif,false,966.8013221368591
wc2.0_bio_10m_13.tif,false,115.94443451849205
wc2.0_bio_10m_14.tif,false,49.093442915847774
wc2.1_10m_elev.tif,false,450.5729855279614
