Predictor variable,Categorical,Sample average
wc2.0_bio_10m_01.tif,false,9.353252325833132
wc2.0_bio_10m_05.tif,false,26.342436160730674
wc2.0_bio_10m_06.tif,false,-9.645658231726381
wc2.0_bio_10m_12.tif,false,965.7501141378785
wc2.0_bio_10m_13.tif,false,117.50814183533709
wc2.0_bio_10m_14.tif,false,47.8936234971846
wc2.1_10m_elev.tif,false,523.014000913103
