Predictor variable,Categorical,Sample average
wc2.0_bio_10m_01.tif,false,9.80862450043445
wc2.0_bio_10m_05.tif,false,26.77533405031058
wc2.0_bio_10m_06.tif,false,-9.057709168404788
wc2.0_bio_10m_12.tif,false,973.1656137954584
wc2.0_bio_10m_13.tif,false,118.623698138979
wc2.0_bio_10m_14.tif,false,48.17380911729554
wc2.1_10m_elev.tif,false,498.16100392692505
