Predictor variable,Categorical,Sample average
wc2.0_bio_10m_01.tif,false,15.000300986902074
wc2.0_bio_10m_05.tif,false,29.949963436401262
wc2.0_bio_10m_06.tif,false,-0.7116394107876808
wc2.0_bio_10m_12.tif,false,1093.784081287045
wc2.0_bio_10m_13.tif,false,143.82472480948348
wc2.0_bio_10m_14.tif,false,50.41405588484335
wc2.1_10m_elev.tif,false,240.4640135478408
