Predictor variable,Categorical,Sample average
0,false,19.313328214593835
1,false,12.403454613041234
10,false,128.72972972972974
11,false,33.32432432432432
12,false,53.925662942834805
13,false,342.5
14,false,119.10810810810811
15,false,267.7162162162162
16,false,191.5
2,false,44.11223780142294
3,false,604.9066887932855
4,false,33.368045755334805
5,false,4.63191077495749
6,false,28.736135070388382
7,false,26.59819511465124
8,false,11.833022221318773
9,false,865.1351351351351
