Predictor variable,Categorical,Sample average
0,false,18.394931520073158
1,false,12.582504661337843
10,false,128.4271844660194
11,false,28.514563106796118
12,false,56.83812843248682
13,false,335.02912621359224
14,false,104.3883495145631
15,false,200.0
16,false,238.19417475728156
2,false,45.58966258891578
3,false,581.4608087632263
4,false,32.22009127348372
5,false,3.920308639919295
6,false,28.299782604847138
7,false,25.4141981810042
8,false,11.213445906500214
9,false,826.5728155339806
