Predictor variable,Categorical,Sample average
0,false,17.524986665982468
1,false,12.414083373088102
10,false,130.69230769230768
11,false,41.85096153846154
12,false,46.34844530545748
13,false,348.1682692307692
14,false,147.125
15,false,231.49519230769232
16,false,271.0625
2,false,43.42214973156269
3,false,622.6902266282302
4,false,31.892385033460762
5,false,2.550248847844509
6,false,29.34213622716757
7,false,25.05718433856964
8,false,9.812796570468121
9,false,957.0
