Predictor variable,Categorical,Sample average
0,false,12.91906773569909
1,false,11.310193461450664
10,false,126.38920454545455
11,false,51.77556818181818
12,false,33.85232106122103
13,false,343.1818181818182
14,false,176.47727272727272
15,false,263.4801136363636
16,false,245.21022727272728
2,false,35.799520162018865
3,false,782.3979450139133
4,false,28.54673945903778
5,false,-4.207961960145357
6,false,32.75470146265897
7,false,22.335284113883972
8,false,3.1122871296247467
9,false,1018.65625
