Predictor variable,Categorical,Sample average
0,false,14.610542992781136
1,false,12.359891744424369
10,false,131.29541984732825
11,false,45.54274809160305
12,false,40.605622232233294
13,false,354.7015267175573
14,false,156.93587786259542
15,false,221.97557251908398
16,false,275.2
2,false,39.26156189023084
3,false,727.2624897032293
4,false,30.261741522432285
5,false,-2.030811051071714
6,false,32.29255255997636
7,false,23.431952811379468
8,false,5.557531292174182
9,false,996.4625954198473
