Predictor variable,Categorical,Sample average
0,false,9.440902450570889
1,false,11.567274474073201
10,false,124.12060546875
11,false,47.22509765625
12,false,33.545635238522664
13,false,344.1171875
14,false,161.09326171875
15,false,234.17919921875
16,false,261.54638671875
2,false,34.36708667874336
3,false,842.5433502942324
4,false,25.966246352065355
5,false,-8.694979204391803
6,false,34.66122557641938
7,false,19.674476925982162
8,false,-1.0291881436281756
9,false,992.2060546875
