Predictor variable,Categorical,Sample average
0,false,17.73594956091273
1,false,12.486994675028393
10,false,135.640350877193
11,false,44.40643274853801
12,false,45.496428414394984
13,false,362.8157894736842
14,false,154.99707602339183
15,false,257.359649122807
16,false,266.17836257309943
2,false,43.68100703947725
3,false,616.9965439288936
4,false,32.0681533478854
5,false,2.8084901989116307
6,false,29.259663160781415
7,false,25.16512564051221
8,false,10.054393451007313
9,false,992.8888888888889
