Predictor variable,Categorical,Sample average
0,false,18.45350209342109
1,false,12.348395093282063
10,false,126.33333333333333
11,false,35.55555555555556
12,false,50.7472247865465
13,false,335.65555555555557
14,false,126.04444444444445
15,false,263.8333333333333
16,false,196.56666666666666
2,false,42.732033284505206
3,false,635.5710917154948
4,false,32.87276418473986
5,false,3.3004485565755104
6,false,29.57231568230523
7,false,26.096000152164034
8,false,10.559226332439316
9,false,870.0
