Predictor variable,Categorical,Sample average
0,false,10.903775037134688
1,false,11.456852071126303
10,false,119.876
11,false,53.85666666666667
12,false,28.319660260518393
13,false,331.44933333333336
14,false,182.33466666666666
15,false,263.9986666666667
16,false,241.11666666666667
2,false,33.29333586756388
3,false,866.9810127360026
4,false,27.618921236038208
5,false,-7.65512963224488
6,false,35.27405089886983
7,false,21.340942550023396
8,false,-0.0037041093239871163
9,false,1023.286
