Predictor variable,Categorical,Sample average
0,false,18.994106073768773
1,false,12.588139271249576
10,false,121.81632653061224
11,false,28.76530612244898
12,false,55.80336568793472
13,false,318.53061224489795
14,false,104.55102040816327
15,false,202.1122448979592
16,false,221.73469387755102
2,false,45.4423375032386
3,false,584.1523685066068
4,false,32.82731677074822
5,false,4.466859354808623
6,false,28.360457332766785
7,false,26.02537388704261
8,false,11.76005918882331
9,false,802.5
