Predictor variable,Categorical,Sample average
0,false,18.347658783197403
1,false,12.660797202587128
10,false,124.85
11,false,36.00625
12,false,51.54304746985436
13,false,330.25625
14,false,126.61875
15,false,213.55
16,false,249.55625
2,false,44.82854038476944
3,false,597.0464234352112
4,false,32.50063945055008
5,false,3.656091402913444
6,false,28.84454799890518
7,false,25.5664781332016
8,false,10.96812133602798
9,false,880.5125
