Predictor variable,Categorical,Sample average
0,false,17.209880650498484
1,false,12.461806659480088
10,false,135.9083969465649
11,false,46.06870229007634
12,false,43.25638027136562
13,false,363.5896946564886
14,false,160.6030534351145
15,false,246.6583969465649
16,false,275.75954198473283
2,false,42.44558723100269
3,false,644.90018760157
4,false,31.883799774956156
5,false,1.860533606238354
6,false,30.023266140741246
7,false,24.97016864514533
8,false,9.162264128620842
9,false,1010.9847328244275
