Predictor variable,Categorical,Sample average
0,false,18.314511424303056
1,false,12.666189104318619
10,false,125.01875
11,false,36.63125
12,false,50.893876165151596
13,false,331.0125
14,false,128.61875
15,false,215.6875
16,false,250.14375
2,false,44.650638782978056
3,false,602.050335597992
4,false,32.53841478824616
5,false,3.5582303271396087
6,false,28.980184412002565
7,false,25.59617198705673
8,false,10.87372927032411
9,false,884.9125
