Predictor variable,Categorical,Sample average
0,false,17.273658800125123
1,false,12.18512939973311
10,false,126.45454545454545
11,false,37.39090909090909
12,false,50.80892534255982
13,false,336.8727272727273
14,false,129.05454545454546
15,false,250.24545454545455
16,false,211.9181818181818
2,false,42.170657452670014
3,false,642.5682561700994
4,false,31.709950776533645
5,false,2.1064196796241133
6,false,29.603531022505326
7,false,25.02650213241577
8,false,9.338104266199199
9,false,880.9
