Predictor variable,Categorical,Sample average
0,false,14.298682569902997
1,false,11.455515728440396
10,false,131.53023255813955
11,false,47.06046511627907
12,false,41.697790174706036
13,false,354.29767441860463
14,false,159.8
15,false,250.5767441860465
16,false,248.4418604651163
2,false,38.01686998411667
3,false,720.7892031647439
4,false,29.281988649590073
5,false,-1.8771844855574675
6,false,31.15917317590048
7,false,23.002701989994492
8,false,5.3418667054973366
9,false,992.8139534883721
