Predictor variable,Categorical,Sample average
0,false,17.46978254403387
1,false,12.550949626735278
10,false,128.80357142857142
11,false,41.473214285714285
12,false,46.71634743469102
13,false,343.16517857142856
14,false,145.16964285714286
15,false,229.0
16,false,267.48660714285717
2,false,43.39035416500909
3,false,628.7005453109741
4,false,31.98213232415063
5,false,2.352154271211475
6,false,29.629978099039622
7,false,25.084911759410584
8,false,9.697859909751319
9,false,942.3928571428571
