Predictor variable,Categorical,Sample average
0,false,17.10934489744681
1,false,12.171010520723131
10,false,129.2685185185185
11,false,38.93518518518518
12,false,48.99101685594629
13,false,344.8240740740741
14,false,134.7685185185185
15,false,260.5925925925926
16,false,214.2037037037037
2,false,41.60148859024048
3,false,658.3142081366645
4,false,31.711959715242738
5,false,1.670967771568232
6,false,30.04099190676654
7,false,25.037082027505946
8,false,8.95256860802571
9,false,908.0555555555555
