Predictor variable,Categorical,Sample average
0,false,11.701309530925606
1,false,11.819503314140615
10,false,133.6001357773252
11,false,41.74338085539715
12,false,39.96464929075688
13,false,366.969450101833
14,false,145.55465037338763
15,false,215.81873727087577
16,false,282.6693822131704
2,false,37.0453628130859
3,false,771.1761405618516
4,false,27.545012044162064
5,false,-5.434538771354328
6,false,32.979550803185155
7,false,21.11302917989354
8,false,2.1634530657240063
9,false,996.0
