Predictor variable,Categorical,Sample average
0,false,16.07441130199948
1,false,11.789164095311552
10,false,129.23648648648648
11,false,40.432432432432435
12,false,47.57995606435312
13,false,345.75
14,false,139.8581081081081
15,false,244.99324324324326
16,false,227.57432432432432
2,false,40.41312247353631
3,false,666.4060347273543
4,false,30.559545736055117
5,false,0.6498097674417738
6,false,29.909736001813734
7,false,24.116807119266408
8,false,7.834060924857654
9,false,924.0472972972973
