Predictor variable,Categorical,Sample average
0,false,11.344803202982405
1,false,11.755636422767251
10,false,131.5
11,false,42.28743654822335
12,false,38.91330234592941
13,false,362.06154822335026
14,false,147.33185279187816
15,false,217.7741116751269
16,false,278.2810913705584
2,false,36.57221927497593
3,false,782.1430457836481
4,false,27.280081331427326
5,false,-5.936068087286561
6,false,33.21614938944124
7,false,20.883546071609263
8,false,1.664473190479516
9,false,991.6744923857868
