Predictor variable,Categorical,Sample average
0,false,11.836058294267527
1,false,11.24487539912973
10,false,122.75744047619048
11,false,55.69047619047619
12,false,28.34282486211686
13,false,337.01190476190476
14,false,188.3110119047619
15,false,273.02232142857144
16,false,243.83482142857142
2,false,33.75520613079979
3,false,839.870649315062
4,false,28.095353265603382
5,false,-6.189848041601917
6,false,34.2852013536862
7,false,21.92338441383271
8,false,1.25823801428002
9,false,1040.063988095238
