Predictor variable,Categorical,Sample average
0,false,13.859144562855363
1,false,11.414709882810712
10,false,131.3515625
11,false,48.76953125
12,false,40.177576672285795
13,false,355.1875
14,false,165.9921875
15,false,253.85546875
16,false,254.26953125
2,false,37.641056306660175
3,false,732.2042098045349
4,false,28.942541010677814
5,false,-2.49028612440452
6,false,31.432827159762383
7,false,22.690516036003828
8,false,4.741494518239051
9,false,1010.046875
