Predictor variable,Categorical,Sample average
0,false,18.825569057464598
1,false,12.483964055776596
10,false,127.525
11,false,33.35
12,false,53.712923121452334
13,false,339.6625
14,false,118.7625
15,false,262.75
16,false,194.0
2,false,43.71461660861969
3,false,619.9289070129395
4,false,33.14041657447815
5,false,3.878519847802818
6,false,29.261896824836732
7,false,26.295902264118194
8,false,11.146282810531556
9,false,859.3
