Predictor variable,Categorical,Sample average
0,false,12.33826572323544
1,false,11.965606791767353
10,false,131.96278701504355
11,false,42.61757719714964
12,false,40.32851410176389
13,false,361.69279493269994
14,false,147.85431512272368
15,false,213.6706254948535
16,false,282.590657165479
2,false,37.70805352695009
3,false,761.9442152082212
4,false,28.131385134971058
5,false,-4.735608005835081
6,false,32.8669931890468
7,false,21.616954371179744
8,false,2.897153385126593
9,false,991.41567695962
