Predictor variable,Categorical,Sample average
0,false,14.101789947178053
1,false,11.449855972372967
10,false,130.96521739130435
11,false,47.84347826086957
12,false,40.917209196090695
13,false,352.8478260869565
14,false,162.4391304347826
15,false,251.8
16,false,248.31739130434784
2,false,37.70912039383598
3,false,728.9194471276325
4,false,29.184170814182448
5,false,-2.1998388181562007
6,false,31.384009676394257
7,false,22.90238330260567
8,false,5.037829911109546
9,false,996.0869565217391
