Predictor variable,Categorical,Sample average
0,false,8.935910559167604
1,false,11.391024494259568
10,false,118.95920259619842
11,false,48.93370421882244
12,false,30.77934953842552
13,false,330.20955030134445
14,false,166.1631896152063
15,false,248.92535929531758
16,false,238.8293926750116
2,false,32.6987463951553
3,false,885.7268479391
4,false,25.82975837484686
5,false,-9.862647791574013
6,false,35.69240620073258
7,false,19.640415214420084
8,false,-2.1445542592351274
9,false,983.7250811312008
