Predictor variable,Categorical,Sample average
0,false,19.22683413977762
1,false,12.599866251343663
10,false,130.05825242718447
11,false,30.54368932038835
12,false,56.46038332263243
13,false,340.0
14,false,112.03883495145631
15,false,237.75728155339806
16,false,220.3398058252427
2,false,45.79780343435343
3,false,567.8999675269266
4,false,32.89840779721158
5,false,4.977915323836711
6,false,27.920492394456584
7,false,26.05868946927265
8,false,12.208132570229688
9,false,843.8543689320388
