Predictor variable,Categorical,Sample average
0,false,18.560082684863698
1,false,12.446753187613053
10,false,124.61363636363636
11,false,34.02272727272727
12,false,52.94626148180528
13,false,331.875
14,false,120.19318181818181
15,false,252.22727272727272
16,false,197.20454545454547
2,false,43.23800230026245
3,false,629.0893200961026
4,false,32.9982835596258
5,false,3.4857513049448077
6,false,29.512532364238393
7,false,26.148135499520734
8,false,10.767817128449678
9,false,849.4886363636364
