Predictor variable,Categorical,Sample average
0,false,19.615895080566407
1,false,12.431167165856612
10,false,133.9578947368421
11,false,33.536842105263155
12,false,53.83209800720215
13,false,350.14736842105265
14,false,122.91578947368421
15,false,265.2526315789474
16,false,216.21052631578948
2,false,45.22219308551989
3,false,569.947027266653
4,false,33.21900271365517
5,false,5.443387312951841
6,false,27.775615380939684
7,false,26.448978725232575
8,false,12.55004146475541
9,false,890.0
