Predictor variable,Categorical,Sample average
0,false,19.014663926192693
1,false,12.695516973733902
10,false,129.53571428571428
11,false,32.625
12,false,54.70063846451895
13,false,339.86607142857144
14,false,117.91964285714286
15,false,238.82142857142858
16,false,225.8125
2,false,45.50393388952528
3,false,579.0246592930386
4,false,32.89239682470049
5,false,4.5758128817459305
6,false,28.316583922931127
7,false,25.988878352301462
8,false,11.857337019273213
9,false,859.7321428571429
