Predictor variable,Categorical,Sample average
0,false,17.304305576696628
1,false,12.369587111279246
10,false,119.1951219512195
11,false,34.0650406504065
12,false,51.73089154561361
13,false,315.6747967479675
14,false,118.04065040650407
15,false,230.609756097561
16,false,197.6260162601626
2,false,42.266254114910836
3,false,647.2410494176353
4,false,31.86983131780857
5,false,1.9738934914149888
6,false,29.895937741287355
7,false,25.125613925902822
8,false,9.327359443515297
9,false,821.0
