Predictor variable,Categorical,Sample average
0,false,10.608212547410751
1,false,11.73661187848198
10,false,127.66764018691589
11,false,43.625
12,false,37.17127456509064
13,false,351.69217289719626
14,false,150.85046728971963
15,false,223.25058411214954
16,false,266.99707943925233
2,false,35.719056470371854
3,false,808.2662116255716
4,false,26.833736029183754
5,false,-7.075284786393009
6,false,33.9090207960004
7,false,20.45011721147555
8,false,0.5863570377969664
9,false,982.2955607476636
