Predictor variable,Categorical,Sample average
0,false,17.822715905996468
1,false,12.701480930978125
10,false,124.00549450549451
11,false,36.043956043956044
12,false,51.19774730912932
13,false,328.989010989011
14,false,126.56043956043956
15,false,201.5934065934066
16,false,260.1978021978022
2,false,44.39930515498905
3,false,611.27259684133
4,false,32.1980157998892
5,false,2.910057740859114
6,false,29.287958045582194
7,false,25.243993764395242
8,false,10.298918120194594
9,false,875.2307692307693
