Predictor variable,Categorical,Sample average
0,false,18.85654544172616
1,false,12.660587725146064
10,false,124.55862068965517
11,false,32.772413793103446
12,false,55.07419254039896
13,false,328.51724137931035
14,false,115.3103448275862
15,false,209.0
16,false,239.84827586206896
2,false,45.74400929418103
3,false,574.7759171058392
4,false,32.69840227324387
5,false,4.491585703528133
6,false,28.20681645623569
7,false,25.79586073776771
8,false,11.761260922201748
9,false,847.7655172413793
