Predictor variable,Categorical,Sample average
0,false,16.43717080629789
1,false,11.843346760823177
10,false,125.6
11,false,38.315384615384616
12,false,48.72638861949627
13,false,334.6
14,false,133.43076923076924
15,false,241.92307692307693
16,false,216.05384615384617
2,false,40.513529425400954
3,false,664.5733647273137
4,false,30.940909884526178
5,false,1.056491005076812
6,false,29.88441889836238
7,false,24.465949021852932
8,false,8.239338214007708
9,false,888.9230769230769
