Predictor variable,Categorical,Sample average
0,false,19.338259744644166
1,false,12.565781989097594
10,false,131.3
11,false,31.09
12,false,56.403834686279296
13,false,342.38
14,false,113.9
15,false,241.24
16,false,222.14
2,false,45.73903301239014
3,false,564.904780883789
4,false,32.9694313621521
5,false,5.1704179392009975
6,false,27.799013319015504
7,false,26.138269901275635
8,false,12.361260838508606
9,false,853.02
