Predictor variable,Categorical,Sample average
0,false,16.685481551977304
1,false,11.939184948114248
10,false,124.88461538461539
11,false,36.96153846153846
12,false,49.42061307246868
13,false,332.1384615384615
14,false,128.97692307692307
15,false,238.4
16,false,212.8923076923077
2,false,40.83548817267785
3,false,660.3283536470854
4,false,31.1760804102971
5,false,1.324063983788857
6,false,29.85201639028696
7,false,24.66080886400663
8,false,8.538194222060534
9,false,874.623076923077
