Predictor variable,Categorical,Sample average
0,false,18.39048388004303
1,false,12.525254611968995
10,false,126.45
11,false,27.79
12,false,57.60386482238769
13,false,328.79
14,false,101.4
15,false,194.43
16,false,233.79
2,false,45.644602603912354
3,false,577.5814353942872
4,false,32.15696496963501
5,false,3.999687868580222
6,false,28.157277059555053
7,false,25.36582971572876
8,false,11.255698492527008
9,false,807.83
