Predictor variable,Categorical,Sample average
0,false,16.45801409104975
1,false,12.38508543851899
10,false,147.88292682926829
11,false,23.965853658536584
12,false,66.16394217421369
13,false,397.109756097561
14,false,89.57073170731708
15,false,178.99756097560976
16,false,301.1707317073171
2,false,47.083729181057066
3,false,532.428940824183
4,false,29.59136760990794
5,false,2.821681826105966
6,false,26.769685754543396
7,false,23.00250757729135
8,false,10.028555989519852
9,false,901.8341463414635
