Predictor variable,Categorical,Sample average
0,false,9.092660222691709
1,false,11.181754100634297
10,false,123.48406731113498
11,false,48.70533476548514
12,false,32.017698078312584
13,false,343.2631578947368
14,false,166.05012531328322
15,false,246.8030791263874
16,false,252.0
2,false,33.17750379546671
3,false,861.2220948762549
4,false,25.56606967159808
5,false,-9.246885224966846
6,false,34.81295490879506
7,false,19.49226091789849
8,false,-1.6759071635769103
9,false,1000.5968492660222
