Predictor variable,Categorical,Sample average
0,false,16.461264342642746
1,false,12.408775423581783
10,false,147.73317307692307
11,false,23.997596153846153
12,false,66.18196778801772
13,false,396.625
14,false,89.27163461538461
15,false,177.85817307692307
16,false,300.7692307692308
2,false,47.04836750947512
3,false,534.3685793143052
4,false,29.63891135270779
5,false,2.7877244549932723
6,false,26.851186876113598
7,false,23.032329307152676
8,false,10.01040190153827
9,false,900.4663461538462
