Predictor variable,Categorical,Sample average
0,false,14.736650509098105
1,false,12.208590548141292
10,false,140.3947638603696
11,false,49.25
12,false,38.89748220008012
13,false,383.3639630390144
14,false,170.95687885010267
15,false,248.1812114989733
16,false,300.3228952772074
2,false,39.783953936927375
3,false,702.8508556687123
4,false,29.99474183538856
5,false,-1.4431310395837198
6,false,31.437872901834258
7,false,23.274809767822955
8,false,6.01628214392397
9,false,1077.2792607802876
