Predictor variable,Categorical,Sample average
0,false,15.8715755096722
1,false,11.756071806827308
10,false,142.64468864468864
11,false,39.23809523809524
12,false,51.669422540035875
13,false,382.34249084249086
14,false,137.01465201465203
15,false,219.8131868131868
16,false,288.967032967033
2,false,42.92721863631364
3,false,608.730953398205
4,false,29.654500245174646
5,false,1.2847272112876886
6,false,28.369773056044245
7,false,23.2444351653913
8,false,8.335494212407086
9,false,989.1062271062272
