Predictor variable,Categorical,Sample average
0,false,16.284083748817444
1,false,12.45688678741455
10,false,146.156
11,false,27.958
12,false,61.95238651275635
13,false,392.814
14,false,103.09
15,false,182.886
16,false,306.288
2,false,46.0307738609314
3,false,559.3231524047851
4,false,29.832264404296875
5,false,2.220881595235318
6,false,27.611382795333864
7,false,23.155214294433595
8,false,9.509301641039551
9,false,928.134
