Predictor variable,Categorical,Sample average
0,false,15.767408763936588
1,false,11.695675310066768
10,false,143.50535714285715
11,false,40.27321428571429
12,false,50.822409715822765
13,false,385.0375
14,false,140.52857142857144
15,false,225.1732142857143
16,false,290.1482142857143
2,false,42.6803518976484
3,false,612.9733955928258
4,false,29.573723564829145
5,false,1.147391287021206
6,false,28.42633227450507
7,false,23.18521132469177
8,false,8.173234343166197
9,false,1001.3053571428571
