Predictor variable,Categorical,Sample average
0,false,14.42963538227311
1,false,11.695240012134414
10,false,132.2
11,false,46.265060240963855
12,false,42.141351295953775
13,false,356.76024096385544
14,false,157.93132530120482
15,false,237.98433734939758
16,false,268.2144578313253
2,false,39.761318972024576
3,false,691.385096152432
4,false,29.17895942366267
5,false,-1.4371534330126303
6,false,30.616112852671062
7,false,22.771902543952667
8,false,5.803705733768776
9,false,995.7795180722892
