Predictor variable,Categorical,Sample average
0,false,9.601080046774074
1,false,11.556545148534465
10,false,121.89850798056905
11,false,45.588133240805
12,false,33.93834713794224
13,false,337.94292158223453
14,false,156.5114503816794
15,false,238.1818181818182
16,false,246.3259888965996
2,false,33.80835369012159
3,false,859.3892119101234
4,false,26.22322920095085
5,false,-8.917451362327844
6,false,35.14068056277977
7,false,19.995445836839536
8,false,-1.1349737532905821
9,false,972.369708535739
