Predictor variable,Categorical,Sample average
0,false,16.603214022304332
1,false,11.968361692769188
10,false,143.92410714285714
11,false,30.439732142857142
12,false,59.137353488377165
13,false,382.95089285714283
14,false,108.91964285714286
15,false,195.765625
16,false,283.5825892857143
2,false,44.897257396153044
3,false,565.630124092102
4,false,29.916474717003958
5,false,2.5725601607867117
6,false,27.3439145726817
7,false,23.47254455089569
8,false,9.65939960641221
9,false,922.8370535714286
