Predictor variable,Categorical,Sample average
0,false,16.409502293015347
1,false,11.80228957944903
10,false,146.2155172413793
11,false,33.640086206896555
12,false,57.00310388310202
13,false,390.1508620689655
14,false,119.1875
15,false,205.6594827586207
16,false,291.21120689655174
2,false,44.25177415074973
3,false,573.1185488207586
4,false,29.755095946377722
5,false,2.354086751166474
6,false,27.401009204058813
7,false,23.368514097970106
8,false,9.365277471398164
9,false,958.9655172413793
