Predictor variable,Categorical,Sample average
0,false,16.61388090475282
1,false,12.3518575141679
10,false,142.8626865671642
11,false,21.907462686567165
12,false,68.4667240213992
13,false,382.59402985074627
14,false,81.8089552238806
15,false,166.7223880597015
16,false,291.9373134328358
2,false,47.73303095120102
3,false,519.5552235617566
4,false,29.58193121668118
5,false,3.194042697365382
6,false,26.387888526916505
7,false,23.00141329124792
8,false,10.349376639634816
9,false,855.6985074626866
