Predictor variable,Categorical,Sample average
0,false,12.282772754993548
1,false,11.557890385369285
10,false,130.0282447881641
11,false,48.41761936785474
12,false,36.5165639686841
13,false,356.626092804304
14,false,165.8950907868191
15,false,252.28917283120376
16,false,263.2979152656355
2,false,36.71039178023502
3,false,776.1194463343771
4,false,27.944598569914888
5,false,-4.878064448495283
6,false,32.82266298587802
7,false,21.64392999906867
8,false,2.573162409508878
9,false,1020.215198386012
