Predictor variable,Categorical,Sample average
0,false,17.3526774561083
1,false,12.060337605347504
10,false,147.82432432432432
11,false,25.656756756756756
12,false,64.51689370645059
13,false,394.06756756756755
14,false,95.8
15,false,203.4108108108108
16,false,279.8621621621622
2,false,46.77259646750785
3,false,527.2793532087996
4,false,30.206416583705593
5,false,3.9062818865619
6,false,26.30013473871592
7,false,23.767753949036468
8,false,10.923310358822345
9,false,906.5540540540541
