Predictor variable,Categorical,Sample average
0,false,16.63522948147206
1,false,11.987071003003066
10,false,144.7191011235955
11,false,30.307865168539326
12,false,59.35826155416081
13,false,385.3820224719101
14,false,108.7752808988764
15,false,196.90112359550562
16,false,285.2494382022472
2,false,44.98587038275901
3,false,564.661025863819
4,false,29.953541582086114
5,false,2.6234518887286775
6,false,27.33008972339416
7,false,23.49618695934167
8,false,9.706918011522026
9,false,926.9797752808988
