Predictor variable,Categorical,Sample average
0,false,15.513441222906113
1,false,11.650200864473979
10,false,141.59666666666666
11,false,42.265
12,false,48.536520269711815
13,false,381.6333333333333
14,false,146.60333333333332
15,false,231.45166666666665
16,false,287.49333333333334
2,false,41.993032658894855
3,false,629.2802903493246
4,false,29.50501192410787
5,false,0.672112063812092
6,false,28.832899867693584
7,false,23.122640388806662
8,false,7.707118209758773
9,false,1010.635
