Predictor variable,Categorical,Sample average
0,false,16.610294976655176
1,false,11.96877219396479
10,false,143.18382352941177
11,false,29.125
12,false,60.55313014984131
13,false,381.9583333333333
14,false,104.94362745098039
15,false,192.51470588235293
16,false,281.4387254901961
2,false,45.34428268787908
3,false,555.0213368733724
4,false,29.80367660522461
5,false,2.762023111132793
6,false,27.041653513908386
7,false,23.364275485861537
8,false,9.819903697124591
9,false,910.6862745098039
