Predictor variable,Categorical,Sample average
0,false,16.02646305510728
1,false,11.816814319185927
10,false,141.3435700575816
11,false,38.15355086372361
12,false,52.45809258609267
13,false,378.2072936660269
14,false,133.12092130518235
15,false,217.09980806142033
16,false,283.90019193857967
2,false,43.224733147648614
3,false,603.982207080453
4,false,29.779834663112883
5,false,1.485089536645448
6,false,28.29474513956315
7,false,23.34399055656682
8,false,8.55181216050633
9,false,971.4548944337812
