Predictor variable,Categorical,Sample average
0,false,16.79073069260285
1,false,12.326761807049358
10,false,143.63663663663664
11,false,22.14114114114114
12,false,68.39896434348624
13,false,384.012012012012
14,false,82.36036036036036
15,false,171.22522522522522
16,false,289.9159159159159
2,false,47.79353384069494
3,false,516.0158210731483
4,false,29.68405393365625
5,false,3.419992315736753
6,false,26.26406162135952
7,false,23.12026191402126
8,false,10.558534466065803
9,false,859.6066066066066
