Predictor variable,Categorical,Sample average
0,false,9.600951837104002
1,false,11.231904986687004
10,false,123.875390625
11,false,48.95078125
12,false,32.339823198877276
13,false,343.490625
14,false,167.0078125
15,false,247.762109375
16,false,252.34921875
2,false,33.527160523831846
3,false,851.9592194736003
4,false,25.998298619687557
5,false,-8.619676810425826
6,false,34.61797544509172
7,false,19.887746695429087
8,false,-1.0576285043821372
9,false,1002.71953125
