Predictor variable,Categorical,Sample average
0,false,10.32426912695635
1,false,11.317816281318665
10,false,125.55625
11,false,49.130833333333335
12,false,33.019496047496794
13,false,346.79333333333335
14,false,167.675
15,false,250.20166666666665
16,false,254.7075
2,false,34.26639467000961
3,false,832.8836143175761
4,false,26.55290429910024
5,false,-7.614329235904482
6,false,34.16723353346189
7,false,20.38516851067543
8,false,-0.08995219066001785
9,false,1009.5308333333334
