Predictor variable,Categorical,Sample average
0,false,9.162326433508152
1,false,11.525675639777646
10,false,120.324569356301
11,false,45.33000906618314
12,false,33.7972812368993
13,false,333.8105167724388
14,false,155.12728921124207
15,false,235.62647325475976
16,false,243.524569356301
2,false,33.47262889104655
3,false,869.438197925668
4,false,25.882442390151382
5,false,-9.505896707333514
6,false,35.388339093849
7,false,19.676264388498563
8,false,-1.6993212708252197
9,false,961.3706255666365
