Predictor variable,Categorical,Sample average
0,false,14.102889664822062
1,false,12.22161661168194
10,false,133.65599095704596
11,false,51.24039186134137
12,false,35.23337768538158
13,false,365.5422004521477
14,false,176.5022607385079
15,false,251.5723436322532
16,false,281.9197437829691
2,false,38.37809478958118
3,false,742.91274730622
4,false,29.883012813648605
5,false,-2.716142697648918
6,false,32.59915553813782
7,false,23.117788142338675
8,false,4.848188243361404
9,false,1060.3229088168803
