Predictor variable,Categorical,Sample average
0,false,8.542775369073265
1,false,11.218116674286978
10,false,122.94085714285714
11,false,47.678
12,false,32.416541544914246
13,false,341.4602857142857
14,false,162.896
15,false,246.16142857142856
16,false,248.50714285714287
2,false,32.96664901896885
3,false,871.2230159999302
4,false,25.13798009790693
5,false,-9.980537541412017
6,false,35.11851763970511
7,false,19.06050367641449
8,false,-2.3517491555748107
9,false,989.4974285714286
