Predictor variable,Categorical,Sample average
0,false,14.94553585829512
1,false,12.22751227521281
10,false,139.1837738168408
11,false,47.72894898586355
12,false,40.4211649885922
13,false,379.8973570989551
14,false,166.13275968039335
15,false,245.27166564228642
16,false,296.1253841425937
2,false,40.22841892816864
3,false,693.9524273722906
4,false,30.10002268584286
5,false,-1.0999938852463969
6,false,31.20001657036967
7,false,23.37711991660054
8,false,6.342316556623183
9,false,1059.3073140749846
