Predictor variable,Categorical,Sample average
0,false,14.43592979758331
1,false,12.190803529488434
10,false,137.2787668258793
11,false,50.27095093356492
12,false,36.92671058056823
13,false,375.37950499348676
14,false,173.80112896222317
15,false,250.97221016066
16,false,291.5132435953105
2,false,39.01456347642336
3,false,723.3487035939345
4,false,29.953845397627877
5,false,-2.053899826465629
6,false,32.00774526989465
7,false,23.218463452960737
8,false,5.442345749172316
9,false,1070.880590534086
