Predictor variable,Categorical,Sample average
0,false,9.019189796162703
1,false,11.182832679407937
10,false,123.67214285714286
11,false,48.4175
12,false,32.1248242519583
13,false,343.7125
14,false,165.1507142857143
15,false,245.96142857142857
16,false,252.39964285714285
2,false,33.192689286640714
3,false,860.817535144261
4,false,25.486329625334058
5,false,-9.313938565324166
6,false,34.80026820012501
7,false,19.4162062396322
8,false,-1.7405713315240738
9,false,999.6357142857142
