Predictor variable,Categorical,Sample average
0,false,16.219695119896635
1,false,11.81166051118777
10,false,142.83706720977597
11,false,35.74541751527495
12,false,55.529470455379446
13,false,382.132382892057
14,false,125.27494908350306
15,false,208.5274949083503
16,false,289.68635437881875
2,false,44.02159883145645
3,false,581.8260762511834
4,false,29.70617297807682
5,false,2.03796653554238
6,false,27.66820643244353
7,false,23.281215811455567
8,false,9.05069053852115
9,false,959.1059063136456
