Predictor variable,Categorical,Sample average
0,false,14.010924722155485
1,false,12.207287893769491
10,false,133.2427255985267
11,false,51.44051565377532
12,false,34.89943352237371
13,false,364.5723756906077
14,false,177.12154696132598
15,false,252.4305709023941
16,false,280.4604051565378
2,false,38.1913509727183
3,false,747.5161494808302
4,false,29.83767922859824
5,false,-2.8786173832189177
6,false,32.71629662733271
7,false,23.07972360790105
8,false,4.694056738891791
9,false,1060.53591160221
