Predictor variable,Categorical,Sample average
0,false,10.140320399545766
1,false,11.58783581989592
10,false,123.37761377613776
11,false,46.77965208223511
12,false,33.43541228609918
13,false,342.0762607626076
14,false,160.31664030926024
15,false,243.7747320330346
16,false,248.849938499385
2,false,34.0276447802892
3,false,852.5201559326515
4,false,26.701772887391297
5,false,-8.284819123395106
6,false,34.98659202164787
7,false,20.44573527433147
8,false,-0.521648857722542
9,false,989.2315937445089
