Predictor variable,Categorical,Sample average
0,false,14.512229102189336
1,false,11.6943480110406
10,false,132.41967621419676
11,false,45.27148194271482
12,false,43.27589409496834
13,false,357.11083437110835
14,false,154.72851805728519
15,false,233.05105853051057
16,false,269.719800747198
2,false,40.06389858060578
3,false,683.5441689687233
4,false,29.15896850386414
5,false,-1.234616158992414
6,false,30.39358466113935
7,false,22.76257616615533
8,false,5.991204839200941
9,false,989.2154420921544
