Predictor variable,Categorical,Sample average
0,false,15.107285945720616
1,false,11.651092148962475
10,false,139.21279761904762
11,false,43.561011904761905
12,false,46.37436862360863
13,false,375.3675595238095
14,false,150.5
15,false,233.08630952380952
16,false,284.29315476190476
2,false,41.12749391794205
3,false,653.3413236254737
4,false,29.362566065220605
5,false,-0.13379629326906675
6,false,29.49636236826579
7,false,22.994955383595965
8,false,6.98287597211865
9,false,1011.4776785714286
