Predictor variable,Categorical,Sample average
wc2.0_bio_10m_01.tif,false,10.588015741434573
wc2.0_bio_10m_05.tif,false,27.222062130551198
wc2.0_bio_10m_06.tif,false,-7.684217053581666
wc2.0_bio_10m_12.tif,false,914.8374875373878
wc2.0_bio_10m_13.tif,false,114.50382186773014
wc2.0_bio_10m_14.tif,false,44.79062811565304
wc2.1_10m_elev.tif,false,579.8750415420405
