Predictor variable,Categorical,Sample average
wc2.0_bio_10m_01.tif,false,12.673504542121599
wc2.0_bio_10m_05.tif,false,28.674918184817678
wc2.0_bio_10m_06.tif,false,-4.654925483379737
wc2.0_bio_10m_12.tif,false,892.6349765258216
wc2.0_bio_10m_13.tif,false,118.63458528951487
wc2.0_bio_10m_14.tif,false,39.41275430359937
wc2.1_10m_elev.tif,false,485.4182316118936
