Predictor variable,Categorical,Sample average
wc2.0_bio_10m_01.tif,false,14.51754437795869
wc2.0_bio_10m_05.tif,false,30.21636669481199
wc2.0_bio_10m_06.tif,false,-2.210632394227323
wc2.0_bio_10m_12.tif,false,940.1421087098887
wc2.0_bio_10m_13.tif,false,124.10085134250164
wc2.0_bio_10m_14.tif,false,43.04780615586117
wc2.1_10m_elev.tif,false,387.2285527177472
