Predictor variable,Categorical,Sample average
wc2.0_bio_10m_01.tif,false,11.516104516712387
wc2.0_bio_10m_05.tif,false,27.777473768796252
wc2.0_bio_10m_06.tif,false,-6.305303194730298
wc2.0_bio_10m_12.tif,false,885.4412207987942
wc2.0_bio_10m_13.tif,false,115.22984174830445
wc2.0_bio_10m_14.tif,false,40.003767897513185
wc2.1_10m_elev.tif,false,500.2984174830445
