Predictor variable,Categorical,Sample average
wc2.0_bio_10m_01.tif,false,16.63816204040673
wc2.0_bio_10m_05.tif,false,30.438416593393704
wc2.0_bio_10m_06.tif,false,2.3240760034395107
wc2.0_bio_10m_12.tif,false,739.0350318471337
wc2.0_bio_10m_13.tif,false,125.77547770700637
wc2.0_bio_10m_14.tif,false,16.80732484076433
wc2.1_10m_elev.tif,false,333.31528662420385
