Predictor variable,Categorical,Sample average
wc2.0_bio_10m_01.tif,false,16.4308136617045
wc2.0_bio_10m_05.tif,false,31.07043253226109
wc2.0_bio_10m_06.tif,false,1.2275651044564775
wc2.0_bio_10m_12.tif,false,846.7298804780877
wc2.0_bio_10m_13.tif,false,130.402390438247
wc2.0_bio_10m_14.tif,false,28.228685258964145
wc2.1_10m_elev.tif,false,416.64382470119523
