Predictor variable,Categorical,Sample average
wc2.0_bio_10m_01.tif,false,11.309218584287045
wc2.0_bio_10m_05.tif,false,27.521194569669593
wc2.0_bio_10m_06.tif,false,-6.280044112918387
wc2.0_bio_10m_12.tif,false,914.2528187337381
wc2.0_bio_10m_13.tif,false,119.17129228100607
wc2.0_bio_10m_14.tif,false,41.76062445793582
wc2.1_10m_elev.tif,false,611.9045967042498
