Predictor variable,Categorical,Sample average
wc2.0_bio_10m_01.tif,false,10.836105682241671
wc2.0_bio_10m_05.tif,false,27.30158813246071
wc2.0_bio_10m_06.tif,false,-7.354159090969963
wc2.0_bio_10m_12.tif,false,876.2792277440115
wc2.0_bio_10m_13.tif,false,112.49231319270648
wc2.0_bio_10m_14.tif,false,40.54808723632463
wc2.1_10m_elev.tif,false,512.6435466571327
