Predictor variable,Categorical,Sample average
wc2.0_bio_10m_01.tif,false,15.765961556542324
wc2.0_bio_10m_05.tif,false,30.129725639314543
wc2.0_bio_10m_06.tif,false,0.7166189640503928
wc2.0_bio_10m_12.tif,false,821.0752823086575
wc2.0_bio_10m_13.tif,false,126.62986198243412
wc2.0_bio_10m_14.tif,false,27.89460476787955
wc2.1_10m_elev.tif,false,390.78293601003764
