Predictor variable,Categorical,Sample average
wc2.0_bio_10m_01.tif,false,16.23375508542036
wc2.0_bio_10m_05.tif,false,31.07361227562422
wc2.0_bio_10m_06.tif,false,0.8131190631446051
wc2.0_bio_10m_12.tif,false,860.4594192107222
wc2.0_bio_10m_13.tif,false,130.23157110945644
wc2.0_bio_10m_14.tif,false,30.418466120625464
wc2.1_10m_elev.tif,false,433.74236783320924
