Predictor variable,Categorical,Sample average
wc2.0_bio_10m_01.tif,false,16.22926675998851
wc2.0_bio_10m_05.tif,false,30.04263163554041
wc2.0_bio_10m_06.tif,false,1.8132329663463966
wc2.0_bio_10m_12.tif,false,792.5444078947369
wc2.0_bio_10m_13.tif,false,127.15789473684211
wc2.0_bio_10m_14.tif,false,22.488486842105264
wc2.1_10m_elev.tif,false,331.2417763157895
