Predictor variable,Categorical,Sample average
wc2.0_bio_10m_01.tif,false,15.985523012428802
wc2.0_bio_10m_05.tif,false,30.072687589205227
wc2.0_bio_10m_06.tif,false,1.2702037440655054
wc2.0_bio_10m_12.tif,false,774.9819004524887
wc2.0_bio_10m_13.tif,false,123.13725490196079
wc2.0_bio_10m_14.tif,false,23.046757164404223
wc2.1_10m_elev.tif,false,364.88235294117646
