Predictor variable,Categorical,Sample average
wc2.0_bio_10m_01.tif,false,16.692011711461756
wc2.0_bio_10m_05.tif,false,30.433725552442596
wc2.0_bio_10m_06.tif,false,2.4605315033528137
wc2.0_bio_10m_12.tif,false,735.4975609756098
wc2.0_bio_10m_13.tif,false,124.66016260162601
wc2.0_bio_10m_14.tif,false,17.152845528455284
wc2.1_10m_elev.tif,false,332.6780487804878
