Predictor variable,Categorical,Sample average
wc2.0_bio_10m_01.tif,false,11.290013819863248
wc2.0_bio_10m_05.tif,false,27.517682714527155
wc2.0_bio_10m_06.tif,false,-6.322069458068511
wc2.0_bio_10m_12.tif,false,917.3524659863946
wc2.0_bio_10m_13.tif,false,119.60119047619048
wc2.0_bio_10m_14.tif,false,41.86224489795919
wc2.1_10m_elev.tif,false,610.1747448979592
