Predictor variable,Categorical,Sample average
wc2.0_bio_10m_01.tif,false,11.053576957003019
wc2.0_bio_10m_05.tif,false,27.2356784592163
wc2.0_bio_10m_06.tif,false,-6.526931312560539
wc2.0_bio_10m_12.tif,false,897.745886654479
wc2.0_bio_10m_13.tif,false,117.83912248628884
wc2.0_bio_10m_14.tif,false,40.339579524680076
wc2.1_10m_elev.tif,false,621.2705667276051
