Predictor variable,Categorical,Sample average
wc2.0_bio_10m_01.tif,false,16.598124583680654
wc2.0_bio_10m_05.tif,false,30.447406842705036
wc2.0_bio_10m_06.tif,false,2.2983130873576494
wc2.0_bio_10m_12.tif,false,715.9910581222057
wc2.0_bio_10m_13.tif,false,123.44113263785395
wc2.0_bio_10m_14.tif,false,15.2876304023845
wc2.1_10m_elev.tif,false,361.8897168405365
