Predictor variable,Categorical,Sample average
wc2.0_bio_10m_01.tif,false,16.55285108646836
wc2.0_bio_10m_05.tif,false,30.4270953182721
wc2.0_bio_10m_06.tif,false,2.217321888295032
wc2.0_bio_10m_12.tif,false,713.6184012066365
wc2.0_bio_10m_13.tif,false,122.92006033182504
wc2.0_bio_10m_14.tif,false,15.194570135746606
wc2.1_10m_elev.tif,false,361.02865761689293
