Predictor variable,Categorical,Sample average
wc2.0_bio_10m_01.tif,false,10.982558029614832
wc2.0_bio_10m_05.tif,false,27.75280655695176
wc2.0_bio_10m_06.tif,false,-7.444829663096868
wc2.0_bio_10m_12.tif,false,912.5498766302433
wc2.0_bio_10m_13.tif,false,112.51357067324639
wc2.0_bio_10m_14.tif,false,45.99330278463165
wc2.1_10m_elev.tif,false,519.2336975678534
