Predictor variable,Categorical,Sample average
wc2.0_bio_10m_01.tif,false,10.58550914403885
wc2.0_bio_10m_05.tif,false,27.18205288945794
wc2.0_bio_10m_06.tif,false,-7.5886876404476595
wc2.0_bio_10m_12.tif,false,910.6516106442577
wc2.0_bio_10m_13.tif,false,114.88585434173669
wc2.0_bio_10m_14.tif,false,43.96568627450981
wc2.1_10m_elev.tif,false,611.5266106442577
