Predictor variable,Categorical,Sample average
wc2.0_bio_10m_01.tif,false,16.693996715711368
wc2.0_bio_10m_05.tif,false,31.122300268151676
wc2.0_bio_10m_06.tif,false,1.7417197915006082
wc2.0_bio_10m_12.tif,false,815.2971329278888
wc2.0_bio_10m_13.tif,false,129.03214596003474
wc2.0_bio_10m_14.tif,false,24.72632493483927
wc2.1_10m_elev.tif,false,402.62206776715897
