Predictor variable,Categorical,Sample average
wc2.0_bio_10m_01.tif,false,13.394033067135467
wc2.0_bio_10m_05.tif,false,29.654924639538763
wc2.0_bio_10m_06.tif,false,-4.160457678813865
wc2.0_bio_10m_12.tif,false,934.8526951672862
wc2.0_bio_10m_13.tif,false,119.40706319702602
wc2.0_bio_10m_14.tif,false,44.87592936802974
wc2.1_10m_elev.tif,false,420.51022304832713
