Predictor variable,Categorical,Sample average
wc2.0_bio_10m_01.tif,false,10.94992048700553
wc2.0_bio_10m_05.tif,false,27.226080914363806
wc2.0_bio_10m_06.tif,false,-6.816421253691761
wc2.0_bio_10m_12.tif,false,878.0246913580247
wc2.0_bio_10m_13.tif,false,115.47807577692635
wc2.0_bio_10m_14.tif,false,39.17667092379736
wc2.1_10m_elev.tif,false,600.4418901660281
