Predictor variable,Categorical,Sample average
wc2.0_bio_10m_01.tif,false,16.732304298442646
wc2.0_bio_10m_05.tif,false,30.506572578597243
wc2.0_bio_10m_06.tif,false,2.3916720234727773
wc2.0_bio_10m_12.tif,false,762.8277372262773
wc2.0_bio_10m_13.tif,false,125.78686131386861
wc2.0_bio_10m_14.tif,false,20.58248175182482
wc2.1_10m_elev.tif,false,346.3970802919708
