Predictor variable,Categorical,Sample average
wc2.0_bio_10m_01.tif,false,16.84601745542078
wc2.0_bio_10m_05.tif,false,30.631207182981417
wc2.0_bio_10m_06.tif,false,2.517483682667443
wc2.0_bio_10m_12.tif,false,761.3751846381093
wc2.0_bio_10m_13.tif,false,126.58936484490398
wc2.0_bio_10m_14.tif,false,19.778434268833088
wc2.1_10m_elev.tif,false,336.576070901034
