Predictor variable,Categorical,Sample average
wc2.0_bio_10m_01.tif,false,15.961888282321166
wc2.0_bio_10m_05.tif,false,30.85260514171527
wc2.0_bio_10m_06.tif,false,0.46331006746056447
wc2.0_bio_10m_12.tif,false,877.3468950749465
wc2.0_bio_10m_13.tif,false,131.12348322626696
wc2.0_bio_10m_14.tif,false,31.83226266952177
wc2.1_10m_elev.tif,false,444.2119914346895
