Predictor variable,Categorical,Sample average
wc2.0_bio_10m_01.tif,false,10.949661401610209
wc2.0_bio_10m_05.tif,false,27.718622082096303
wc2.0_bio_10m_06.tif,false,-7.45645079568453
wc2.0_bio_10m_12.tif,false,910.3213657162971
wc2.0_bio_10m_13.tif,false,112.44420978528687
wc2.0_bio_10m_14.tif,false,45.656810982048576
wc2.1_10m_elev.tif,false,533.0513903555086
