Predictor variable,Categorical,Sample average
wc2.0_bio_10m_01.tif,false,14.768041838828955
wc2.0_bio_10m_05.tif,false,30.17086552549725
wc2.0_bio_10m_06.tif,false,-1.432536217939382
wc2.0_bio_10m_12.tif,false,897.0720858895705
wc2.0_bio_10m_13.tif,false,126.17944785276073
wc2.0_bio_10m_14.tif,false,36.86707566462168
wc2.1_10m_elev.tif,false,481.2085889570552
