Predictor variable,Categorical,Sample average
wc2.0_bio_10m_01.tif,false,13.921540241530002
wc2.0_bio_10m_05.tif,false,29.571120491061997
wc2.0_bio_10m_06.tif,false,-2.7154351418077787
wc2.0_bio_10m_12.tif,false,899.7344379758173
wc2.0_bio_10m_13.tif,false,123.57904164800716
wc2.0_bio_10m_14.tif,false,38.12270488132557
wc2.1_10m_elev.tif,false,486.2413793103448
