Predictor variable,Categorical,Sample average
wc2.0_bio_10m_01.tif,false,14.010604910284496
wc2.0_bio_10m_05.tif,false,30.018744282387342
wc2.0_bio_10m_06.tif,false,-3.1757074364717774
wc2.0_bio_10m_12.tif,false,941.6851134477034
wc2.0_bio_10m_13.tif,false,121.91698948533481
wc2.0_bio_10m_14.tif,false,44.24571112340897
wc2.1_10m_elev.tif,false,399.2944106253459
