Predictor variable,Categorical,Sample average
wc2.0_bio_10m_01.tif,false,10.599737164944761
wc2.0_bio_10m_05.tif,false,27.210347380498117
wc2.0_bio_10m_06.tif,false,-7.605130629436874
wc2.0_bio_10m_12.tif,false,912.6749568221071
wc2.0_bio_10m_13.tif,false,114.63799654576857
wc2.0_bio_10m_14.tif,false,44.35889464594128
wc2.1_10m_elev.tif,false,603.1278065630397
