Predictor variable,Categorical,Sample average
wc2.0_bio_10m_01.tif,false,16.61846420539426
wc2.0_bio_10m_05.tif,false,30.686928284915677
wc2.0_bio_10m_06.tif,false,2.0541669388185873
wc2.0_bio_10m_12.tif,false,784.1211477151966
wc2.0_bio_10m_13.tif,false,129.60255047821465
wc2.0_bio_10m_14.tif,false,20.175345377258235
wc2.1_10m_elev.tif,false,409.55685441020194
