Predictor variable,Categorical,Sample average
wc2.0_bio_10m_01.tif,false,10.963108687307507
wc2.0_bio_10m_05.tif,false,27.186155663076356
wc2.0_bio_10m_06.tif,false,-6.71895482376214
wc2.0_bio_10m_12.tif,false,877.4673664993154
wc2.0_bio_10m_13.tif,false,115.17161113646736
wc2.0_bio_10m_14.tif,false,39.420812414422635
wc2.1_10m_elev.tif,false,602.2519397535372
