Predictor variable,Categorical,Sample average
wc2.0_bio_10m_01.tif,false,16.637894104947062
wc2.0_bio_10m_05.tif,false,30.975209185305765
wc2.0_bio_10m_06.tif,false,1.7873641469306998
wc2.0_bio_10m_12.tif,false,809.1792279411765
wc2.0_bio_10m_13.tif,false,129.2628676470588
wc2.0_bio_10m_14.tif,false,23.568933823529413
wc2.1_10m_elev.tif,false,407.4852941176471
