Predictor variable,Categorical,Sample average
wc2.0_bio_10m_01.tif,false,12.40643409922387
wc2.0_bio_10m_05.tif,false,28.968205141229785
wc2.0_bio_10m_06.tif,false,-5.636594942115284
wc2.0_bio_10m_12.tif,false,914.5978634109118
wc2.0_bio_10m_13.tif,false,115.06791301030141
wc2.0_bio_10m_14.tif,false,44.66692102251049
wc2.1_10m_elev.tif,false,464.3796260969096
