Predictor variable,Categorical,Sample average
wc2.0_bio_10m_01.tif,false,16.522172446052235
wc2.0_bio_10m_05.tif,false,30.43448199563556
wc2.0_bio_10m_06.tif,false,2.1080404654998954
wc2.0_bio_10m_12.tif,false,736.675
wc2.0_bio_10m_13.tif,false,125.85833333333333
wc2.0_bio_10m_14.tif,false,16.1625
wc2.1_10m_elev.tif,false,397.1972222222222
