Predictor variable,Categorical,Sample average
wc2.0_bio_10m_01.tif,false,16.601186919140744
wc2.0_bio_10m_05.tif,false,30.46043256524805
wc2.0_bio_10m_06.tif,false,2.301076048009053
wc2.0_bio_10m_12.tif,false,709.6771771771772
wc2.0_bio_10m_13.tif,false,122.62912912912913
wc2.0_bio_10m_14.tif,false,14.945945945945946
wc2.1_10m_elev.tif,false,355.984984984985
