Predictor variable,Categorical,Sample average
wc2.0_bio_10m_01.tif,false,16.655123340914034
wc2.0_bio_10m_05.tif,false,30.95706172238029
wc2.0_bio_10m_06.tif,false,1.836980413649037
wc2.0_bio_10m_12.tif,false,791.1203791469194
wc2.0_bio_10m_13.tif,false,127.91090047393365
wc2.0_bio_10m_14.tif,false,22.30047393364929
wc2.1_10m_elev.tif,false,411.8056872037915
