Predictor variable,Categorical,Sample average
wc2.0_bio_10m_01.tif,false,16.118324431060234
wc2.0_bio_10m_05.tif,false,30.078564731380606
wc2.0_bio_10m_06.tif,false,1.5352948632303485
wc2.0_bio_10m_12.tif,false,747.2262658227849
wc2.0_bio_10m_13.tif,false,123.2246835443038
wc2.0_bio_10m_14.tif,false,20.338607594936708
wc2.1_10m_elev.tif,false,370.57120253164555
