Predictor variable,Categorical,Sample average
wc2.0_bio_10m_01.tif,false,15.84216723697526
wc2.0_bio_10m_05.tif,false,29.909554067339215
wc2.0_bio_10m_06.tif,false,1.0826648931019007
wc2.0_bio_10m_12.tif,false,789.5757142857143
wc2.0_bio_10m_13.tif,false,125.58285714285714
wc2.0_bio_10m_14.tif,false,24.537142857142857
wc2.1_10m_elev.tif,false,369.4371428571429
