Predictor variable,Categorical,Sample average
wc2.0_bio_10m_01.tif,false,16.040672887724998
wc2.0_bio_10m_05.tif,false,30.04675144652371
wc2.0_bio_10m_06.tif,false,1.3887479625422143
wc2.0_bio_10m_12.tif,false,753.9097978227061
wc2.0_bio_10m_13.tif,false,124.0248833592535
wc2.0_bio_10m_14.tif,false,20.587869362363918
wc2.1_10m_elev.tif,false,367.5800933125972
