Predictor variable,Categorical,Sample average
wc2.0_bio_10m_01.tif,false,15.987481355667114
wc2.0_bio_10m_05.tif,false,30.0690982101937
wc2.0_bio_10m_06.tif,false,1.2748926109469016
wc2.0_bio_10m_12.tif,false,774.8609467455622
wc2.0_bio_10m_13.tif,false,123.6819526627219
wc2.0_bio_10m_14.tif,false,22.733727810650887
wc2.1_10m_elev.tif,false,364.45118343195264
