Predictor variable,Categorical,Sample average
wc2.0_bio_10m_01.tif,false,10.83334687475987
wc2.0_bio_10m_05.tif,false,27.315470913417464
wc2.0_bio_10m_06.tif,false,-7.111799301307939
wc2.0_bio_10m_12.tif,false,908.8950502419054
wc2.0_bio_10m_13.tif,false,116.17156680312617
wc2.0_bio_10m_14.tif,false,43.17491626349088
wc2.1_10m_elev.tif,false,637.0829921845925
