Predictor variable,Categorical,Sample average
wc2.0_bio_10m_01.tif,false,10.711095753285008
wc2.0_bio_10m_05.tif,false,27.46292873728169
wc2.0_bio_10m_06.tif,false,-7.70067421852504
wc2.0_bio_10m_12.tif,false,908.1873713109128
wc2.0_bio_10m_13.tif,false,112.55490734385724
wc2.0_bio_10m_14.tif,false,45.20624571036376
wc2.1_10m_elev.tif,false,559.449210706932
