Predictor variable,Categorical,Sample average
wc2.0_bio_10m_01.tif,false,16.190166550079983
wc2.0_bio_10m_05.tif,false,30.235982284545898
wc2.0_bio_10m_06.tif,false,1.4949875471554697
wc2.0_bio_10m_12.tif,false,768.6366666666667
wc2.0_bio_10m_13.tif,false,123.57666666666667
wc2.0_bio_10m_14.tif,false,21.756666666666668
wc2.1_10m_elev.tif,false,352.92
