Predictor variable,Categorical,Sample average
wc2.0_bio_10m_01.tif,false,16.503837326205506
wc2.0_bio_10m_05.tif,false,31.07158845084054
wc2.0_bio_10m_06.tif,false,1.3903351459743416
wc2.0_bio_10m_12.tif,false,841.4791836734694
wc2.0_bio_10m_13.tif,false,130.4930612244898
wc2.0_bio_10m_14.tif,false,27.367346938775512
wc2.1_10m_elev.tif,false,413.53714285714284
