Predictor variable,Categorical,Sample average
wc2.0_bio_10m_01.tif,false,10.739387388189005
wc2.0_bio_10m_05.tif,false,27.07424779490499
wc2.0_bio_10m_06.tif,false,-7.1744500028026135
wc2.0_bio_10m_12.tif,false,877.6142410015649
wc2.0_bio_10m_13.tif,false,114.68701095461658
wc2.0_bio_10m_14.tif,false,39.35250391236307
wc2.1_10m_elev.tif,false,580.5567292644757
