Predictor variable,Categorical,Sample average
wc2.0_bio_10m_01.tif,false,15.444885983069737
wc2.0_bio_10m_05.tif,false,30.506727573606703
wc2.0_bio_10m_06.tif,false,-0.4190638166447601
wc2.0_bio_10m_12.tif,false,888.7361111111111
wc2.0_bio_10m_13.tif,false,125.94537037037037
wc2.0_bio_10m_14.tif,false,36.4212962962963
wc2.1_10m_elev.tif,false,385.56481481481484
