Predictor variable,Categorical,Sample average
wc2.0_bio_10m_01.tif,false,16.649612802254836
wc2.0_bio_10m_05.tif,false,30.75711632754034
wc2.0_bio_10m_06.tif,false,2.038569501727376
wc2.0_bio_10m_12.tif,false,792.7145790554415
wc2.0_bio_10m_13.tif,false,130.14681724845997
wc2.0_bio_10m_14.tif,false,21.09958932238193
wc2.1_10m_elev.tif,false,407.3921971252567
