Predictor variable,Categorical,Sample average
wc2.0_bio_10m_01.tif,false,16.500884067225186
wc2.0_bio_10m_05.tif,false,31.12220899609552
wc2.0_bio_10m_06.tif,false,1.3277104532154167
wc2.0_bio_10m_12.tif,false,840.2689210950081
wc2.0_bio_10m_13.tif,false,130.0901771336554
wc2.0_bio_10m_14.tif,false,27.57487922705314
wc2.1_10m_elev.tif,false,419.7012882447665
