Predictor variable,Categorical,Sample average
wc2.0_bio_10m_01.tif,false,10.746590109765403
wc2.0_bio_10m_05.tif,false,27.1937164117398
wc2.0_bio_10m_06.tif,false,-7.418346193931613
wc2.0_bio_10m_12.tif,false,879.0825035561878
wc2.0_bio_10m_13.tif,false,112.86344238975818
wc2.0_bio_10m_14.tif,false,40.79125177809388
wc2.1_10m_elev.tif,false,517.4815078236131
