Predictor variable,Categorical,Sample average
wc2.0_bio_10m_01.tif,false,16.377014234172766
wc2.0_bio_10m_05.tif,false,30.060686635259373
wc2.0_bio_10m_06.tif,false,2.1520574025670762
wc2.0_bio_10m_12.tif,false,791.7731343283582
wc2.0_bio_10m_13.tif,false,129.11194029850745
wc2.0_bio_10m_14.tif,false,21.376119402985076
wc2.1_10m_elev.tif,false,320.9522388059701
