Predictor variable,Categorical,Sample average
wc2.0_bio_10m_01.tif,false,16.723701985866587
wc2.0_bio_10m_05.tif,false,30.600589840316204
wc2.0_bio_10m_06.tif,false,2.362985958142939
wc2.0_bio_10m_12.tif,false,723.9493293591654
wc2.0_bio_10m_13.tif,false,123.67064083457527
wc2.0_bio_10m_14.tif,false,15.970193740685543
wc2.1_10m_elev.tif,false,352.50670640834574
