Predictor variable,Categorical,Sample average
wc2.0_bio_10m_01.tif,false,11.154198588614042
wc2.0_bio_10m_05.tif,false,27.296355018191868
wc2.0_bio_10m_06.tif,false,-6.385627487400203
wc2.0_bio_10m_12.tif,false,912.1697777777778
wc2.0_bio_10m_13.tif,false,119.75066666666666
wc2.0_bio_10m_14.tif,false,40.99022222222222
wc2.1_10m_elev.tif,false,606.0506666666666
