Predictor variable,Categorical,Sample average
wc2.0_bio_10m_01.tif,false,11.274116454248851
wc2.0_bio_10m_05.tif,false,27.460481895277383
wc2.0_bio_10m_06.tif,false,-6.2903110038386
wc2.0_bio_10m_12.tif,false,916.4175010883762
wc2.0_bio_10m_13.tif,false,119.67609925990422
wc2.0_bio_10m_14.tif,false,41.73487157161515
wc2.1_10m_elev.tif,false,603.9865041358294
