Predictor variable,Categorical,Sample average
wc2.0_bio_10m_01.tif,false,16.747463364983172
wc2.0_bio_10m_05.tif,false,30.690486460835714
wc2.0_bio_10m_06.tif,false,2.3141911544409397
wc2.0_bio_10m_12.tif,false,717.7032640949554
wc2.0_bio_10m_13.tif,false,122.90059347181008
wc2.0_bio_10m_14.tif,false,15.79080118694362
wc2.1_10m_elev.tif,false,355.4747774480712
