Predictor variable,Categorical,Sample average
wc2.0_bio_10m_01.tif,false,16.22760400639844
wc2.0_bio_10m_05.tif,false,30.325568274099766
wc2.0_bio_10m_06.tif,false,1.5142659266868201
wc2.0_bio_10m_12.tif,false,750.8782742681047
wc2.0_bio_10m_13.tif,false,121.29738058551618
wc2.0_bio_10m_14.tif,false,20.92758089368259
wc2.1_10m_elev.tif,false,374.8597842835131
