Predictor variable,Categorical,Sample average
wc2.0_bio_10m_01.tif,false,14.099079211559788
wc2.0_bio_10m_05.tif,false,29.709310218109483
wc2.0_bio_10m_06.tif,false,-2.4586563676777025
wc2.0_bio_10m_12.tif,false,899.4367816091954
wc2.0_bio_10m_13.tif,false,123.71770114942528
wc2.0_bio_10m_14.tif,false,38.14528735632184
wc2.1_10m_elev.tif,false,480.3949425287356
