Predictor variable,Categorical,Sample average
wc2.0_bio_10m_01.tif,false,16.249725224747884
wc2.0_bio_10m_05.tif,false,30.155837990699528
wc2.0_bio_10m_06.tif,false,1.7126433088718813
wc2.0_bio_10m_12.tif,false,787.4843492586491
wc2.0_bio_10m_13.tif,false,126.40197693574959
wc2.0_bio_10m_14.tif,false,22.490939044481053
wc2.1_10m_elev.tif,false,335.3706754530478
