Predictor variable,Categorical,Sample average
wc2.0_bio_10m_01.tif,false,11.011507198641224
wc2.0_bio_10m_05.tif,false,27.212017568487493
wc2.0_bio_10m_06.tif,false,-6.615917718394369
wc2.0_bio_10m_12.tif,false,878.8770453482936
wc2.0_bio_10m_13.tif,false,116.30247779336139
wc2.0_bio_10m_14.tif,false,38.7807386629266
wc2.1_10m_elev.tif,false,610.015427769986
