Predictor variable,Categorical,Sample average
wc2.0_bio_10m_01.tif,false,11.09926354807541
wc2.0_bio_10m_05.tif,false,27.835158940687535
wc2.0_bio_10m_06.tif,false,-7.2839755479324975
wc2.0_bio_10m_12.tif,false,917.101247771836
wc2.0_bio_10m_13.tif,false,113.5650623885918
wc2.0_bio_10m_14.tif,false,45.83565062388592
wc2.1_10m_elev.tif,false,507.5825311942959
