Predictor variable,Categorical,Sample average
wc2.0_bio_10m_01.tif,false,10.775936776303924
wc2.0_bio_10m_05.tif,false,27.29664799166476
wc2.0_bio_10m_06.tif,false,-7.232494017605685
wc2.0_bio_10m_12.tif,false,907.9912184412733
wc2.0_bio_10m_13.tif,false,115.89571899012074
wc2.0_bio_10m_14.tif,false,43.17416758141237
wc2.1_10m_elev.tif,false,633.8466886205634
