Predictor variable,Categorical,Sample average
wc2.0_bio_10m_01.tif,false,11.364199586608866
wc2.0_bio_10m_05.tif,false,27.660284517057274
wc2.0_bio_10m_06.tif,false,-6.528254392016788
wc2.0_bio_10m_12.tif,false,884.3991031390135
wc2.0_bio_10m_13.tif,false,114.97272047832585
wc2.0_bio_10m_14.tif,false,39.97571001494768
wc2.1_10m_elev.tif,false,502.40171898355754
