Predictor variable,Categorical,Sample average
wc2.0_bio_10m_01.tif,false,16.185762402405935
wc2.0_bio_10m_05.tif,false,30.293690140344506
wc2.0_bio_10m_06.tif,false,1.4353415221647363
wc2.0_bio_10m_12.tif,false,756.7429467084639
wc2.0_bio_10m_13.tif,false,121.24451410658307
wc2.0_bio_10m_14.tif,false,21.6269592476489
wc2.1_10m_elev.tif,false,361.05956112852664
