Predictor variable,Categorical,Sample average
wc2.0_bio_10m_01.tif,false,16.86104926436127
wc2.0_bio_10m_05.tif,false,30.626458994923173
wc2.0_bio_10m_06.tif,false,2.5452808431752763
wc2.0_bio_10m_12.tif,false,766.2230428360414
wc2.0_bio_10m_13.tif,false,126.89807976366322
wc2.0_bio_10m_14.tif,false,20.24519940915805
wc2.1_10m_elev.tif,false,332.821270310192
