Predictor variable,Categorical,Sample average
wc2.0_bio_10m_01.tif,false,16.64061062335968
wc2.0_bio_10m_05.tif,false,30.816242572239467
wc2.0_bio_10m_06.tif,false,1.9573976350511064
wc2.0_bio_10m_12.tif,false,788.9326530612245
wc2.0_bio_10m_13.tif,false,129.21938775510205
wc2.0_bio_10m_14.tif,false,21.124489795918368
wc2.1_10m_elev.tif,false,416.33775510204083
