Predictor variable,Categorical,Sample average
wc2.0_bio_10m_01.tif,false,16.63976773422194
wc2.0_bio_10m_05.tif,false,30.365974088295584
wc2.0_bio_10m_06.tif,false,2.3883655895184845
wc2.0_bio_10m_12.tif,false,758.1078582434515
wc2.0_bio_10m_13.tif,false,127.74730354391372
wc2.0_bio_10m_14.tif,false,18.363636363636363
wc2.1_10m_elev.tif,false,340.8551617873652
