Predictor variable,Categorical,Sample average
wc2.0_bio_10m_01.tif,false,15.487666886560408
wc2.0_bio_10m_05.tif,false,30.468739428457106
wc2.0_bio_10m_06.tif,false,-0.27892930082901995
wc2.0_bio_10m_12.tif,false,883.749527410208
wc2.0_bio_10m_13.tif,false,126.22400756143668
wc2.0_bio_10m_14.tif,false,35.72778827977316
wc2.1_10m_elev.tif,false,385.4981096408318
