Predictor variable,Categorical,Sample average
wc2.0_bio_10m_01.tif,false,10.519231532122292
wc2.0_bio_10m_05.tif,false,26.968902160309934
wc2.0_bio_10m_06.tif,false,-7.637821457954258
wc2.0_bio_10m_12.tif,false,880.3298296484234
wc2.0_bio_10m_13.tif,false,113.8735048930772
wc2.0_bio_10m_14.tif,false,40.15005436752447
wc2.1_10m_elev.tif,false,548.3537513591881
