Predictor variable,Categorical,Sample average
wc2.0_bio_10m_01.tif,false,16.668188232493787
wc2.0_bio_10m_05.tif,false,31.072991771800726
wc2.0_bio_10m_06.tif,false,1.7469859322151788
wc2.0_bio_10m_12.tif,false,811.391382405745
wc2.0_bio_10m_13.tif,false,128.9452423698384
wc2.0_bio_10m_14.tif,false,24.108617594254937
wc2.1_10m_elev.tif,false,406.04667863554755
