Predictor variable,Categorical,Sample average
wc2.0_bio_10m_01.tif,false,10.951687671889806
wc2.0_bio_10m_05.tif,false,27.356014840559524
wc2.0_bio_10m_06.tif,false,-7.147190550929523
wc2.0_bio_10m_12.tif,false,880.3341818181818
wc2.0_bio_10m_13.tif,false,113.14072727272728
wc2.0_bio_10m_14.tif,false,40.604727272727274
wc2.1_10m_elev.tif,false,503.19163636363635
