Predictor variable,Categorical,Sample average
wc2.0_bio_10m_01.tif,false,16.57201705319541
wc2.0_bio_10m_05.tif,false,30.532862827994606
wc2.0_bio_10m_06.tif,false,2.11367988499583
wc2.0_bio_10m_12.tif,false,755.3701298701299
wc2.0_bio_10m_13.tif,false,127.85194805194806
wc2.0_bio_10m_14.tif,false,17.429870129870128
wc2.1_10m_elev.tif,false,399.0922077922078
