Predictor variable,Categorical,Sample average
wc2.0_bio_10m_01.tif,false,10.976189866276552
wc2.0_bio_10m_05.tif,false,27.42771652464923
wc2.0_bio_10m_06.tif,false,-6.919249889513105
wc2.0_bio_10m_12.tif,false,907.1714394807178
wc2.0_bio_10m_13.tif,false,116.37457044673539
wc2.0_bio_10m_14.tif,false,42.79686903398244
wc2.1_10m_elev.tif,false,632.0504009163803
