Predictor variable,Categorical,Sample average
wc2.0_bio_10m_01.tif,false,10.706328273733966
wc2.0_bio_10m_05.tif,false,27.440456933567667
wc2.0_bio_10m_06.tif,false,-7.684481405069326
wc2.0_bio_10m_12.tif,false,908.4475213675214
wc2.0_bio_10m_13.tif,false,112.73811965811966
wc2.0_bio_10m_14.tif,false,45.10666666666667
wc2.1_10m_elev.tif,false,561.8509401709401
