Predictor variable,Categorical,Sample average
wc2.0_bio_10m_01.tif,false,15.256579856450147
wc2.0_bio_10m_05.tif,false,30.447270260149615
wc2.0_bio_10m_06.tif,false,-0.7710204465796036
wc2.0_bio_10m_12.tif,false,903.6507666098807
wc2.0_bio_10m_13.tif,false,125.6396933560477
wc2.0_bio_10m_14.tif,false,38.218057921635435
wc2.1_10m_elev.tif,false,383.99063032367974
