Predictor variable,Categorical,Sample average
wc2.0_bio_10m_01.tif,false,15.999850179481207
wc2.0_bio_10m_05.tif,false,29.918063123461227
wc2.0_bio_10m_06.tif,false,1.4627432374688847
wc2.0_bio_10m_12.tif,false,767.5446009389672
wc2.0_bio_10m_13.tif,false,126.50391236306729
wc2.0_bio_10m_14.tif,false,20.267605633802816
wc2.1_10m_elev.tif,false,379.60093896713613
