Predictor variable,Categorical,Sample average
wc2.0_bio_10m_01.tif,false,10.96200751804608
wc2.0_bio_10m_05.tif,false,27.20392319597115
wc2.0_bio_10m_06.tif,false,-6.738719291695407
wc2.0_bio_10m_12.tif,false,873.3666513127591
wc2.0_bio_10m_13.tif,false,115.043758636573
wc2.0_bio_10m_14.tif,false,39.01796407185629
wc2.1_10m_elev.tif,false,607.40442192538
