Predictor variable,Categorical,Sample average
wc2.0_bio_10m_01.tif,false,15.959394659525083
wc2.0_bio_10m_05.tif,false,29.95348412313579
wc2.0_bio_10m_06.tif,false,1.3158926527521768
wc2.0_bio_10m_12.tif,false,795.0987654320987
wc2.0_bio_10m_13.tif,false,127.375
wc2.0_bio_10m_14.tif,false,22.87962962962963
wc2.1_10m_elev.tif,false,357.38734567901236
