Predictor variable,Categorical,Sample average
wc2.0_bio_10m_01.tif,false,16.505060403499883
wc2.0_bio_10m_05.tif,false,30.552279109761738
wc2.0_bio_10m_06.tif,false,1.951893864786179
wc2.0_bio_10m_12.tif,false,776.6344206974128
wc2.0_bio_10m_13.tif,false,129.2339707536558
wc2.0_bio_10m_14.tif,false,19.294713160854894
wc2.1_10m_elev.tif,false,414.81552305961753
