Predictor variable,Categorical,Sample average
wc2.0_bio_10m_01.tif,false,15.017585507090788
wc2.0_bio_10m_05.tif,false,30.364811316780422
wc2.0_bio_10m_06.tif,false,-1.2363459496384832
wc2.0_bio_10m_12.tif,false,924.0108695652174
wc2.0_bio_10m_13.tif,false,125.98757763975155
wc2.0_bio_10m_14.tif,false,40.40527950310559
wc2.1_10m_elev.tif,false,384.2717391304348
