Predictor variable,Categorical,Sample average
wc2.0_bio_10m_01.tif,false,14.207270770506296
wc2.0_bio_10m_05.tif,false,30.138042112297388
wc2.0_bio_10m_06.tif,false,-2.8655377652494556
wc2.0_bio_10m_12.tif,false,940.7833037300178
wc2.0_bio_10m_13.tif,false,122.27945529899348
wc2.0_bio_10m_14.tif,false,44.016577856719955
wc2.1_10m_elev.tif,false,391.42332741267023
