Predictor variable,Categorical,Sample average
wc2.0_bio_10m_01.tif,false,10.81608919478546
wc2.0_bio_10m_05.tif,false,27.577250922228767
wc2.0_bio_10m_06.tif,false,-7.594959712930886
wc2.0_bio_10m_12.tif,false,909.4433310297167
wc2.0_bio_10m_13.tif,false,112.5597788527989
wc2.0_bio_10m_14.tif,false,45.462681409813406
wc2.1_10m_elev.tif,false,546.3583275742916
