Predictor variable,Categorical,Sample average
wc2.0_bio_10m_01.tif,false,16.56824281811714
wc2.0_bio_10m_05.tif,false,30.537199878692626
wc2.0_bio_10m_06.tif,false,2.133138668808319
wc2.0_bio_10m_12.tif,false,705.6308823529412
wc2.0_bio_10m_13.tif,false,122.17058823529412
wc2.0_bio_10m_14.tif,false,14.902941176470588
wc2.1_10m_elev.tif,false,386.0705882352941
