Predictor variable,Categorical,Sample average
wc2.0_bio_10m_01.tif,false,16.044817212247473
wc2.0_bio_10m_05.tif,false,29.924129834513025
wc2.0_bio_10m_06.tif,false,1.545898336007839
wc2.0_bio_10m_12.tif,false,787.4110236220472
wc2.0_bio_10m_13.tif,false,128.40314960629922
wc2.0_bio_10m_14.tif,false,21.384251968503936
wc2.1_10m_elev.tif,false,350.18110236220474
