Predictor variable,Categorical,Sample average
wc2.0_bio_10m_01.tif,false,15.845702857547199
wc2.0_bio_10m_05.tif,false,30.164167133803222
wc2.0_bio_10m_06.tif,false,0.8554622226736158
wc2.0_bio_10m_12.tif,false,807.6121134020618
wc2.0_bio_10m_13.tif,false,125.54381443298969
wc2.0_bio_10m_14.tif,false,26.996134020618555
wc2.1_10m_elev.tif,false,387.1082474226804
