Predictor variable,Categorical,Sample average
wc2.0_bio_10m_01.tif,false,16.267889047131955
wc2.0_bio_10m_05.tif,false,30.096321544215133
wc2.0_bio_10m_06.tif,false,1.8428174518078904
wc2.0_bio_10m_12.tif,false,792.668284789644
wc2.0_bio_10m_13.tif,false,127.42394822006473
wc2.0_bio_10m_14.tif,false,22.466019417475728
wc2.1_10m_elev.tif,false,332.93689320388347
