Predictor variable,Categorical,Sample average
wc2.0_bio_10m_01.tif,false,11.069672136429464
wc2.0_bio_10m_05.tif,false,27.448899991648414
wc2.0_bio_10m_06.tif,false,-6.980484600369358
wc2.0_bio_10m_12.tif,false,880.4813996316759
wc2.0_bio_10m_13.tif,false,113.52891344383058
wc2.0_bio_10m_14.tif,false,40.38710865561694
wc2.1_10m_elev.tif,false,502.86408839779006
