Predictor variable,Categorical,Sample average
wc2.0_bio_10m_01.tif,false,16.495094231503657
wc2.0_bio_10m_05.tif,false,30.426750253066132
wc2.0_bio_10m_06.tif,false,2.0652701057460123
wc2.0_bio_10m_12.tif,false,757.6936936936937
wc2.0_bio_10m_13.tif,false,128.42857142857142
wc2.0_bio_10m_14.tif,false,17.306306306306308
wc2.1_10m_elev.tif,false,403.6460746460746
