Predictor variable,Categorical,Sample average
wc2.0_bio_10m_01.tif,false,10.947697941352573
wc2.0_bio_10m_05.tif,false,27.18616466193065
wc2.0_bio_10m_06.tif,false,-6.7672038524415
wc2.0_bio_10m_12.tif,false,878.8219800181653
wc2.0_bio_10m_13.tif,false,115.50590372388737
wc2.0_bio_10m_14.tif,false,39.28519527702089
wc2.1_10m_elev.tif,false,602.5581289736604
