Predictor variable,Categorical,Sample average
wc2.0_bio_10m_01.tif,false,15.882702752451102
wc2.0_bio_10m_05.tif,false,30.023526096343993
wc2.0_bio_10m_06.tif,false,1.0496285697720142
wc2.0_bio_10m_12.tif,false,799.0263888888888
wc2.0_bio_10m_13.tif,false,126.09027777777777
wc2.0_bio_10m_14.tif,false,25.52777777777778
wc2.1_10m_elev.tif,false,366.56666666666666
