Predictor variable,Categorical,Sample average
wc2.0_bio_10m_01.tif,false,16.29116540731386
wc2.0_bio_10m_05.tif,false,29.978333332741908
wc2.0_bio_10m_06.tif,false,2.0389836242927832
wc2.0_bio_10m_12.tif,false,799.277519379845
wc2.0_bio_10m_13.tif,false,129.95503875968993
wc2.0_bio_10m_14.tif,false,21.70077519379845
wc2.1_10m_elev.tif,false,322.8790697674419
