Predictor variable,Categorical,Sample average
wc2.0_bio_10m_01.tif,false,16.693008231509264
wc2.0_bio_10m_05.tif,false,30.648400431226012
wc2.0_bio_10m_06.tif,false,2.2360330290553327
wc2.0_bio_10m_12.tif,false,711.843949044586
wc2.0_bio_10m_13.tif,false,122.03025477707007
wc2.0_bio_10m_14.tif,false,15.703821656050955
wc2.1_10m_elev.tif,false,351.9410828025478
