Predictor variable,Categorical,Sample average
wc2.0_bio_10m_01.tif,false,15.933273145181161
wc2.0_bio_10m_05.tif,false,30.01553244696723
wc2.0_bio_10m_06.tif,false,1.198439903518668
wc2.0_bio_10m_12.tif,false,780.8948148148148
wc2.0_bio_10m_13.tif,false,124.87407407407407
wc2.0_bio_10m_14.tif,false,22.505185185185184
wc2.1_10m_elev.tif,false,361.9837037037037
