Predictor variable,Categorical,Sample average
wc2.0_bio_10m_01.tif,false,16.75289334819395
wc2.0_bio_10m_05.tif,false,30.71121074182567
wc2.0_bio_10m_06.tif,false,2.2756673292552563
wc2.0_bio_10m_12.tif,false,710.2932917316692
wc2.0_bio_10m_13.tif,false,121.92979719188767
wc2.0_bio_10m_14.tif,false,15.697347893915756
wc2.1_10m_elev.tif,false,350.0358814352574
