Predictor variable,Categorical,Sample average
wc2.0_bio_10m_01.tif,false,10.972973353926331
wc2.0_bio_10m_05.tif,false,27.169004133943623
wc2.0_bio_10m_06.tif,false,-6.6305176876654945
wc2.0_bio_10m_12.tif,false,888.0004649000465
wc2.0_bio_10m_13.tif,false,116.53742445374245
wc2.0_bio_10m_14.tif,false,39.90004649000465
wc2.1_10m_elev.tif,false,623.5904230590423
