Predictor variable,Categorical,Sample average
wc2.0_bio_10m_01.tif,false,10.986598467377382
wc2.0_bio_10m_05.tif,false,27.182352624727294
wc2.0_bio_10m_06.tif,false,-6.615725948714527
wc2.0_bio_10m_12.tif,false,890.0676484123331
wc2.0_bio_10m_13.tif,false,116.87160607455131
wc2.0_bio_10m_14.tif,false,40.00230096640589
wc2.1_10m_elev.tif,false,630.6994937873907
