Predictor variable,Categorical,Sample average
wc2.0_bio_10m_01.tif,false,10.968969287616867
wc2.0_bio_10m_05.tif,false,27.189231295391938
wc2.0_bio_10m_06.tif,false,-6.717301149471012
wc2.0_bio_10m_12.tif,false,877.221360109539
wc2.0_bio_10m_13.tif,false,115.46234596074852
wc2.0_bio_10m_14.tif,false,39.18073938840712
wc2.1_10m_elev.tif,false,604.2263806481059
