Predictor variable,Categorical,Sample average
wc2.0_bio_10m_01.tif,false,16.28908944761516
wc2.0_bio_10m_05.tif,false,30.383302325444507
wc2.0_bio_10m_06.tif,false,1.5676621178948376
wc2.0_bio_10m_12.tif,false,760.7533112582781
wc2.0_bio_10m_13.tif,false,122.39900662251655
wc2.0_bio_10m_14.tif,false,21.647350993377483
wc2.1_10m_elev.tif,false,355.3112582781457
