Predictor variable,Categorical,Sample average
wc2.0_bio_10m_01.tif,false,10.922763544481862
wc2.0_bio_10m_05.tif,false,27.089412782522622
wc2.0_bio_10m_06.tif,false,-6.664485032805001
wc2.0_bio_10m_12.tif,false,881.2036516853933
wc2.0_bio_10m_13.tif,false,116.29822097378278
wc2.0_bio_10m_14.tif,false,39.245318352059925
wc2.1_10m_elev.tif,false,622.8412921348314
