Predictor variable,Categorical,Sample average
wc2.0_bio_10m_01.tif,false,11.799769506659748
wc2.0_bio_10m_05.tif,false,28.46085891882062
wc2.0_bio_10m_06.tif,false,-6.4255926119484235
wc2.0_bio_10m_12.tif,false,912.6471650415313
wc2.0_bio_10m_13.tif,false,114.28855182376309
wc2.0_bio_10m_14.tif,false,44.79234380642831
wc2.1_10m_elev.tif,false,492.47778981581797
