Predictor variable,Categorical,Sample average
wc2.0_bio_10m_01.tif,false,10.566943043980958
wc2.0_bio_10m_05.tif,false,27.190242835363176
wc2.0_bio_10m_06.tif,false,-7.693390934729993
wc2.0_bio_10m_12.tif,false,912.3662906436629
wc2.0_bio_10m_13.tif,false,114.3045786330458
wc2.0_bio_10m_14.tif,false,44.59489051094891
wc2.1_10m_elev.tif,false,583.4396151293962
