Predictor variable,Categorical,Sample average
wc2.0_bio_10m_01.tif,false,16.105885209758892
wc2.0_bio_10m_05.tif,false,30.197787142752137
wc2.0_bio_10m_06.tif,false,1.399197705853988
wc2.0_bio_10m_12.tif,false,772.2995391705069
wc2.0_bio_10m_13.tif,false,122.50998463901689
wc2.0_bio_10m_14.tif,false,23.122887864823348
wc2.1_10m_elev.tif,false,359.9216589861751
