Predictor variable,Categorical,Sample average
wc2.0_bio_10m_01.tif,false,16.438518161728375
wc2.0_bio_10m_05.tif,false,30.460078539587823
wc2.0_bio_10m_06.tif,false,1.9103926326791953
wc2.0_bio_10m_12.tif,false,764.2767220902613
wc2.0_bio_10m_13.tif,false,127.91923990498812
wc2.0_bio_10m_14.tif,false,18.391923990498814
wc2.1_10m_elev.tif,false,415.2874109263658
