Predictor variable,Categorical,Sample average
wc2.0_bio_10m_01.tif,false,11.759929118709614
wc2.0_bio_10m_05.tif,false,27.94931665299721
wc2.0_bio_10m_06.tif,false,-5.937189049456084
wc2.0_bio_10m_12.tif,false,888.8003838771593
wc2.0_bio_10m_13.tif,false,115.94165067178503
wc2.0_bio_10m_14.tif,false,40.10287907869482
wc2.1_10m_elev.tif,false,494.2441458733205
