Predictor variable,Categorical,Sample average
wc2.0_bio_10m_01.tif,false,15.91928289980784
wc2.0_bio_10m_05.tif,false,29.97364292562443
wc2.0_bio_10m_06.tif,false,1.1833079921095258
wc2.0_bio_10m_12.tif,false,788.1386861313869
wc2.0_bio_10m_13.tif,false,125.74014598540145
wc2.0_bio_10m_14.tif,false,24.344525547445254
wc2.1_10m_elev.tif,false,364.7474452554745
