Predictor variable,Categorical,Sample average
wc2.0_bio_10m_01.tif,false,15.679086955609145
wc2.0_bio_10m_05.tif,false,30.46270848890391
wc2.0_bio_10m_06.tif,false,0.17052074547194965
wc2.0_bio_10m_12.tif,false,858.5576131687243
wc2.0_bio_10m_13.tif,false,125.62037037037037
wc2.0_bio_10m_14.tif,false,33.17078189300412
wc2.1_10m_elev.tif,false,388.89814814814815
