Predictor variable,Categorical,Sample average
wc2.0_bio_10m_01.tif,false,12.801636088516318
wc2.0_bio_10m_05.tif,false,29.241656076321995
wc2.0_bio_10m_06.tif,false,-5.060987535271459
wc2.0_bio_10m_12.tif,false,930.8870377895165
wc2.0_bio_10m_13.tif,false,117.68102397399431
wc2.0_bio_10m_14.tif,false,45.26005688744413
wc2.1_10m_elev.tif,false,436.5526208858188
