Predictor variable,Categorical,Sample average
wc2.0_bio_10m_01.tif,false,12.315656176400829
wc2.0_bio_10m_05.tif,false,28.879884939843958
wc2.0_bio_10m_06.tif,false,-5.741950426978793
wc2.0_bio_10m_12.tif,false,917.1106060606061
wc2.0_bio_10m_13.tif,false,115.44545454545455
wc2.0_bio_10m_14.tif,false,44.70757575757576
wc2.1_10m_elev.tif,false,467.43257575757576
