Predictor variable,Categorical,Sample average
wc2.0_bio_10m_01.tif,false,13.81300492176614
wc2.0_bio_10m_05.tif,false,29.91280961372483
wc2.0_bio_10m_06.tif,false,-3.5078589154570228
wc2.0_bio_10m_12.tif,false,935.5691184141889
wc2.0_bio_10m_13.tif,false,120.64267083985393
wc2.0_bio_10m_14.tif,false,44.224830464267086
wc2.1_10m_elev.tif,false,406.8763693270736
