Predictor variable,Categorical,Sample average
wc2.0_bio_10m_01.tif,false,16.479214079526006
wc2.0_bio_10m_05.tif,false,30.424957704868447
wc2.0_bio_10m_06.tif,false,2.03716016693839
wc2.0_bio_10m_12.tif,false,737.5836734693878
wc2.0_bio_10m_13.tif,false,125.94149659863946
wc2.0_bio_10m_14.tif,false,16.099319727891157
wc2.1_10m_elev.tif,false,397.66938775510204
