Predictor variable,Categorical,Sample average
wc2.0_bio_10m_01.tif,false,13.001157413494273
wc2.0_bio_10m_05.tif,false,29.38664702622287
wc2.0_bio_10m_06.tif,false,-4.770358340879999
wc2.0_bio_10m_12.tif,false,934.0081755593803
wc2.0_bio_10m_13.tif,false,118.56884681583477
wc2.0_bio_10m_14.tif,false,45.239242685025815
wc2.1_10m_elev.tif,false,429.60499139414804
