Predictor variable,Categorical,Sample average
wc2.0_bio_10m_01.tif,false,16.235486117095054
wc2.0_bio_10m_05.tif,false,30.092779095754974
wc2.0_bio_10m_06.tif,false,1.769821319308593
wc2.0_bio_10m_12.tif,false,791.6070234113712
wc2.0_bio_10m_13.tif,false,127.2324414715719
wc2.0_bio_10m_14.tif,false,22.51505016722408
wc2.1_10m_elev.tif,false,337.74080267558526
