Predictor variable,Categorical,Sample average
wc2.0_bio_10m_01.tif,false,14.356090733063612
wc2.0_bio_10m_05.tif,false,30.13505791536807
wc2.0_bio_10m_06.tif,false,-2.497633261096052
wc2.0_bio_10m_12.tif,false,940.2670025188917
wc2.0_bio_10m_13.tif,false,123.75692695214106
wc2.0_bio_10m_14.tif,false,43.16309823677582
wc2.1_10m_elev.tif,false,394.1712846347607
