Predictor variable,Categorical,Sample average
wc2.0_bio_10m_01.tif,false,15.73943924535029
wc2.0_bio_10m_05.tif,false,30.189011701262825
wc2.0_bio_10m_06.tif,false,0.6115812264019186
wc2.0_bio_10m_12.tif,false,821.1621287128713
wc2.0_bio_10m_13.tif,false,125.73143564356435
wc2.0_bio_10m_14.tif,false,28.415841584158414
wc2.1_10m_elev.tif,false,399.23514851485146
