Predictor variable,Categorical,Sample average
wc2.0_bio_10m_01.tif,false,16.708276230700978
wc2.0_bio_10m_05.tif,false,30.66852545341457
wc2.0_bio_10m_06.tif,false,2.25006635005955
wc2.0_bio_10m_12.tif,false,711.6036308623299
wc2.0_bio_10m_13.tif,false,122.09077155824508
wc2.0_bio_10m_14.tif,false,15.509833585476551
wc2.1_10m_elev.tif,false,356.4553706505295
