Predictor variable,Categorical,Sample average
wc2.0_bio_10m_01.tif,false,16.235628328386838
wc2.0_bio_10m_05.tif,false,30.092273194857327
wc2.0_bio_10m_06.tif,false,1.7394819611128722
wc2.0_bio_10m_12.tif,false,786.2678868552413
wc2.0_bio_10m_13.tif,false,126.75707154742096
wc2.0_bio_10m_14.tif,false,22.0432612312812
wc2.1_10m_elev.tif,false,333.9217970049917
