Predictor variable,Categorical,Sample average
wc2.0_bio_10m_01.tif,false,10.912081901214712
wc2.0_bio_10m_05.tif,false,27.10448779518156
wc2.0_bio_10m_06.tif,false,-6.706160741522236
wc2.0_bio_10m_12.tif,false,880.3235567970205
wc2.0_bio_10m_13.tif,false,116.07355679702049
wc2.0_bio_10m_14.tif,false,39.22253258845438
wc2.1_10m_elev.tif,false,622.1703910614525
