Predictor variable,Categorical,Sample average
wc2.0_bio_10m_01.tif,false,13.485596915119494
wc2.0_bio_10m_05.tif,false,29.698923746897403
wc2.0_bio_10m_06.tif,false,-3.998342218897321
wc2.0_bio_10m_12.tif,false,934.6471435429669
wc2.0_bio_10m_13.tif,false,119.85837734037446
wc2.0_bio_10m_14.tif,false,44.56505040806529
wc2.1_10m_elev.tif,false,417.25636101776286
