Predictor variable,Categorical,Sample average
wc2.0_bio_10m_01.tif,false,16.223682907057103
wc2.0_bio_10m_05.tif,false,30.238460055049163
wc2.0_bio_10m_06.tif,false,1.6092994438675203
wc2.0_bio_10m_12.tif,false,762.694099378882
wc2.0_bio_10m_13.tif,false,122.32453416149069
wc2.0_bio_10m_14.tif,false,21.86801242236025
wc2.1_10m_elev.tif,false,359.04037267080747
