Predictor variable,Categorical,Sample average
wc2.0_bio_10m_01.tif,false,16.057207566926785
wc2.0_bio_10m_05.tif,false,30.029608785920427
wc2.0_bio_10m_06.tif,false,1.4547375920939483
wc2.0_bio_10m_12.tif,false,759.3831775700935
wc2.0_bio_10m_13.tif,false,124.58411214953271
wc2.0_bio_10m_14.tif,false,21.08722741433022
wc2.1_10m_elev.tif,false,370.8785046728972
