Predictor variable,Categorical,Sample average
wc2.0_bio_10m_01.tif,false,15.9500023001506
wc2.0_bio_10m_05.tif,false,29.94482671772992
wc2.0_bio_10m_06.tif,false,1.3162080677697596
wc2.0_bio_10m_12.tif,false,789.4567901234568
wc2.0_bio_10m_13.tif,false,126.8179012345679
wc2.0_bio_10m_14.tif,false,22.574074074074073
wc2.1_10m_elev.tif,false,360.69444444444446
