Predictor variable,Categorical,Sample average
wc2.0_bio_10m_01.tif,false,16.628007014763767
wc2.0_bio_10m_05.tif,false,30.722215127328347
wc2.0_bio_10m_06.tif,false,2.0395130866813345
wc2.0_bio_10m_12.tif,false,776.573275862069
wc2.0_bio_10m_13.tif,false,128.51185344827587
wc2.0_bio_10m_14.tif,false,19.867456896551722
wc2.1_10m_elev.tif,false,409.8351293103448
