Predictor variable,Categorical,Sample average
wc2.0_bio_10m_01.tif,false,13.24154127466251
wc2.0_bio_10m_05.tif,false,29.57398022626779
wc2.0_bio_10m_06.tif,false,-4.4179960661885955
wc2.0_bio_10m_12.tif,false,932.4194419441944
wc2.0_bio_10m_13.tif,false,118.83663366336634
wc2.0_bio_10m_14.tif,false,44.90639063906391
wc2.1_10m_elev.tif,false,429.38703870387036
