Predictor variable,Categorical,Sample average
wc2.0_bio_10m_01.tif,false,14.10492888101534
wc2.0_bio_10m_05.tif,false,30.077604184519597
wc2.0_bio_10m_06.tif,false,-3.0218502496286033
wc2.0_bio_10m_12.tif,false,942.0819484240687
wc2.0_bio_10m_13.tif,false,122.19369627507163
wc2.0_bio_10m_14.tif,false,44.13982808022923
wc2.1_10m_elev.tif,false,397.243553008596
