Predictor variable,Categorical,Sample average
wc2.0_bio_10m_01.tif,false,11.107053075920616
wc2.0_bio_10m_05.tif,false,27.455089427494887
wc2.0_bio_10m_06.tif,false,-6.636976989995279
wc2.0_bio_10m_12.tif,false,910.314606741573
wc2.0_bio_10m_13.tif,false,117.54534510433386
wc2.0_bio_10m_14.tif,false,42.48515248796148
wc2.1_10m_elev.tif,false,633.4205457463885
