Predictor variable,Categorical,Sample average
wc2.0_bio_10m_01.tif,false,11.291175350933024
wc2.0_bio_10m_05.tif,false,27.53083884178512
wc2.0_bio_10m_06.tif,false,-6.340852784270255
wc2.0_bio_10m_12.tif,false,914.4062368310156
wc2.0_bio_10m_13.tif,false,118.96080910240202
wc2.0_bio_10m_14.tif,false,41.89717656974294
wc2.1_10m_elev.tif,false,610.8175305520439
