Predictor variable,Categorical,Sample average
wc2.0_bio_10m_01.tif,false,16.628831631885422
wc2.0_bio_10m_05.tif,false,30.544170440364677
wc2.0_bio_10m_06.tif,false,2.211133318997693
wc2.0_bio_10m_12.tif,false,718.4095513748191
wc2.0_bio_10m_13.tif,false,123.88567293777135
wc2.0_bio_10m_14.tif,false,15.441389290882778
wc2.1_10m_elev.tif,false,389.0810419681621
