Predictor variable,Categorical,Sample average
wc2.0_bio_10m_01.tif,false,10.511766338134972
wc2.0_bio_10m_05.tif,false,26.96680045575765
wc2.0_bio_10m_06.tif,false,-7.667922853536503
wc2.0_bio_10m_12.tif,false,883.6535404624277
wc2.0_bio_10m_13.tif,false,114.20050578034682
wc2.0_bio_10m_14.tif,false,40.390534682080926
wc2.1_10m_elev.tif,false,540.2474710982659
