Predictor variable,Categorical,Sample average
wc2.0_bio_10m_01.tif,false,11.294316354160154
wc2.0_bio_10m_05.tif,false,27.529718934142938
wc2.0_bio_10m_06.tif,false,-6.333326629223782
wc2.0_bio_10m_12.tif,false,914.8246861924687
wc2.0_bio_10m_13.tif,false,118.77029288702929
wc2.0_bio_10m_14.tif,false,42.04058577405858
wc2.1_10m_elev.tif,false,608.3824267782427
