Predictor variable,Categorical,Sample average
wc2.0_bio_10m_01.tif,false,11.205929688301296
wc2.0_bio_10m_05.tif,false,27.53075099449214
wc2.0_bio_10m_06.tif,false,-6.7428060271014525
wc2.0_bio_10m_12.tif,false,882.3179468242245
wc2.0_bio_10m_13.tif,false,114.31019202363368
wc2.0_bio_10m_14.tif,false,40.145125553914326
wc2.1_10m_elev.tif,false,506.6454948301329
