Predictor variable,Categorical,Sample average
wc2.0_bio_10m_01.tif,false,16.17386429390368
wc2.0_bio_10m_05.tif,false,31.018998298701035
wc2.0_bio_10m_06.tif,false,0.7483714616789431
wc2.0_bio_10m_12.tif,false,864.7988252569751
wc2.0_bio_10m_13.tif,false,130.49632892804698
wc2.0_bio_10m_14.tif,false,30.816446402349484
wc2.1_10m_elev.tif,false,434.3891336270191
