Predictor variable,Categorical,Sample average
wc2.0_bio_10m_01.tif,false,16.625340117840963
wc2.0_bio_10m_05.tif,false,30.95133580416995
wc2.0_bio_10m_06.tif,false,1.7836710950048107
wc2.0_bio_10m_12.tif,false,800.4172862453531
wc2.0_bio_10m_13.tif,false,128.55018587360595
wc2.0_bio_10m_14.tif,false,22.966542750929367
wc2.1_10m_elev.tif,false,407.8252788104089
