Predictor variable,Categorical,Sample average
wc2.0_bio_10m_01.tif,false,10.600886744616911
wc2.0_bio_10m_05.tif,false,26.966662820264197
wc2.0_bio_10m_06.tif,false,-7.40591995256355
wc2.0_bio_10m_12.tif,false,880.3715579026782
wc2.0_bio_10m_13.tif,false,114.60392304790645
wc2.0_bio_10m_14.tif,false,39.73293096944549
wc2.1_10m_elev.tif,false,567.3560920407393
