Predictor variable,Categorical,Sample average
wc2.0_bio_10m_01.tif,false,12.717022230788125
wc2.0_bio_10m_05.tif,false,29.1890212614541
wc2.0_bio_10m_06.tif,false,-5.181397871352392
wc2.0_bio_10m_12.tif,false,925.1510934393638
wc2.0_bio_10m_13.tif,false,116.76819085487078
wc2.0_bio_10m_14.tif,false,45.083499005964214
wc2.1_10m_elev.tif,false,447.3840954274354
