Predictor variable,Categorical,Sample average
wc2.0_bio_10m_01.tif,false,10.665889352932556
wc2.0_bio_10m_05.tif,false,27.378523192973635
wc2.0_bio_10m_06.tif,false,-7.7047208805631
wc2.0_bio_10m_12.tif,false,909.6868001357312
wc2.0_bio_10m_13.tif,false,113.02307431286053
wc2.0_bio_10m_14.tif,false,45.07838479809976
wc2.1_10m_elev.tif,false,565.3769935527655
