Predictor variable,Categorical,Sample average
wc2.0_bio_10m_01.tif,false,16.047173746765885
wc2.0_bio_10m_05.tif,false,29.933354201475026
wc2.0_bio_10m_06.tif,false,1.5343079803714537
wc2.0_bio_10m_12.tif,false,767.5039494470774
wc2.0_bio_10m_13.tif,false,126.4044233807267
wc2.0_bio_10m_14.tif,false,20.398104265402843
wc2.1_10m_elev.tif,false,370.36808846761454
