Predictor variable,Categorical,Sample average
wc2.0_bio_10m_01.tif,false,16.70241264611338
wc2.0_bio_10m_05.tif,false,30.467327943718683
wc2.0_bio_10m_06.tif,false,2.440915030010514
wc2.0_bio_10m_12.tif,false,731.4232633279483
wc2.0_bio_10m_13.tif,false,123.76575121163167
wc2.0_bio_10m_14.tif,false,17.150242326332794
wc2.1_10m_elev.tif,false,338.81098546042006
