Predictor variable,Categorical,Sample average
wc2.0_bio_10m_01.tif,false,10.969296243273597
wc2.0_bio_10m_05.tif,false,27.731256199017945
wc2.0_bio_10m_06.tif,false,-7.442718605224931
wc2.0_bio_10m_12.tif,false,909.9777227722773
wc2.0_bio_10m_13.tif,false,112.29101838755304
wc2.0_bio_10m_14.tif,false,45.74681753889675
wc2.1_10m_elev.tif,false,524.3239038189533
