Predictor variable,Categorical,Sample average
wc2.0_bio_10m_01.tif,false,15.810868624152178
wc2.0_bio_10m_05.tif,false,30.3020953995189
wc2.0_bio_10m_06.tif,false,0.6207921478118075
wc2.0_bio_10m_12.tif,false,824.4246411483253
wc2.0_bio_10m_13.tif,false,125.58014354066985
wc2.0_bio_10m_14.tif,false,29.093301435406698
wc2.1_10m_elev.tif,false,391.19976076555025
