Predictor variable,Categorical,Sample average
wc2.0_bio_10m_01.tif,false,16.665639946093926
wc2.0_bio_10m_05.tif,false,30.494080091134094
wc2.0_bio_10m_06.tif,false,2.320096550619779
wc2.0_bio_10m_12.tif,false,739.2628205128206
wc2.0_bio_10m_13.tif,false,126.01923076923077
wc2.0_bio_10m_14.tif,false,16.666666666666668
wc2.1_10m_elev.tif,false,335.1442307692308
