Predictor variable,Categorical,Sample average
wc2.0_bio_10m_01.tif,false,16.069406472666817
wc2.0_bio_10m_05.tif,false,30.940690271969405
wc2.0_bio_10m_06.tif,false,0.6068215757958749
wc2.0_bio_10m_12.tif,false,868.2966162706983
wc2.0_bio_10m_13.tif,false,130.42692584593232
wc2.0_bio_10m_14.tif,false,31.26997840172786
wc2.1_10m_elev.tif,false,444.05255579553636
