Predictor variable,Categorical,Sample average
wc2.0_bio_10m_01.tif,false,16.17401882619953
wc2.0_bio_10m_05.tif,false,30.227210729225135
wc2.0_bio_10m_06.tif,false,1.4656610085452564
wc2.0_bio_10m_12.tif,false,774.0215946843854
wc2.0_bio_10m_13.tif,false,123.98671096345515
wc2.0_bio_10m_14.tif,false,22.232558139534884
wc2.1_10m_elev.tif,false,353.6594684385382
