Predictor variable,Categorical,Sample average
wc2.0_bio_10m_01.tif,false,16.083336886259804
wc2.0_bio_10m_05.tif,false,29.993626608102808
wc2.0_bio_10m_06.tif,false,1.5521519281688083
wc2.0_bio_10m_12.tif,false,758.3601895734597
wc2.0_bio_10m_13.tif,false,125.08056872037915
wc2.0_bio_10m_14.tif,false,20.582938388625593
wc2.1_10m_elev.tif,false,376.81042654028437
