Predictor variable,Categorical,Sample average
wc2.0_bio_10m_01.tif,false,16.704722002382187
wc2.0_bio_10m_05.tif,false,30.607459020465146
wc2.0_bio_10m_06.tif,false,2.2962431417778864
wc2.0_bio_10m_12.tif,false,718.4733542319749
wc2.0_bio_10m_13.tif,false,123.16457680250784
wc2.0_bio_10m_14.tif,false,15.79153605015674
wc2.1_10m_elev.tif,false,344.9686520376176
