Predictor variable,Categorical,Sample average
wc2.0_bio_10m_01.tif,false,16.64428690788441
wc2.0_bio_10m_05.tif,false,30.389137927750895
wc2.0_bio_10m_06.tif,false,2.369706186971494
wc2.0_bio_10m_12.tif,false,756.4526315789474
wc2.0_bio_10m_13.tif,false,126.62255639097744
wc2.0_bio_10m_14.tif,false,18.893233082706768
wc2.1_10m_elev.tif,false,344.390977443609
