Predictor variable,Categorical,Sample average
wc2.0_bio_10m_01.tif,false,16.897233810466695
wc2.0_bio_10m_05.tif,false,30.670501379457086
wc2.0_bio_10m_06.tif,false,2.572858707845691
wc2.0_bio_10m_12.tif,false,767.3396778916544
wc2.0_bio_10m_13.tif,false,126.42313323572475
wc2.0_bio_10m_14.tif,false,20.793557833089313
wc2.1_10m_elev.tif,false,347.5461200585652
