Predictor variable,Categorical,Sample average
wc2.0_bio_10m_01.tif,false,14.991404776819547
wc2.0_bio_10m_05.tif,false,30.360037076314292
wc2.0_bio_10m_06.tif,false,-1.1028845346422742
wc2.0_bio_10m_12.tif,false,894.8288
wc2.0_bio_10m_13.tif,false,126.65386666666667
wc2.0_bio_10m_14.tif,false,36.5104
wc2.1_10m_elev.tif,false,484.9338666666667
