Predictor variable,Categorical,Sample average
wc2.0_bio_10m_01.tif,false,11.341192897353121
wc2.0_bio_10m_05.tif,false,28.03800157799943
wc2.0_bio_10m_06.tif,false,-6.967226197779416
wc2.0_bio_10m_12.tif,false,913.4458781362007
wc2.0_bio_10m_13.tif,false,113.50179211469533
wc2.0_bio_10m_14.tif,false,45.36272401433692
wc2.1_10m_elev.tif,false,506.65663082437277
