Predictor variable,Categorical,Sample average
wc2.0_bio_10m_01.tif,false,15.749060368700276
wc2.0_bio_10m_05.tif,false,30.34207020390453
wc2.0_bio_10m_06.tif,false,0.46177482038496376
wc2.0_bio_10m_12.tif,false,836.522133938706
wc2.0_bio_10m_13.tif,false,125.94551645856981
wc2.0_bio_10m_14.tif,false,30.45516458569807
wc2.1_10m_elev.tif,false,397.80476730987516
