Predictor variable,Categorical,Sample average
wc2.0_bio_10m_01.tif,false,13.265808580855321
wc2.0_bio_10m_05.tif,false,29.06926444825672
wc2.0_bio_10m_06.tif,false,-3.6780343691659723
wc2.0_bio_10m_12.tif,false,899.1859213250517
wc2.0_bio_10m_13.tif,false,121.37267080745342
wc2.0_bio_10m_14.tif,false,38.92298136645963
wc2.1_10m_elev.tif,false,489.97391304347826
