Predictor variable,Categorical,Sample average
wc2.0_bio_10m_01.tif,false,11.010651490800253
wc2.0_bio_10m_05.tif,false,27.250198048311514
wc2.0_bio_10m_06.tif,false,-6.694682513394839
wc2.0_bio_10m_12.tif,false,876.7836538461538
wc2.0_bio_10m_13.tif,false,115.44973776223776
wc2.0_bio_10m_14.tif,false,39.17482517482517
wc2.1_10m_elev.tif,false,601.9418706293707
