Predictor variable,Categorical,Sample average
wc2.0_bio_10m_01.tif,false,15.937687754269803
wc2.0_bio_10m_05.tif,false,29.99356418089433
wc2.0_bio_10m_06.tif,false,1.2082348174161532
wc2.0_bio_10m_12.tif,false,768.4848484848485
wc2.0_bio_10m_13.tif,false,124.17878787878787
wc2.0_bio_10m_14.tif,false,22.669696969696968
wc2.1_10m_elev.tif,false,378.01969696969695
