Predictor variable,Categorical,Sample average
wc2.0_bio_10m_01.tif,false,14.443690465846398
wc2.0_bio_10m_05.tif,false,29.943420357843046
wc2.0_bio_10m_06.tif,false,-1.9147025316711108
wc2.0_bio_10m_12.tif,false,895.2781553398058
wc2.0_bio_10m_13.tif,false,124.6616504854369
wc2.0_bio_10m_14.tif,false,37.283495145631065
wc2.1_10m_elev.tif,false,487.5912621359223
