Predictor variable,Categorical,Sample average
wc2.0_bio_10m_01.tif,false,16.16835616618868
wc2.0_bio_10m_05.tif,false,29.94505604032486
wc2.0_bio_10m_06.tif,false,1.8017836288002038
wc2.0_bio_10m_12.tif,false,805.4460317460317
wc2.0_bio_10m_13.tif,false,129.23968253968255
wc2.0_bio_10m_14.tif,false,22.682539682539684
wc2.1_10m_elev.tif,false,331.15396825396823
