Predictor variable,Categorical,Sample average
wc2.0_bio_10m_01.tif,false,16.607495951652528
wc2.0_bio_10m_05.tif,false,30.47873610219648
wc2.0_bio_10m_06.tif,false,2.2229979661954267
wc2.0_bio_10m_12.tif,false,727.2870967741935
wc2.0_bio_10m_13.tif,false,124.53548387096774
wc2.0_bio_10m_14.tif,false,16.212903225806453
wc2.1_10m_elev.tif,false,349.21774193548384
