Predictor variable,Categorical,Sample average
wc2.0_bio_10m_01.tif,false,15.069641927578225
wc2.0_bio_10m_05.tif,false,30.36391716215514
wc2.0_bio_10m_06.tif,false,-1.1121494312578113
wc2.0_bio_10m_12.tif,false,922.2915011914217
wc2.0_bio_10m_13.tif,false,126.36378077839555
wc2.0_bio_10m_14.tif,false,40.013502779984115
wc2.1_10m_elev.tif,false,382.5321683876092
