Predictor variable,Categorical,Sample average
wc2.0_bio_10m_01.tif,false,16.5502469632163
wc2.0_bio_10m_05.tif,false,30.366559037165857
wc2.0_bio_10m_06.tif,false,2.2990050977318366
wc2.0_bio_10m_12.tif,false,718.1880597014925
wc2.0_bio_10m_13.tif,false,123.69701492537314
wc2.0_bio_10m_14.tif,false,15.304477611940298
wc2.1_10m_elev.tif,false,352.19850746268656
