Predictor variable,Categorical,Sample average
wc2.0_bio_10m_01.tif,false,15.854027172585901
wc2.0_bio_10m_05.tif,false,30.77347620724794
wc2.0_bio_10m_06.tif,false,0.31620148377364093
wc2.0_bio_10m_12.tif,false,880.765284609979
wc2.0_bio_10m_13.tif,false,131.26704146170064
wc2.0_bio_10m_14.tif,false,32.08713984539705
wc2.1_10m_elev.tif,false,443.7870695713282
