Predictor variable,Categorical,Sample average
wc2.0_bio_10m_01.tif,false,16.175101740102196
wc2.0_bio_10m_05.tif,false,30.28780172406568
wc2.0_bio_10m_06.tif,false,1.4210051180394623
wc2.0_bio_10m_12.tif,false,756.859450726979
wc2.0_bio_10m_13.tif,false,121.47011308562197
wc2.0_bio_10m_14.tif,false,21.465266558966075
wc2.1_10m_elev.tif,false,365.38933764135703
