Predictor variable,Categorical,Sample average
wc2.0_bio_10m_01.tif,false,16.881661682396555
wc2.0_bio_10m_05.tif,false,30.618250775020268
wc2.0_bio_10m_06.tif,false,2.5865676296019218
wc2.0_bio_10m_12.tif,false,770.7400295420975
wc2.0_bio_10m_13.tif,false,127.87296898079764
wc2.0_bio_10m_14.tif,false,20.33530280649926
wc2.1_10m_elev.tif,false,339.73559822747416
