Predictor variable,Categorical,Sample average
wc2.0_bio_10m_01.tif,false,13.710514351725578
wc2.0_bio_10m_05.tif,false,29.422257450970964
wc2.0_bio_10m_06.tif,false,-3.0337114604986897
wc2.0_bio_10m_12.tif,false,897.2347787998248
wc2.0_bio_10m_13.tif,false,122.562855891371
wc2.0_bio_10m_14.tif,false,38.2496714848883
wc2.1_10m_elev.tif,false,491.58037669732806
