Predictor variable,Categorical,Sample average
wc2.0_bio_10m_01.tif,false,16.68944212557494
wc2.0_bio_10m_05.tif,false,30.570148293582395
wc2.0_bio_10m_06.tif,false,2.34204118370045
wc2.0_bio_10m_12.tif,false,713.0824587706147
wc2.0_bio_10m_13.tif,false,122.49025487256372
wc2.0_bio_10m_14.tif,false,15.433283358320839
wc2.1_10m_elev.tif,false,354.45877061469264
