Predictor variable,Categorical,Sample average
wc2.0_bio_10m_01.tif,false,14.79872341230081
wc2.0_bio_10m_05.tif,false,30.25205959336606
wc2.0_bio_10m_06.tif,false,-1.6254519858361678
wc2.0_bio_10m_12.tif,false,936.7557803468208
wc2.0_bio_10m_13.tif,false,126.1242774566474
wc2.0_bio_10m_14.tif,false,41.6849710982659
wc2.1_10m_elev.tif,false,375.27384393063585
