Predictor variable,Categorical,Sample average
wc2.0_bio_10m_01.tif,false,16.031691438631903
wc2.0_bio_10m_05.tif,false,30.1221041170278
wc2.0_bio_10m_06.tif,false,1.3169377886010964
wc2.0_bio_10m_12.tif,false,769.5774436090226
wc2.0_bio_10m_13.tif,false,122.403007518797
wc2.0_bio_10m_14.tif,false,22.798496240601505
wc2.1_10m_elev.tif,false,363.91278195488724
