Predictor variable,Categorical,Sample average
wc2.0_bio_10m_01.tif,false,11.31054062144734
wc2.0_bio_10m_05.tif,false,27.549719695489767
wc2.0_bio_10m_06.tif,false,-6.302537501046017
wc2.0_bio_10m_12.tif,false,914.7975051975052
wc2.0_bio_10m_13.tif,false,118.81330561330562
wc2.0_bio_10m_14.tif,false,42.04781704781705
wc2.1_10m_elev.tif,false,614.2004158004158
