Predictor variable,Categorical,Sample average
wc2.0_bio_10m_01.tif,false,16.32525991671013
wc2.0_bio_10m_05.tif,false,29.96398828679865
wc2.0_bio_10m_06.tif,false,2.136445832023905
wc2.0_bio_10m_12.tif,false,793.7318181818182
wc2.0_bio_10m_13.tif,false,129.9939393939394
wc2.0_bio_10m_14.tif,false,20.995454545454546
wc2.1_10m_elev.tif,false,321.95454545454544
