Predictor variable,Categorical,Sample average
wc2.0_bio_10m_01.tif,false,14.625441126198558
wc2.0_bio_10m_05.tif,false,30.079802900582465
wc2.0_bio_10m_06.tif,false,-1.6556162082620574
wc2.0_bio_10m_12.tif,false,896.4042871385842
wc2.0_bio_10m_13.tif,false,125.27367896311067
wc2.0_bio_10m_14.tif,false,37.20937188434696
wc2.1_10m_elev.tif,false,485.43519441674977
