Predictor variable,Categorical,Sample average
wc2.0_bio_10m_01.tif,false,11.0320410233159
wc2.0_bio_10m_05.tif,false,27.254332423900443
wc2.0_bio_10m_06.tif,false,-6.629949968663564
wc2.0_bio_10m_12.tif,false,876.2400890868597
wc2.0_bio_10m_13.tif,false,115.46325167037863
wc2.0_bio_10m_14.tif,false,39.15812917594655
wc2.1_10m_elev.tif,false,608.7024498886415
