Predictor variable,Categorical,Sample average
wc2.0_bio_10m_01.tif,false,16.634599041754676
wc2.0_bio_10m_05.tif,false,30.888833314755708
wc2.0_bio_10m_06.tif,false,1.8639380354308397
wc2.0_bio_10m_12.tif,false,794.1515444015444
wc2.0_bio_10m_13.tif,false,128.85521235521236
wc2.0_bio_10m_14.tif,false,21.972972972972972
wc2.1_10m_elev.tif,false,413.6061776061776
