Predictor variable,Categorical,Sample average
wc2.0_bio_10m_01.tif,false,11.105922615846028
wc2.0_bio_10m_05.tif,false,27.489115727520407
wc2.0_bio_10m_06.tif,false,-6.668819528265413
wc2.0_bio_10m_12.tif,false,909.4708217546646
wc2.0_bio_10m_13.tif,false,117.28423977768956
wc2.0_bio_10m_14.tif,false,42.58991663358476
wc2.1_10m_elev.tif,false,638.1786423183803
