Predictor variable,Categorical,Sample average
wc2.0_bio_10m_01.tif,false,12.843873749274582
wc2.0_bio_10m_05.tif,false,28.797107525234843
wc2.0_bio_10m_06.tif,false,-4.388017611042158
wc2.0_bio_10m_12.tif,false,892.8485329103886
wc2.0_bio_10m_13.tif,false,119.14314036478984
wc2.0_bio_10m_14.tif,false,39.21173671689136
wc2.1_10m_elev.tif,false,489.6554321966693
