Predictor variable,Categorical,Sample average
wc2.0_bio_10m_01.tif,false,10.960395132245804
wc2.0_bio_10m_05.tif,false,27.24123247420023
wc2.0_bio_10m_06.tif,false,-6.809940292274486
wc2.0_bio_10m_12.tif,false,875.3719328454584
wc2.0_bio_10m_13.tif,false,115.04003443822643
wc2.0_bio_10m_14.tif,false,39.1975893241498
wc2.1_10m_elev.tif,false,601.319845027981
