Predictor variable,Categorical,Sample average
wc2.0_bio_10m_01.tif,false,16.544586459689953
wc2.0_bio_10m_05.tif,false,30.50692924666912
wc2.0_bio_10m_06.tif,false,2.0801384732587898
wc2.0_bio_10m_12.tif,false,743.1688829787234
wc2.0_bio_10m_13.tif,false,126.62234042553192
wc2.0_bio_10m_14.tif,false,16.53590425531915
wc2.1_10m_elev.tif,false,401.46409574468083
