Predictor variable,Categorical,Sample average
wc2.0_bio_10m_01.tif,false,16.015366887323783
wc2.0_bio_10m_05.tif,false,30.07709606922034
wc2.0_bio_10m_06.tif,false,1.3055972827316233
wc2.0_bio_10m_12.tif,false,766.1015151515152
wc2.0_bio_10m_13.tif,false,124.38181818181818
wc2.0_bio_10m_14.tif,false,22.104545454545455
wc2.1_10m_elev.tif,false,375.1181818181818
