Predictor variable,Categorical,Sample average
wc2.0_bio_10m_01.tif,false,10.60944028906408
wc2.0_bio_10m_05.tif,false,27.047399350878603
wc2.0_bio_10m_06.tif,false,-7.552397060828463
wc2.0_bio_10m_12.tif,false,881.2213903743316
wc2.0_bio_10m_13.tif,false,113.48199643493761
wc2.0_bio_10m_14.tif,false,40.59286987522282
wc2.1_10m_elev.tif,false,528.7023172905526
