Predictor variable,Categorical,Sample average
wc2.0_bio_10m_01.tif,false,16.638784267933154
wc2.0_bio_10m_05.tif,false,30.840066616206087
wc2.0_bio_10m_06.tif,false,1.9243837888773379
wc2.0_bio_10m_12.tif,false,796.519364448858
wc2.0_bio_10m_13.tif,false,129.4121151936445
wc2.0_bio_10m_14.tif,false,21.85501489572989
wc2.1_10m_elev.tif,false,406.7368421052632
