Predictor variable,Categorical,Sample average
wc2.0_bio_10m_01.tif,false,11.973403728297633
wc2.0_bio_10m_05.tif,false,28.123644424319732
wc2.0_bio_10m_06.tif,false,-5.651559317049662
wc2.0_bio_10m_12.tif,false,889.7529182879377
wc2.0_bio_10m_13.tif,false,116.48560311284047
wc2.0_bio_10m_14.tif,false,39.94824902723735
wc2.1_10m_elev.tif,false,489.4626459143969
