Predictor variable,Categorical,Sample average
wc2.0_bio_10m_01.tif,false,11.291265007288608
wc2.0_bio_10m_05.tif,false,27.55999806748062
wc2.0_bio_10m_06.tif,false,-6.348456412347191
wc2.0_bio_10m_12.tif,false,912.9340163934427
wc2.0_bio_10m_13.tif,false,118.77950819672131
wc2.0_bio_10m_14.tif,false,42.05696721311475
wc2.1_10m_elev.tif,false,620.7176229508196
