Predictor variable,Categorical,Sample average
wc2.0_bio_10m_01.tif,false,10.938719245536717
wc2.0_bio_10m_05.tif,false,27.407044005223234
wc2.0_bio_10m_06.tif,false,-6.98779217153515
wc2.0_bio_10m_12.tif,false,909.4078401809272
wc2.0_bio_10m_13.tif,false,116.33886166603844
wc2.0_bio_10m_14.tif,false,43.1534112325669
wc2.1_10m_elev.tif,false,629.9453448925744
