Predictor variable,Categorical,Sample average
wc2.0_bio_10m_01.tif,false,10.658241251121982
wc2.0_bio_10m_05.tif,false,27.334362479595566
wc2.0_bio_10m_06.tif,false,-7.674261968328109
wc2.0_bio_10m_12.tif,false,912.4135363790186
wc2.0_bio_10m_13.tif,false,113.63248730964467
wc2.0_bio_10m_14.tif,false,45.00203045685279
wc2.1_10m_elev.tif,false,568.1742808798647
