Predictor variable,Categorical,Sample average
wc2.0_bio_10m_01.tif,false,16.225294912955253
wc2.0_bio_10m_05.tif,false,29.94102585408402
wc2.0_bio_10m_06.tif,false,1.9329384066610602
wc2.0_bio_10m_12.tif,false,802.7387247278383
wc2.0_bio_10m_13.tif,false,129.65940902021774
wc2.0_bio_10m_14.tif,false,22.147744945567652
wc2.1_10m_elev.tif,false,324.2317262830482
