Predictor variable,Categorical,Sample average
wc2.0_bio_10m_01.tif,false,16.62763502951206
wc2.0_bio_10m_05.tif,false,30.683818468719036
wc2.0_bio_10m_06.tif,false,2.0654711768493863
wc2.0_bio_10m_12.tif,false,793.4968684759916
wc2.0_bio_10m_13.tif,false,130.64718162839247
wc2.0_bio_10m_14.tif,false,20.804801670146137
wc2.1_10m_elev.tif,false,401.9665970772443
