Predictor variable,Categorical,Sample average
wc2.0_bio_10m_01.tif,false,12.018540031916885
wc2.0_bio_10m_05.tif,false,28.639081254963315
wc2.0_bio_10m_06.tif,false,-6.141186100735033
wc2.0_bio_10m_12.tif,false,914.7273730684327
wc2.0_bio_10m_13.tif,false,114.89919058130978
wc2.0_bio_10m_14.tif,false,44.74797645327447
wc2.1_10m_elev.tif,false,484.5224429727741
