Predictor variable,Categorical,Sample average
wc2.0_bio_10m_01.tif,false,16.732553720856938
wc2.0_bio_10m_05.tif,false,30.660907123865705
wc2.0_bio_10m_06.tif,false,2.3007184903781686
wc2.0_bio_10m_12.tif,false,715.9823434991974
wc2.0_bio_10m_13.tif,false,122.57784911717496
wc2.0_bio_10m_14.tif,false,16.041733547351527
wc2.1_10m_elev.tif,false,345.9438202247191
