Predictor variable,Categorical,Sample average
wc2.0_bio_10m_01.tif,false,16.742217001598046
wc2.0_bio_10m_05.tif,false,30.500088694592616
wc2.0_bio_10m_06.tif,false,2.4307739204274115
wc2.0_bio_10m_12.tif,false,755.9592145015106
wc2.0_bio_10m_13.tif,false,124.87311178247734
wc2.0_bio_10m_14.tif,false,20.15558912386707
wc2.1_10m_elev.tif,false,348.9712990936556
