Predictor variable,Categorical,Sample average
wc2.0_bio_10m_01.tif,false,16.24521423309339
wc2.0_bio_10m_05.tif,false,30.061020180031104
wc2.0_bio_10m_06.tif,false,1.8193096008923169
wc2.0_bio_10m_12.tif,false,791.1717171717172
wc2.0_bio_10m_13.tif,false,127.3114478114478
wc2.0_bio_10m_14.tif,false,22.35016835016835
wc2.1_10m_elev.tif,false,336.17845117845116
