Predictor variable,Categorical,Sample average
wc2.0_bio_10m_01.tif,false,11.026368069525978
wc2.0_bio_10m_05.tif,false,27.774050179530274
wc2.0_bio_10m_06.tif,false,-7.374880386075817
wc2.0_bio_10m_12.tif,false,916.0571732954545
wc2.0_bio_10m_13.tif,false,113.25035511363636
wc2.0_bio_10m_14.tif,false,45.95667613636363
wc2.1_10m_elev.tif,false,513.6690340909091
