Predictor variable,Categorical,Sample average
wc2.0_bio_10m_01.tif,false,16.5914544746524
wc2.0_bio_10m_05.tif,false,30.318720564295035
wc2.0_bio_10m_06.tif,false,2.3568380755265474
wc2.0_bio_10m_12.tif,false,738.416393442623
wc2.0_bio_10m_13.tif,false,125.64918032786885
wc2.0_bio_10m_14.tif,false,16.852459016393443
wc2.1_10m_elev.tif,false,328.67540983606557
