Predictor variable,Categorical,Sample average
wc2.0_bio_10m_01.tif,false,16.199807020455353
wc2.0_bio_10m_05.tif,false,30.26038247731106
wc2.0_bio_10m_06.tif,false,1.5053017200240173
wc2.0_bio_10m_12.tif,false,764.6380165289256
wc2.0_bio_10m_13.tif,false,122.96694214876032
wc2.0_bio_10m_14.tif,false,21.677685950413224
wc2.1_10m_elev.tif,false,351.75867768595043
