Predictor variable,Categorical,Sample average
wc2.0_bio_10m_01.tif,false,13.584963102405775
wc2.0_bio_10m_05.tif,false,29.787146307990213
wc2.0_bio_10m_06.tif,false,-3.8795456428306903
wc2.0_bio_10m_12.tif,false,932.7548387096774
wc2.0_bio_10m_13.tif,false,119.51116625310173
wc2.0_bio_10m_14.tif,false,44.48089330024814
wc2.1_10m_elev.tif,false,410.51761786600497
