Predictor variable,Categorical,Sample average
wc2.0_bio_10m_01.tif,false,15.979519214347446
wc2.0_bio_10m_05.tif,false,29.95016005481833
wc2.0_bio_10m_06.tif,false,1.364536615312332
wc2.0_bio_10m_12.tif,false,785.2964118564743
wc2.0_bio_10m_13.tif,false,126.68486739469579
wc2.0_bio_10m_14.tif,false,22.195007800312013
wc2.1_10m_elev.tif,false,354.2340093603744
