Predictor variable,Categorical,Sample average
wc2.0_bio_10m_01.tif,false,16.17675225761244
wc2.0_bio_10m_05.tif,false,29.924057316135716
wc2.0_bio_10m_06.tif,false,1.84931877193549
wc2.0_bio_10m_12.tif,false,805.7106518282989
wc2.0_bio_10m_13.tif,false,129.34340222575517
wc2.0_bio_10m_14.tif,false,22.543720190779013
wc2.1_10m_elev.tif,false,324.71065182829886
