Predictor variable,Categorical,Sample average
wc2.0_bio_10m_01.tif,false,10.777643227345377
wc2.0_bio_10m_05.tif,false,27.085379980296462
wc2.0_bio_10m_06.tif,false,-7.061399352491164
wc2.0_bio_10m_12.tif,false,877.7830837717523
wc2.0_bio_10m_13.tif,false,114.82072035613112
wc2.0_bio_10m_14.tif,false,39.462565762849046
wc2.1_10m_elev.tif,false,593.1683528935654
