Predictor variable,Categorical,Sample average
wc2.0_bio_10m_01.tif,false,10.872978036325621
wc2.0_bio_10m_05.tif,false,27.640480435658297
wc2.0_bio_10m_06.tif,false,-7.542245973450801
wc2.0_bio_10m_12.tif,false,907.7385097493036
wc2.0_bio_10m_13.tif,false,112.53899721448468
wc2.0_bio_10m_14.tif,false,45.20508356545961
wc2.1_10m_elev.tif,false,545.1629526462395
