Predictor variable,Categorical,Sample average
wc2.0_bio_10m_01.tif,false,10.996476441874787
wc2.0_bio_10m_05.tif,false,27.185706311924953
wc2.0_bio_10m_06.tif,false,-6.615993589936052
wc2.0_bio_10m_12.tif,false,880.7147540983607
wc2.0_bio_10m_13.tif,false,116.31943793911007
wc2.0_bio_10m_14.tif,false,39.047306791569085
wc2.1_10m_elev.tif,false,611.7072599531616
