Predictor variable,Categorical,Sample average
wc2.0_bio_10m_01.tif,false,10.677485720561291
wc2.0_bio_10m_05.tif,false,27.252579085386756
wc2.0_bio_10m_06.tif,false,-7.422367186708629
wc2.0_bio_10m_12.tif,false,908.0953580424613
wc2.0_bio_10m_13.tif,false,115.17308384310903
wc2.0_bio_10m_14.tif,false,43.58798128823318
wc2.1_10m_elev.tif,false,623.8467074487226
