Predictor variable,Categorical,Sample average
wc2.0_bio_10m_01.tif,false,15.312736051147
wc2.0_bio_10m_05.tif,false,30.491369268731606
wc2.0_bio_10m_06.tif,false,-0.5261490259290036
wc2.0_bio_10m_12.tif,false,886.5763427881714
wc2.0_bio_10m_13.tif,false,128.2625226312613
wc2.0_bio_10m_14.tif,false,34.62884731442366
wc2.1_10m_elev.tif,false,477.1219070609535
