Predictor variable,Categorical,Sample average
wc2.0_bio_10m_01.tif,false,15.962651473048247
wc2.0_bio_10m_05.tif,false,29.983175118281125
wc2.0_bio_10m_06.tif,false,1.2907030742366354
wc2.0_bio_10m_12.tif,false,791.5151975683891
wc2.0_bio_10m_13.tif,false,126.80547112462006
wc2.0_bio_10m_14.tif,false,22.721884498480243
wc2.1_10m_elev.tif,false,361.2917933130699
