Predictor variable,Categorical,Sample average
wc2.0_bio_10m_01.tif,false,16.249889385498797
wc2.0_bio_10m_05.tif,false,30.35286023246894
wc2.0_bio_10m_06.tif,false,1.5089607123605988
wc2.0_bio_10m_12.tif,false,749.8648233486944
wc2.0_bio_10m_13.tif,false,121.0015360983103
wc2.0_bio_10m_14.tif,false,21.0
wc2.1_10m_elev.tif,false,368.33640552995394
