Predictor variable,Categorical,Sample average
wc2.0_bio_10m_01.tif,false,16.698172524387452
wc2.0_bio_10m_05.tif,false,30.43672420360424
wc2.0_bio_10m_06.tif,false,2.4408546411806005
wc2.0_bio_10m_12.tif,false,747.3194444444445
wc2.0_bio_10m_13.tif,false,126.42129629629629
wc2.0_bio_10m_14.tif,false,17.955246913580247
wc2.1_10m_elev.tif,false,339.17283950617286
