Predictor variable,Categorical,Sample average
wc2.0_bio_10m_01.tif,false,10.581477459329342
wc2.0_bio_10m_05.tif,false,27.21615537166914
wc2.0_bio_10m_06.tif,false,-7.702297415766663
wc2.0_bio_10m_12.tif,false,910.3517034068136
wc2.0_bio_10m_13.tif,false,114.03072812291249
wc2.0_bio_10m_14.tif,false,44.454575818303276
wc2.1_10m_elev.tif,false,581.1339345357381
