Predictor variable,Categorical,Sample average
wc2.0_bio_10m_01.tif,false,15.931415902163687
wc2.0_bio_10m_05.tif,false,30.022616233710437
wc2.0_bio_10m_06.tif,false,1.1953336233132466
wc2.0_bio_10m_12.tif,false,781.904833836858
wc2.0_bio_10m_13.tif,false,125.45166163141994
wc2.0_bio_10m_14.tif,false,22.16012084592145
wc2.1_10m_elev.tif,false,364.1419939577039
