Predictor variable,Categorical,Sample average
wc2.0_bio_10m_01.tif,false,10.630460117955614
wc2.0_bio_10m_05.tif,false,27.22352858456097
wc2.0_bio_10m_06.tif,false,-7.542061348265979
wc2.0_bio_10m_12.tif,false,911.6972954230235
wc2.0_bio_10m_13.tif,false,114.71393897364771
wc2.0_bio_10m_14.tif,false,44.18550624133148
wc2.1_10m_elev.tif,false,604.7957697642164
