Predictor variable,Categorical,Sample average
wc2.0_bio_10m_01.tif,false,11.009379111476067
wc2.0_bio_10m_05.tif,false,27.249971132581262
wc2.0_bio_10m_06.tif,false,-6.699552077291474
wc2.0_bio_10m_12.tif,false,877.5215311004785
wc2.0_bio_10m_13.tif,false,115.65724227925185
wc2.0_bio_10m_14.tif,false,39.21748586341888
wc2.1_10m_elev.tif,false,599.2222705524141
