Predictor variable,Categorical,Sample average
wc2.0_bio_10m_01.tif,false,16.683050224984783
wc2.0_bio_10m_05.tif,false,30.435535722586703
wc2.0_bio_10m_06.tif,false,2.4045935158730893
wc2.0_bio_10m_12.tif,false,752.6446776611695
wc2.0_bio_10m_13.tif,false,126.46926536731634
wc2.0_bio_10m_14.tif,false,18.622188905547226
wc2.1_10m_elev.tif,false,343.4782608695652
