Predictor variable,Categorical,Sample average
wc2.0_bio_10m_01.tif,false,16.56573030821122
wc2.0_bio_10m_05.tif,false,30.318812099809197
wc2.0_bio_10m_06.tif,false,2.314894321795728
wc2.0_bio_10m_12.tif,false,737.3905996758509
wc2.0_bio_10m_13.tif,false,125.66288492706646
wc2.0_bio_10m_14.tif,false,16.682333873581847
wc2.1_10m_elev.tif,false,332.60291734197733
