Predictor variable,Categorical,Sample average
wc2.0_bio_10m_01.tif,false,16.211942153906673
wc2.0_bio_10m_05.tif,false,30.315172900193893
wc2.0_bio_10m_06.tif,false,1.470067908715035
wc2.0_bio_10m_12.tif,false,755.5298742138365
wc2.0_bio_10m_13.tif,false,121.23899371069183
wc2.0_bio_10m_14.tif,false,21.544025157232703
wc2.1_10m_elev.tif,false,365.9166666666667
