Predictor variable,Categorical,Sample average
wc2.0_bio_10m_01.tif,false,16.114395041713657
wc2.0_bio_10m_05.tif,false,30.223356585254727
wc2.0_bio_10m_06.tif,false,1.3942927151479807
wc2.0_bio_10m_12.tif,false,762.4082568807339
wc2.0_bio_10m_13.tif,false,121.36697247706422
wc2.0_bio_10m_14.tif,false,22.587155963302752
wc2.1_10m_elev.tif,false,360.40061162079513
