Predictor variable,Categorical,Sample average
wc2.0_bio_10m_01.tif,false,16.277941007143372
wc2.0_bio_10m_05.tif,false,30.083135431739176
wc2.0_bio_10m_06.tif,false,1.8752631254547578
wc2.0_bio_10m_12.tif,false,804.0748407643312
wc2.0_bio_10m_13.tif,false,128.671974522293
wc2.0_bio_10m_14.tif,false,23.00796178343949
wc2.1_10m_elev.tif,false,331.04458598726114
