Predictor variable,Categorical,Sample average
wc2.0_bio_10m_01.tif,false,10.964288599915763
wc2.0_bio_10m_05.tif,false,27.21943586883477
wc2.0_bio_10m_06.tif,false,-6.760425795118152
wc2.0_bio_10m_12.tif,false,877.0420393559929
wc2.0_bio_10m_13.tif,false,115.21779964221825
wc2.0_bio_10m_14.tif,false,39.31305903398927
wc2.1_10m_elev.tif,false,601.3050089445438
