Predictor variable,Categorical,Sample average
wc2.0_bio_10m_01.tif,false,16.719441011615267
wc2.0_bio_10m_05.tif,false,30.472972970259818
wc2.0_bio_10m_06.tif,false,2.4133307750679944
wc2.0_bio_10m_12.tif,false,759.9954887218045
wc2.0_bio_10m_13.tif,false,127.18646616541353
wc2.0_bio_10m_14.tif,false,19.172932330827066
wc2.1_10m_elev.tif,false,337.018045112782
