Predictor variable,Categorical,Sample average
wc2.0_bio_10m_01.tif,false,12.21249598225996
wc2.0_bio_10m_05.tif,false,28.297514286678293
wc2.0_bio_10m_06.tif,false,-5.29346580618669
wc2.0_bio_10m_12.tif,false,888.2927308447937
wc2.0_bio_10m_13.tif,false,116.93831041257367
wc2.0_bio_10m_14.tif,false,39.64872298624754
wc2.1_10m_elev.tif,false,489.27583497053047
