Predictor variable,Categorical,Sample average
wc2.0_bio_10m_01.tif,false,16.015059855043518
wc2.0_bio_10m_05.tif,false,29.939521993909562
wc2.0_bio_10m_06.tif,false,1.4631480796389884
wc2.0_bio_10m_12.tif,false,787.8850931677018
wc2.0_bio_10m_13.tif,false,128.58229813664596
wc2.0_bio_10m_14.tif,false,21.459627329192546
wc2.1_10m_elev.tif,false,363.0170807453416
