Predictor variable,Categorical,Sample average
wc2.0_bio_10m_01.tif,false,16.2907978957757
wc2.0_bio_10m_05.tif,false,31.087111970715057
wc2.0_bio_10m_06.tif,false,0.9160073156513385
wc2.0_bio_10m_12.tif,false,862.8729323308271
wc2.0_bio_10m_13.tif,false,130.85263157894738
wc2.0_bio_10m_14.tif,false,30.312781954887217
wc2.1_10m_elev.tif,false,425.8624060150376
