Predictor variable,Categorical,Sample average
wc2.0_bio_10m_01.tif,false,15.854618490445349
wc2.0_bio_10m_05.tif,false,30.112237660319277
wc2.0_bio_10m_06.tif,false,0.9183647745739922
wc2.0_bio_10m_12.tif,false,810.5386631716907
wc2.0_bio_10m_13.tif,false,126.23591087811272
wc2.0_bio_10m_14.tif,false,26.90170380078637
wc2.1_10m_elev.tif,false,376.7103538663172
