Predictor variable,Categorical,Sample average
wc2.0_bio_10m_01.tif,false,16.664709116818553
wc2.0_bio_10m_05.tif,false,31.118196362114602
wc2.0_bio_10m_06.tif,false,1.6812922975235958
wc2.0_bio_10m_12.tif,false,822.0546075085324
wc2.0_bio_10m_13.tif,false,129.33532423208192
wc2.0_bio_10m_14.tif,false,25.429180887372013
wc2.1_10m_elev.tif,false,407.37969283276453
