Predictor variable,Categorical,Sample average
wc2.0_bio_10m_01.tif,false,11.013622133358675
wc2.0_bio_10m_05.tif,false,27.43887627756113
wc2.0_bio_10m_06.tif,false,-6.839409243189336
wc2.0_bio_10m_12.tif,false,909.4832554517134
wc2.0_bio_10m_13.tif,false,116.82009345794393
wc2.0_bio_10m_14.tif,false,42.83216510903427
wc2.1_10m_elev.tif,false,634.8586448598131
