Predictor variable,Categorical,Sample average
wc2.0_bio_10m_01.tif,false,16.601313364756358
wc2.0_bio_10m_05.tif,false,30.43805740975045
wc2.0_bio_10m_06.tif,false,2.3321423752949357
wc2.0_bio_10m_12.tif,false,715.8768768768768
wc2.0_bio_10m_13.tif,false,123.23123123123123
wc2.0_bio_10m_14.tif,false,15.327327327327327
wc2.1_10m_elev.tif,false,352.1966966966967
