Predictor variable,Categorical,Sample average
wc2.0_bio_10m_01.tif,false,11.925178469986344
wc2.0_bio_10m_05.tif,false,28.567871866351314
wc2.0_bio_10m_06.tif,false,-6.2668494771148895
wc2.0_bio_10m_12.tif,false,914.9231049562683
wc2.0_bio_10m_13.tif,false,114.63666180758017
wc2.0_bio_10m_14.tif,false,44.893586005830905
wc2.1_10m_elev.tif,false,486.6731049562682
