Predictor variable,Categorical,Sample average
wc2.0_bio_10m_01.tif,false,16.689180512943178
wc2.0_bio_10m_05.tif,false,30.630679672312848
wc2.0_bio_10m_06.tif,false,2.2409244484529744
wc2.0_bio_10m_12.tif,false,711.9702660406886
wc2.0_bio_10m_13.tif,false,122.5054773082942
wc2.0_bio_10m_14.tif,false,15.446009389671362
wc2.1_10m_elev.tif,false,352.7073552425665
