Predictor variable,Categorical,Sample average
wc2.0_bio_10m_01.tif,false,10.700704904938549
wc2.0_bio_10m_05.tif,false,27.272232933424007
wc2.0_bio_10m_06.tif,false,-7.401777007650623
wc2.0_bio_10m_12.tif,false,909.2750533049041
wc2.0_bio_10m_13.tif,false,115.4182658137882
wc2.0_bio_10m_14.tif,false,43.576048329779674
wc2.1_10m_elev.tif,false,619.1993603411514
