Predictor variable,Categorical,Sample average
wc2.0_bio_10m_01.tif,false,15.796757848109381
wc2.0_bio_10m_05.tif,false,30.005072772662697
wc2.0_bio_10m_06.tif,false,0.8935750404453334
wc2.0_bio_10m_12.tif,false,806.3042895442359
wc2.0_bio_10m_13.tif,false,126.21045576407506
wc2.0_bio_10m_14.tif,false,26.382037533512065
wc2.1_10m_elev.tif,false,375.5067024128686
