Predictor variable,Categorical,Sample average
wc2.0_bio_10m_01.tif,false,12.903187897142683
wc2.0_bio_10m_05.tif,false,29.314199246168137
wc2.0_bio_10m_06.tif,false,-4.907252821421685
wc2.0_bio_10m_12.tif,false,932.8633333333333
wc2.0_bio_10m_13.tif,false,118.21333333333334
wc2.0_bio_10m_14.tif,false,45.150416666666665
wc2.1_10m_elev.tif,false,433.62875
