Predictor variable,Categorical,Sample average
wc2.0_bio_10m_01.tif,false,13.511374322140592
wc2.0_bio_10m_05.tif,false,29.277006702317447
wc2.0_bio_10m_06.tif,false,-3.3471759116654667
wc2.0_bio_10m_12.tif,false,897.5296122709842
wc2.0_bio_10m_13.tif,false,121.8069876438006
wc2.0_bio_10m_14.tif,false,38.63996591393268
wc2.1_10m_elev.tif,false,488.3647209203238
