Predictor variable,Categorical,Sample average
wc2.0_bio_10m_01.tif,false,15.676085307220552
wc2.0_bio_10m_05.tif,false,30.326926065573794
wc2.0_bio_10m_06.tif,false,0.3059268443531162
wc2.0_bio_10m_12.tif,false,845.5492801771871
wc2.0_bio_10m_13.tif,false,125.80730897009967
wc2.0_bio_10m_14.tif,false,31.578073089700997
wc2.1_10m_elev.tif,false,392.27242524916943
