Predictor variable,Categorical,Sample average
wc2.0_bio_10m_01.tif,false,16.296958277541563
wc2.0_bio_10m_05.tif,false,30.252642654943386
wc2.0_bio_10m_06.tif,false,1.6994960270943988
wc2.0_bio_10m_12.tif,false,779.810147299509
wc2.0_bio_10m_13.tif,false,125.00818330605564
wc2.0_bio_10m_14.tif,false,22.50572831423895
wc2.1_10m_elev.tif,false,337.8625204582651
