Predictor variable,Categorical,Sample average
wc2.0_bio_10m_01.tif,false,15.70461234793906
wc2.0_bio_10m_05.tif,false,30.721708134096364
wc2.0_bio_10m_06.tif,false,0.05150936131565968
wc2.0_bio_10m_12.tif,false,878.2285522788204
wc2.0_bio_10m_13.tif,false,129.55361930294907
wc2.0_bio_10m_14.tif,false,33.034182305630026
wc2.1_10m_elev.tif,false,459.5415549597855
