Predictor variable,Categorical,Sample average
wc2.0_bio_10m_01.tif,false,16.174295707731634
wc2.0_bio_10m_05.tif,false,30.143534695779955
wc2.0_bio_10m_06.tif,false,1.5614922005695768
wc2.0_bio_10m_12.tif,false,771.4611486486486
wc2.0_bio_10m_13.tif,false,124.26351351351352
wc2.0_bio_10m_14.tif,false,21.673986486486488
wc2.1_10m_elev.tif,false,343.1469594594595
