Predictor variable,Categorical,Sample average
wc2.0_bio_10m_01.tif,false,11.525298328860325
wc2.0_bio_10m_05.tif,false,28.20176340101128
wc2.0_bio_10m_06.tif,false,-6.747950437550987
wc2.0_bio_10m_12.tif,false,914.1321087954786
wc2.0_bio_10m_13.tif,false,113.80819498410456
wc2.0_bio_10m_14.tif,false,45.27834687389615
wc2.1_10m_elev.tif,false,498.4758036029672
