Predictor variable,Categorical,Sample average
wc2.0_bio_10m_01.tif,false,11.214973919267976
wc2.0_bio_10m_05.tif,false,27.37247949404294
wc2.0_bio_10m_06.tif,false,-6.343032627576693
wc2.0_bio_10m_12.tif,false,917.0838454784899
wc2.0_bio_10m_13.tif,false,119.78665496049166
wc2.0_bio_10m_14.tif,false,41.71685689201053
wc2.1_10m_elev.tif,false,602.167251975417
