Predictor variable,Categorical,Sample average
wc2.0_bio_10m_01.tif,false,16.057022993299697
wc2.0_bio_10m_05.tif,false,30.169040872079353
wc2.0_bio_10m_06.tif,false,1.3180392210709828
wc2.0_bio_10m_12.tif,false,771.6059259259259
wc2.0_bio_10m_13.tif,false,122.62222222222222
wc2.0_bio_10m_14.tif,false,23.005925925925926
wc2.1_10m_elev.tif,false,362.96444444444444
