Predictor variable,Categorical,Sample average
wc2.0_bio_10m_01.tif,false,10.584454032626201
wc2.0_bio_10m_05.tif,false,26.965408358153176
wc2.0_bio_10m_06.tif,false,-7.450113323705034
wc2.0_bio_10m_12.tif,false,880.4761029411765
wc2.0_bio_10m_13.tif,false,114.54007352941177
wc2.0_bio_10m_14.tif,false,39.86985294117647
wc2.1_10m_elev.tif,false,565.5139705882353
