Predictor variable,Categorical,Sample average
wc2.0_bio_10m_01.tif,false,11.11240209121701
wc2.0_bio_10m_05.tif,false,27.264425078956727
wc2.0_bio_10m_06.tif,false,-6.4299291362393145
wc2.0_bio_10m_12.tif,false,905.8050089445438
wc2.0_bio_10m_13.tif,false,119.11538461538461
wc2.0_bio_10m_14.tif,false,40.69141323792486
wc2.1_10m_elev.tif,false,619.0536672629696
