Predictor variable,Categorical,Sample average
wc2.0_bio_10m_01.tif,false,13.954810076710254
wc2.0_bio_10m_05.tif,false,30.029370190875888
wc2.0_bio_10m_06.tif,false,-3.320830211175015
wc2.0_bio_10m_12.tif,false,936.1302027748133
wc2.0_bio_10m_13.tif,false,120.81643543223052
wc2.0_bio_10m_14.tif,false,44.21077908217716
wc2.1_10m_elev.tif,false,401.8041622198506
