Predictor variable,Categorical,Sample average
wc2.0_bio_10m_01.tif,false,10.628869706863682
wc2.0_bio_10m_05.tif,false,27.207572094977177
wc2.0_bio_10m_06.tif,false,-7.505890785352542
wc2.0_bio_10m_12.tif,false,909.1167080525009
wc2.0_bio_10m_13.tif,false,115.15147215324583
wc2.0_bio_10m_14.tif,false,43.6757715501951
wc2.1_10m_elev.tif,false,616.5200425682866
