Predictor variable,Categorical,Sample average
wc2.0_bio_10m_01.tif,false,10.662136093816127
wc2.0_bio_10m_05.tif,false,26.99513079719661
wc2.0_bio_10m_06.tif,false,-7.27044909458508
wc2.0_bio_10m_12.tif,false,879.2565485362096
wc2.0_bio_10m_13.tif,false,114.67334360554699
wc2.0_bio_10m_14.tif,false,39.59283513097073
wc2.1_10m_elev.tif,false,575.9368258859785
