Predictor variable,Categorical,Sample average
wc2.0_bio_10m_01.tif,false,10.970266816303992
wc2.0_bio_10m_05.tif,false,27.185838395617246
wc2.0_bio_10m_06.tif,false,-6.696011648656426
wc2.0_bio_10m_12.tif,false,877.2061281337047
wc2.0_bio_10m_13.tif,false,116.02785515320335
wc2.0_bio_10m_14.tif,false,38.75255338904364
wc2.1_10m_elev.tif,false,607.7534818941505
