Predictor variable,Categorical,Sample average
wc2.0_bio_10m_01.tif,false,10.610769853428945
wc2.0_bio_10m_05.tif,false,27.27426489690102
wc2.0_bio_10m_06.tif,false,-7.708271475105395
wc2.0_bio_10m_12.tif,false,913.2546374367622
wc2.0_bio_10m_13.tif,false,113.88532883642496
wc2.0_bio_10m_14.tif,false,44.93018549747049
wc2.1_10m_elev.tif,false,571.0944350758854
