Predictor variable,Categorical,Sample average
wc2.0_bio_10m_01.tif,false,16.01205040577686
wc2.0_bio_10m_05.tif,false,30.056472050059927
wc2.0_bio_10m_06.tif,false,1.318834310578126
wc2.0_bio_10m_12.tif,false,768.0075757575758
wc2.0_bio_10m_13.tif,false,124.87121212121212
wc2.0_bio_10m_14.tif,false,21.99848484848485
wc2.1_10m_elev.tif,false,375.4318181818182
