Predictor variable,Categorical,Sample average
wc2.0_bio_10m_01.tif,false,16.17667998155741
wc2.0_bio_10m_05.tif,false,30.280223295214924
wc2.0_bio_10m_06.tif,false,1.428705675380644
wc2.0_bio_10m_12.tif,false,759.2627257799671
wc2.0_bio_10m_13.tif,false,122.00328407224958
wc2.0_bio_10m_14.tif,false,21.497536945812808
wc2.1_10m_elev.tif,false,357.01477832512313
