Predictor variable,Categorical,Sample average
wc2.0_bio_10m_01.tif,false,12.105605552946955
wc2.0_bio_10m_05.tif,false,28.716701653607473
wc2.0_bio_10m_06.tif,false,-6.03193048218281
wc2.0_bio_10m_12.tif,false,916.2491657397107
wc2.0_bio_10m_13.tif,false,114.93548387096774
wc2.0_bio_10m_14.tif,false,44.9340007415647
wc2.1_10m_elev.tif,false,478.68891360771227
