Predictor variable,Categorical,Sample average
wc2.0_bio_10m_01.tif,false,10.786371459534088
wc2.0_bio_10m_05.tif,false,27.103100468130673
wc2.0_bio_10m_06.tif,false,-7.061869331533044
wc2.0_bio_10m_12.tif,false,876.0449346405229
wc2.0_bio_10m_13.tif,false,114.5906862745098
wc2.0_bio_10m_14.tif,false,39.43831699346405
wc2.1_10m_elev.tif,false,597.1441993464052
