Predictor variable,Categorical,Sample average
wc2.0_bio_10m_01.tif,false,15.549425317666918
wc2.0_bio_10m_05.tif,false,30.616279789290502
wc2.0_bio_10m_06.tif,false,-0.1636884705207118
wc2.0_bio_10m_12.tif,false,886.2002617801047
wc2.0_bio_10m_13.tif,false,129.52094240837695
wc2.0_bio_10m_14.tif,false,33.80170157068063
wc2.1_10m_elev.tif,false,459.0857329842932
