Predictor variable,Categorical,Sample average
wc2.0_bio_10m_01.tif,false,14.677544700299821
wc2.0_bio_10m_05.tif,false,30.267232277205967
wc2.0_bio_10m_06.tif,false,-1.9017735127119355
wc2.0_bio_10m_12.tif,false,938.689024390244
wc2.0_bio_10m_13.tif,false,124.95257452574526
wc2.0_bio_10m_14.tif,false,42.47018970189702
wc2.1_10m_elev.tif,false,382.37059620596204
