Predictor variable,Categorical,Sample average
wc2.0_bio_10m_01.tif,false,16.745158146067364
wc2.0_bio_10m_05.tif,false,30.452758443064806
wc2.0_bio_10m_06.tif,false,2.5313423251869476
wc2.0_bio_10m_12.tif,false,752.0746951219512
wc2.0_bio_10m_13.tif,false,126.34298780487805
wc2.0_bio_10m_14.tif,false,18.452743902439025
wc2.1_10m_elev.tif,false,330.5259146341463
