Predictor variable,Categorical,Sample average
wc2.0_bio_10m_01.tif,false,12.531862788352932
wc2.0_bio_10m_05.tif,false,29.067865737653175
wc2.0_bio_10m_06.tif,false,-5.460463592718656
wc2.0_bio_10m_12.tif,false,917.3586579251831
wc2.0_bio_10m_13.tif,false,115.38526802930969
wc2.0_bio_10m_14.tif,false,44.870806016197456
wc2.1_10m_elev.tif,false,458.10798303123795
