Predictor variable,Categorical,Sample average
wc2.0_bio_10m_01.tif,false,16.494612787041483
wc2.0_bio_10m_05.tif,false,30.47434110400043
wc2.0_bio_10m_06.tif,false,2.010874140995873
wc2.0_bio_10m_12.tif,false,757.8683544303798
wc2.0_bio_10m_13.tif,false,127.85949367088608
wc2.0_bio_10m_14.tif,false,17.563291139240505
wc2.1_10m_elev.tif,false,412.9835443037975
