Predictor variable,Categorical,Sample average
wc2.0_bio_10m_01.tif,false,10.519881798714925
wc2.0_bio_10m_05.tif,false,26.980277055294188
wc2.0_bio_10m_06.tif,false,-7.671546710628881
wc2.0_bio_10m_12.tif,false,882.8339920948616
wc2.0_bio_10m_13.tif,false,113.84261588214157
wc2.0_bio_10m_14.tif,false,40.52605102407474
wc2.1_10m_elev.tif,false,538.7962630255121
