Predictor variable,Categorical,Sample average
wc2.0_bio_10m_01.tif,false,16.755244590536606
wc2.0_bio_10m_05.tif,false,30.70446667473437
wc2.0_bio_10m_06.tif,false,2.291233969164566
wc2.0_bio_10m_12.tif,false,716.3886328725039
wc2.0_bio_10m_13.tif,false,123.07373271889401
wc2.0_bio_10m_14.tif,false,15.649769585253456
wc2.1_10m_elev.tif,false,353.0906298003072
