Predictor variable,Categorical,Sample average
wc2.0_bio_10m_01.tif,false,14.291172228336624
wc2.0_bio_10m_05.tif,false,30.146946374517288
wc2.0_bio_10m_06.tif,false,-2.677121027856748
wc2.0_bio_10m_12.tif,false,943.8838199513382
wc2.0_bio_10m_13.tif,false,123.3029197080292
wc2.0_bio_10m_14.tif,false,43.83515815085158
wc2.1_10m_elev.tif,false,388.07968369829683
