Predictor variable,Categorical,Sample average
wc2.0_bio_10m_01.tif,false,15.379840907099478
wc2.0_bio_10m_05.tif,false,30.510524301917574
wc2.0_bio_10m_06.tif,false,-0.4064989611636964
wc2.0_bio_10m_12.tif,false,885.5260188087774
wc2.0_bio_10m_13.tif,false,128.8896551724138
wc2.0_bio_10m_14.tif,false,34.054545454545455
wc2.1_10m_elev.tif,false,473.3291536050157
