Predictor variable,Categorical,Sample average
wc2.0_bio_10m_01.tif,false,11.296216364028147
wc2.0_bio_10m_05.tif,false,27.49298053852724
wc2.0_bio_10m_06.tif,false,-6.2800134262139675
wc2.0_bio_10m_12.tif,false,914.5746626033957
wc2.0_bio_10m_13.tif,false,119.52720940356987
wc2.0_bio_10m_14.tif,false,41.605137135393996
wc2.1_10m_elev.tif,false,607.2015672616457
