Predictor variable,Categorical,Sample average
wc2.0_bio_10m_01.tif,false,10.856200986286533
wc2.0_bio_10m_05.tif,false,27.16050153692054
wc2.0_bio_10m_06.tif,false,-6.95684401312289
wc2.0_bio_10m_12.tif,false,876.5175837815474
wc2.0_bio_10m_13.tif,false,115.07819611088125
wc2.0_bio_10m_14.tif,false,39.24286305337195
wc2.1_10m_elev.tif,false,602.8419528340919
