Predictor variable,Categorical,Sample average
wc2.0_bio_10m_01.tif,false,11.193056073698274
wc2.0_bio_10m_05.tif,false,27.926407832832652
wc2.0_bio_10m_06.tif,false,-7.178390283379882
wc2.0_bio_10m_12.tif,false,913.6740767300107
wc2.0_bio_10m_13.tif,false,113.28361419863751
wc2.0_bio_10m_14.tif,false,45.58551452133381
wc2.1_10m_elev.tif,false,509.82323413409824
