Predictor variable,Categorical,Sample average
wc2.0_bio_10m_01.tif,false,10.60779153996375
wc2.0_bio_10m_05.tif,false,27.25702957930034
wc2.0_bio_10m_06.tif,false,-7.692437463099722
wc2.0_bio_10m_12.tif,false,909.7880307589435
wc2.0_bio_10m_13.tif,false,113.6596456034771
wc2.0_bio_10m_14.tif,false,44.58308258107656
wc2.1_10m_elev.tif,false,575.7395519893013
