Predictor variable,Categorical,Sample average
wc2.0_bio_10m_01.tif,false,16.57650284516184
wc2.0_bio_10m_05.tif,false,30.421198459137653
wc2.0_bio_10m_06.tif,false,2.2830718068279943
wc2.0_bio_10m_12.tif,false,713.1263157894737
wc2.0_bio_10m_13.tif,false,122.96541353383459
wc2.0_bio_10m_14.tif,false,14.996992481203007
wc2.1_10m_elev.tif,false,360.0781954887218
