Predictor variable,Categorical,Sample average
wc2.0_bio_10m_01.tif,false,13.683553377128376
wc2.0_bio_10m_05.tif,false,29.829472267871
wc2.0_bio_10m_06.tif,false,-3.6991991169783573
wc2.0_bio_10m_12.tif,false,932.415306122449
wc2.0_bio_10m_13.tif,false,120.05561224489796
wc2.0_bio_10m_14.tif,false,44.09438775510204
wc2.1_10m_elev.tif,false,411.68367346938777
