Predictor variable,Categorical,Sample average
wc2.0_bio_10m_01.tif,false,11.587985071243969
wc2.0_bio_10m_05.tif,false,28.263906737253176
wc2.0_bio_10m_06.tif,false,-6.675964672184699
wc2.0_bio_10m_12.tif,false,914.4581560283688
wc2.0_bio_10m_13.tif,false,113.88014184397163
wc2.0_bio_10m_14.tif,false,45.27198581560284
wc2.1_10m_elev.tif,false,494.05602836879433
