Predictor variable,Categorical,Sample average
wc2.0_bio_10m_01.tif,false,16.57723721399858
wc2.0_bio_10m_05.tif,false,30.434292091787043
wc2.0_bio_10m_06.tif,false,2.2772292931023475
wc2.0_bio_10m_12.tif,false,709.9224924012158
wc2.0_bio_10m_13.tif,false,122.23556231003039
wc2.0_bio_10m_14.tif,false,15.053191489361701
wc2.1_10m_elev.tif,false,358.3510638297872
