Predictor variable,Categorical,Sample average
wc2.0_bio_10m_01.tif,false,10.822357737233391
wc2.0_bio_10m_05.tif,false,27.265062278717608
wc2.0_bio_10m_06.tif,false,-7.336157253137591
wc2.0_bio_10m_12.tif,false,877.482869379015
wc2.0_bio_10m_13.tif,false,112.85867237687366
wc2.0_bio_10m_14.tif,false,40.52997858672377
wc2.1_10m_elev.tif,false,514.144539614561
