Predictor variable,Categorical,Sample average
wc2.0_bio_10m_01.tif,false,13.16571079490158
wc2.0_bio_10m_05.tif,false,29.53156492347734
wc2.0_bio_10m_06.tif,false,-4.550924122788345
wc2.0_bio_10m_12.tif,false,930.9947437582128
wc2.0_bio_10m_13.tif,false,118.36793692509856
wc2.0_bio_10m_14.tif,false,45.00832238282961
wc2.1_10m_elev.tif,false,429.92071835304426
