Predictor variable,Categorical,Sample average
wc2.0_bio_10m_01.tif,false,12.203017616842608
wc2.0_bio_10m_05.tif,false,28.818180500260937
wc2.0_bio_10m_06.tif,false,-5.9265903417801375
wc2.0_bio_10m_12.tif,false,916.0529455630127
wc2.0_bio_10m_13.tif,false,115.01603281133482
wc2.0_bio_10m_14.tif,false,44.7654735272185
wc2.1_10m_elev.tif,false,476.2319164802386
