Predictor variable,Categorical,Sample average
wc2.0_bio_10m_01.tif,false,15.234701089703684
wc2.0_bio_10m_05.tif,false,30.482120811143588
wc2.0_bio_10m_06.tif,false,-0.6840556730030054
wc2.0_bio_10m_12.tif,false,888.1839814277423
wc2.0_bio_10m_13.tif,false,127.48229831688914
wc2.0_bio_10m_14.tif,false,35.32617527568195
wc2.1_10m_elev.tif,false,477.165989553105
