Predictor variable,Categorical,Sample average
wc2.0_bio_10m_01.tif,false,11.018313055168475
wc2.0_bio_10m_05.tif,false,27.24996341059706
wc2.0_bio_10m_06.tif,false,-6.667866468563152
wc2.0_bio_10m_12.tif,false,873.5612019443217
wc2.0_bio_10m_13.tif,false,115.27529827662396
wc2.0_bio_10m_14.tif,false,38.94874060980999
wc2.1_10m_elev.tif,false,608.0455148033584
