Predictor variable,Categorical,Sample average
wc2.0_bio_10m_01.tif,false,11.25648872150439
wc2.0_bio_10m_05.tif,false,27.965843664151485
wc2.0_bio_10m_06.tif,false,-7.082031692678065
wc2.0_bio_10m_12.tif,false,914.4460819554278
wc2.0_bio_10m_13.tif,false,113.47699496764918
wc2.0_bio_10m_14.tif,false,45.530913012221426
wc2.1_10m_elev.tif,false,505.647016534867
