Predictor variable,Categorical,Sample average
wc2.0_bio_10m_01.tif,false,16.06096962931766
wc2.0_bio_10m_05.tif,false,29.966258287055528
wc2.0_bio_10m_06.tif,false,1.5320308825799398
wc2.0_bio_10m_12.tif,false,776.5777080062794
wc2.0_bio_10m_13.tif,false,127.28414442700156
wc2.0_bio_10m_14.tif,false,20.82103610675039
wc2.1_10m_elev.tif,false,358.2166405023548
