Predictor variable,Categorical,Sample average
wc2.0_bio_10m_01.tif,false,16.625765145005055
wc2.0_bio_10m_05.tif,false,30.475882878836547
wc2.0_bio_10m_06.tif,false,2.3091016652029475
wc2.0_bio_10m_12.tif,false,711.6540785498489
wc2.0_bio_10m_13.tif,false,122.44712990936556
wc2.0_bio_10m_14.tif,false,15.13595166163142
wc2.1_10m_elev.tif,false,352.05891238670694
