Predictor variable,Categorical,Sample average
wc2.0_bio_10m_01.tif,false,16.427385845287862
wc2.0_bio_10m_05.tif,false,30.397041255228483
wc2.0_bio_10m_06.tif,false,1.9561215387758393
wc2.0_bio_10m_12.tif,false,767.6718938480096
wc2.0_bio_10m_13.tif,false,128.75753920386006
wc2.0_bio_10m_14.tif,false,18.28950542822678
wc2.1_10m_elev.tif,false,415.6284680337756
