Predictor variable,Categorical,Sample average
wc2.0_bio_10m_01.tif,false,16.028072671717908
wc2.0_bio_10m_05.tif,false,30.068813002253155
wc2.0_bio_10m_06.tif,false,1.3350918874795359
wc2.0_bio_10m_12.tif,false,772.8237951807229
wc2.0_bio_10m_13.tif,false,125.22740963855422
wc2.0_bio_10m_14.tif,false,22.620481927710845
wc2.1_10m_elev.tif,false,371.4563253012048
