Predictor variable,Categorical,Sample average
wc2.0_bio_10m_01.tif,false,10.575460127358895
wc2.0_bio_10m_05.tif,false,27.19173280451749
wc2.0_bio_10m_06.tif,false,-7.666706911437787
wc2.0_bio_10m_12.tif,false,913.314527027027
wc2.0_bio_10m_13.tif,false,114.0641891891892
wc2.0_bio_10m_14.tif,false,44.84121621621622
wc2.1_10m_elev.tif,false,583.8611486486486
