Predictor variable,Categorical,Sample average
wc2.0_bio_10m_01.tif,false,16.548640541500514
wc2.0_bio_10m_05.tif,false,30.381151286937573
wc2.0_bio_10m_06.tif,false,2.2698403640063822
wc2.0_bio_10m_12.tif,false,718.7525925925926
wc2.0_bio_10m_13.tif,false,123.80888888888889
wc2.0_bio_10m_14.tif,false,15.322962962962963
wc2.1_10m_elev.tif,false,356.5985185185185
