Predictor variable,Categorical,Sample average
wc2.0_bio_10m_01.tif,false,14.888507005496102
wc2.0_bio_10m_05.tif,false,30.279150153998295
wc2.0_bio_10m_06.tif,false,-1.2558706201583543
wc2.0_bio_10m_12.tif,false,895.4065762004176
wc2.0_bio_10m_13.tif,false,126.25991649269311
wc2.0_bio_10m_14.tif,false,36.765135699373694
wc2.1_10m_elev.tif,false,483.339248434238
