Predictor variable,Categorical,Sample average
wc2.0_bio_10m_01.tif,false,15.645412049920935
wc2.0_bio_10m_05.tif,false,30.40408194893285
wc2.0_bio_10m_06.tif,false,0.15674214677713616
wc2.0_bio_10m_12.tif,false,849.7431578947369
wc2.0_bio_10m_13.tif,false,125.11052631578947
wc2.0_bio_10m_14.tif,false,32.35473684210526
wc2.1_10m_elev.tif,false,390.93684210526317
