Predictor variable,Categorical,Sample average
wc2.0_bio_10m_01.tif,false,15.155426985308308
wc2.0_bio_10m_05.tif,false,30.40133086359052
wc2.0_bio_10m_06.tif,false,-0.9639619160695582
wc2.0_bio_10m_12.tif,false,914.9009819967267
wc2.0_bio_10m_13.tif,false,126.35024549918167
wc2.0_bio_10m_14.tif,false,39.168576104746315
wc2.1_10m_elev.tif,false,382.911620294599
