Predictor variable,Categorical,Sample average
wc2.0_bio_10m_01.tif,false,16.322849247353208
wc2.0_bio_10m_05.tif,false,31.061577606786248
wc2.0_bio_10m_06.tif,false,1.0094945895369878
wc2.0_bio_10m_12.tif,false,861.7239263803681
wc2.0_bio_10m_13.tif,false,131.24693251533742
wc2.0_bio_10m_14.tif,false,29.878067484662576
wc2.1_10m_elev.tif,false,421.9808282208589
