Predictor variable,Categorical,Sample average
wc2.0_bio_10m_01.tif,false,16.611187813390544
wc2.0_bio_10m_05.tif,false,30.588984840942025
wc2.0_bio_10m_06.tif,false,2.160845293820714
wc2.0_bio_10m_12.tif,false,702.5535976505139
wc2.0_bio_10m_13.tif,false,121.6093979441997
wc2.0_bio_10m_14.tif,false,14.772393538913363
wc2.1_10m_elev.tif,false,386.9985315712188
