Predictor variable,Categorical,Sample average
wc2.0_bio_10m_01.tif,false,16.57675819121058
wc2.0_bio_10m_05.tif,false,30.571537077250042
wc2.0_bio_10m_06.tif,false,2.110433709133383
wc2.0_bio_10m_12.tif,false,702.2017804154302
wc2.0_bio_10m_13.tif,false,121.3293768545994
wc2.0_bio_10m_14.tif,false,14.753709198813056
wc2.1_10m_elev.tif,false,391.25370919881306
