Predictor variable,Categorical,Sample average
wc2.0_bio_10m_01.tif,false,10.78701938016846
wc2.0_bio_10m_05.tif,false,27.113517136174377
wc2.0_bio_10m_06.tif,false,-7.084978398661518
wc2.0_bio_10m_12.tif,false,875.4918618499405
wc2.0_bio_10m_13.tif,false,114.38427947598254
wc2.0_bio_10m_14.tif,false,39.452957522826516
wc2.1_10m_elev.tif,false,588.6157205240174
