Predictor variable,Categorical,Sample average
wc2.0_bio_10m_01.tif,false,16.40140087012225
wc2.0_bio_10m_05.tif,false,31.0289454835016
wc2.0_bio_10m_06.tif,false,1.2097375162348514
wc2.0_bio_10m_12.tif,false,854.9198113207547
wc2.0_bio_10m_13.tif,false,131.36713836477986
wc2.0_bio_10m_14.tif,false,28.70440251572327
wc2.1_10m_elev.tif,false,411.6493710691824
