Predictor variable,Categorical,Sample average
wc2.0_bio_10m_01.tif,false,16.55142045634416
wc2.0_bio_10m_05.tif,false,31.061008130465307
wc2.0_bio_10m_06.tif,false,1.4980908006537876
wc2.0_bio_10m_12.tif,false,833.1153526970954
wc2.0_bio_10m_13.tif,false,130.3278008298755
wc2.0_bio_10m_14.tif,false,26.1402489626556
wc2.1_10m_elev.tif,false,411.5900414937759
