Predictor variable,Categorical,Sample average
wc2.0_bio_10m_01.tif,false,10.873890409451946
wc2.0_bio_10m_05.tif,false,27.31143523036939
wc2.0_bio_10m_06.tif,false,-7.2652891942884485
wc2.0_bio_10m_12.tif,false,880.5380728978708
wc2.0_bio_10m_13.tif,false,113.16347888848792
wc2.0_bio_10m_14.tif,false,40.60050523276795
wc2.1_10m_elev.tif,false,512.1548177553229
