Predictor variable,Categorical,Sample average
wc2.0_bio_10m_01.tif,false,16.576645973913685
wc2.0_bio_10m_05.tif,false,30.40520510987607
wc2.0_bio_10m_06.tif,false,2.304219653335341
wc2.0_bio_10m_12.tif,false,717.4311377245509
wc2.0_bio_10m_13.tif,false,123.13473053892216
wc2.0_bio_10m_14.tif,false,15.350299401197605
wc2.1_10m_elev.tif,false,347.248502994012
