Predictor variable,Categorical,Sample average
wc2.0_bio_10m_01.tif,false,16.013646190983177
wc2.0_bio_10m_05.tif,false,30.032711820118987
wc2.0_bio_10m_06.tif,false,1.3286258159934925
wc2.0_bio_10m_12.tif,false,768.605222734255
wc2.0_bio_10m_13.tif,false,124.57142857142857
wc2.0_bio_10m_14.tif,false,22.499231950844855
wc2.1_10m_elev.tif,false,367.5437788018433
