Predictor variable,Categorical,Sample average
wc2.0_bio_10m_01.tif,false,16.59918266495069
wc2.0_bio_10m_05.tif,false,31.089027709960938
wc2.0_bio_10m_06.tif,false,1.5659161006581659
wc2.0_bio_10m_12.tif,false,827.2391666666666
wc2.0_bio_10m_13.tif,false,129.53
wc2.0_bio_10m_14.tif,false,25.851666666666667
wc2.1_10m_elev.tif,false,407.56
