Predictor variable,Categorical,Sample average
wc2.0_bio_10m_01.tif,false,11.028916483611372
wc2.0_bio_10m_05.tif,false,27.19531963713226
wc2.0_bio_10m_06.tif,false,-6.541104503344964
wc2.0_bio_10m_12.tif,false,881.2902015939991
wc2.0_bio_10m_13.tif,false,116.12986404125644
wc2.0_bio_10m_14.tif,false,39.29957805907173
wc2.1_10m_elev.tif,false,618.42709798406
