Predictor variable,Categorical,Sample average
wc2.0_bio_10m_01.tif,false,16.16283659898598
wc2.0_bio_10m_05.tif,false,30.20511650493127
wc2.0_bio_10m_06.tif,false,1.506969965729891
wc2.0_bio_10m_12.tif,false,768.9847328244275
wc2.0_bio_10m_13.tif,false,122.44580152671756
wc2.0_bio_10m_14.tif,false,22.64580152671756
wc2.1_10m_elev.tif,false,356.593893129771
