Predictor variable,Categorical,Sample average
wc2.0_bio_10m_01.tif,false,16.758722299509238
wc2.0_bio_10m_05.tif,false,30.497407435647272
wc2.0_bio_10m_06.tif,false,2.5105113791038987
wc2.0_bio_10m_12.tif,false,745.2837632776934
wc2.0_bio_10m_13.tif,false,125.81183611532626
wc2.0_bio_10m_14.tif,false,17.8649468892261
wc2.1_10m_elev.tif,false,340.6115326251897
