Predictor variable,Categorical,Sample average
wc2.0_bio_10m_01.tif,false,11.197666389594456
wc2.0_bio_10m_05.tif,false,27.508551577115174
wc2.0_bio_10m_06.tif,false,-6.502821715096834
wc2.0_bio_10m_12.tif,false,910.535656401945
wc2.0_bio_10m_13.tif,false,118.13330632090762
wc2.0_bio_10m_14.tif,false,42.10980551053485
wc2.1_10m_elev.tif,false,626.8687196110211
