Predictor variable,Categorical,Sample average
wc2.0_bio_10m_01.tif,false,15.587872388454857
wc2.0_bio_10m_05.tif,false,30.431505782432065
wc2.0_bio_10m_06.tif,false,9.689039436033554E-4
wc2.0_bio_10m_12.tif,false,870.2314540059347
wc2.0_bio_10m_13.tif,false,126.14836795252225
wc2.0_bio_10m_14.tif,false,34.22255192878338
wc2.1_10m_elev.tif,false,389.351137487636
