Predictor variable,Categorical,Sample average
wc2.0_bio_10m_01.tif,false,15.51755212967643
wc2.0_bio_10m_05.tif,false,30.39728139291304
wc2.0_bio_10m_06.tif,false,-0.13082264732353485
wc2.0_bio_10m_12.tif,false,882.9794520547945
wc2.0_bio_10m_13.tif,false,127.12328767123287
wc2.0_bio_10m_14.tif,false,34.98727984344423
wc2.1_10m_elev.tif,false,381.88062622309195
