Predictor variable,Categorical,Sample average
wc2.0_bio_10m_01.tif,false,16.7943759380261
wc2.0_bio_10m_05.tif,false,30.5885825263761
wc2.0_bio_10m_06.tif,false,2.4525132703299226
wc2.0_bio_10m_12.tif,false,757.1684053651267
wc2.0_bio_10m_13.tif,false,126.4441132637854
wc2.0_bio_10m_14.tif,false,19.363636363636363
wc2.1_10m_elev.tif,false,338.8971684053651
