Predictor variable,Categorical,Sample average
wc2.0_bio_10m_01.tif,false,16.559981677686828
wc2.0_bio_10m_05.tif,false,30.485518350500506
wc2.0_bio_10m_06.tif,false,2.176470978797988
wc2.0_bio_10m_12.tif,false,702.5972850678733
wc2.0_bio_10m_13.tif,false,121.78582202111613
wc2.0_bio_10m_14.tif,false,14.71342383107089
wc2.1_10m_elev.tif,false,376.3469079939668
