Predictor variable,Categorical,Sample average
wc2.0_bio_10m_01.tif,false,10.612814280322455
wc2.0_bio_10m_05.tif,false,27.268696285047703
wc2.0_bio_10m_06.tif,false,-7.700386131726473
wc2.0_bio_10m_12.tif,false,910.7575655682582
wc2.0_bio_10m_13.tif,false,113.68594485541358
wc2.0_bio_10m_14.tif,false,44.65198386012105
wc2.1_10m_elev.tif,false,569.6926698049765
