Predictor variable,Categorical,Sample average
wc2.0_bio_10m_01.tif,false,10.73062419087032
wc2.0_bio_10m_05.tif,false,27.273675799025277
wc2.0_bio_10m_06.tif,false,-7.322709589429958
wc2.0_bio_10m_12.tif,false,906.5892341040462
wc2.0_bio_10m_13.tif,false,115.34826589595376
wc2.0_bio_10m_14.tif,false,43.29660404624278
wc2.1_10m_elev.tif,false,629.1723265895954
