Predictor variable,Categorical,Sample average
wc2.0_bio_10m_01.tif,false,16.30789706927137
wc2.0_bio_10m_05.tif,false,30.99700530295454
wc2.0_bio_10m_06.tif,false,1.0510847531415008
wc2.0_bio_10m_12.tif,false,856.2034428794992
wc2.0_bio_10m_13.tif,false,131.05712050078247
wc2.0_bio_10m_14.tif,false,29.100938967136152
wc2.1_10m_elev.tif,false,421.74178403755866
