Predictor variable,Categorical,Sample average
wc2.0_bio_10m_01.tif,false,16.576196724023575
wc2.0_bio_10m_05.tif,false,30.42545905480018
wc2.0_bio_10m_06.tif,false,2.220167800799036
wc2.0_bio_10m_12.tif,false,737.4423076923077
wc2.0_bio_10m_13.tif,false,125.96314102564102
wc2.0_bio_10m_14.tif,false,16.501602564102566
wc2.1_10m_elev.tif,false,343.51762820512823
