Predictor variable,Categorical,Sample average
wc2.0_bio_10m_01.tif,false,15.939336122010728
wc2.0_bio_10m_05.tif,false,29.92058874587775
wc2.0_bio_10m_06.tif,false,1.3189511479653209
wc2.0_bio_10m_12.tif,false,784.0389408099688
wc2.0_bio_10m_13.tif,false,126.99376947040498
wc2.0_bio_10m_14.tif,false,21.85981308411215
wc2.1_10m_elev.tif,false,360.7834890965732
