Predictor variable,Categorical,Sample average
bombus_220,false,0.6694277367827033
hummingbird_220,false,0.6946969641511943
wc2.0_bio_10m_01.tif,false,12.263473006332813
wc2.0_bio_10m_05.tif,false,28.829259611852045
wc2.0_bio_10m_06.tif,false,-5.76985259583883
wc2.0_bio_10m_12.tif,false,1022.3514739229025
wc2.0_bio_10m_13.tif,false,119.91609977324264
wc2.0_bio_10m_14.tif,false,56.202947845804985
wc2.1_10m_elev.tif,false,440.4297052154195
