Predictor variable,Categorical,Sample average
bombus_184,false,0.6106348792404941
hummingbird_184,false,0.6333585661532504
wc2.0_bio_10m_01.tif,false,11.316687814992385
wc2.0_bio_10m_05.tif,false,27.33829432391049
wc2.0_bio_10m_06.tif,false,-6.133191169708676
wc2.0_bio_10m_12.tif,false,894.435393258427
wc2.0_bio_10m_13.tif,false,119.23314606741573
wc2.0_bio_10m_14.tif,false,38.872191011235955
wc2.1_10m_elev.tif,false,698.873595505618
