Predictor variable,Categorical,Sample average
bombus_309,false,0.6278480516826631
hummingbird_309,false,0.6128406148015356
wc2.0_bio_10m_01.tif,false,20.075348029107403
wc2.0_bio_10m_05.tif,false,33.96872367156795
wc2.0_bio_10m_06.tif,false,5.442063842311593
wc2.0_bio_10m_12.tif,false,846.8220858895705
wc2.0_bio_10m_13.tif,false,130.46012269938652
wc2.0_bio_10m_14.tif,false,33.895705521472394
wc2.1_10m_elev.tif,false,396.81595092024537
