Predictor variable,Categorical,Sample average
bombus_316,false,0.6045817541856345
hummingbird_316,false,0.6253719420956193
wc2.0_bio_10m_01.tif,false,19.57676997287668
wc2.0_bio_10m_05.tif,false,33.52230430163925
wc2.0_bio_10m_06.tif,false,4.977456581222711
wc2.0_bio_10m_12.tif,false,797.2589928057554
wc2.0_bio_10m_13.tif,false,122.22302158273381
wc2.0_bio_10m_14.tif,false,31.14388489208633
wc2.1_10m_elev.tif,false,440.48920863309354
