Predictor variable,Categorical,Sample average
bombus_86,false,0.6291447914749267
hummingbird_86,false,0.5808780487185957
wc2.0_bio_10m_01.tif,false,16.990498191823576
wc2.0_bio_10m_05.tif,false,31.95147120968108
wc2.0_bio_10m_06.tif,false,1.4770613742817884
wc2.0_bio_10m_12.tif,false,935.555266579974
wc2.0_bio_10m_13.tif,false,132.69700910273082
wc2.0_bio_10m_14.tif,false,38.82184655396619
wc2.1_10m_elev.tif,false,432.2613784135241
