Predictor variable,Categorical,Sample average
bombus_286,false,0.6106492422340024
hummingbird_286,false,0.5302225748956617
wc2.0_bio_10m_01.tif,false,18.364825775225956
wc2.0_bio_10m_05.tif,false,33.08884880277846
wc2.0_bio_10m_06.tif,false,2.942167407076017
wc2.0_bio_10m_12.tif,false,959.4375
wc2.0_bio_10m_13.tif,false,135.62847222222223
wc2.0_bio_10m_14.tif,false,43.10069444444444
wc2.1_10m_elev.tif,false,440.11805555555554
