Predictor variable,Categorical,Sample average
bombus_248,false,0.6671626070069312
hummingbird_248,false,0.6940830256550097
wc2.0_bio_10m_01.tif,false,14.823780855225221
wc2.0_bio_10m_05.tif,false,31.048399449076946
wc2.0_bio_10m_06.tif,false,-2.519806639256172
wc2.0_bio_10m_12.tif,false,999.7868383404864
wc2.0_bio_10m_13.tif,false,122.37339055793991
wc2.0_bio_10m_14.tif,false,52.63948497854077
wc2.1_10m_elev.tif,false,409.6809728183119
