Predictor variable,Categorical,Sample average
bombus_343,false,0.5389387900592916
hummingbird_343,false,0.6472686832056982
wc2.0_bio_10m_01.tif,false,19.784185507587182
wc2.0_bio_10m_05.tif,false,33.645056234341915
wc2.0_bio_10m_06.tif,false,5.461139363605555
wc2.0_bio_10m_12.tif,false,735.1308411214953
wc2.0_bio_10m_13.tif,false,121.77570093457943
wc2.0_bio_10m_14.tif,false,24.317757009345794
wc2.1_10m_elev.tif,false,431.02803738317755
