Predictor variable,Categorical,Sample average
bombus_229,false,0.6744559457685524
hummingbird_229,false,0.6939939927521467
wc2.0_bio_10m_01.tif,false,12.489752435824746
wc2.0_bio_10m_05.tif,false,29.145294710687455
wc2.0_bio_10m_06.tif,false,-5.620056303119582
wc2.0_bio_10m_12.tif,false,1025.5489721886336
wc2.0_bio_10m_13.tif,false,119.7496977025393
wc2.0_bio_10m_14.tif,false,57.13905683192261
wc2.1_10m_elev.tif,false,439.81015719467956
