Predictor variable,Categorical,Sample average
bombus_261,false,0.6438017728733645
hummingbird_261,false,0.6780016326201851
wc2.0_bio_10m_01.tif,false,16.301465621234225
wc2.0_bio_10m_05.tif,false,31.976316273522336
wc2.0_bio_10m_06.tif,false,-0.32150569306383875
wc2.0_bio_10m_12.tif,false,1007.5909878682842
wc2.0_bio_10m_13.tif,false,129.51993067590988
wc2.0_bio_10m_14.tif,false,50.729636048526864
wc2.1_10m_elev.tif,false,411.5580589254766
