Predictor variable,Categorical,Sample average
bombus_167,false,0.5969088099780752
hummingbird_167,false,0.6250457023591931
wc2.0_bio_10m_01.tif,false,11.225336590029386
wc2.0_bio_10m_05.tif,false,27.385634337342395
wc2.0_bio_10m_06.tif,false,-6.357060421057012
wc2.0_bio_10m_12.tif,false,879.8296213808463
wc2.0_bio_10m_13.tif,false,120.83964365256125
wc2.0_bio_10m_14.tif,false,36.62249443207127
wc2.1_10m_elev.tif,false,710.5501113585746
