Predictor variable,Categorical,Sample average
bombus_140,false,0.6216942222575502
hummingbird_140,false,0.6352568595126892
wc2.0_bio_10m_01.tif,false,11.555026927094636
wc2.0_bio_10m_05.tif,false,28.103266729662817
wc2.0_bio_10m_06.tif,false,-6.657526925748243
wc2.0_bio_10m_12.tif,false,919.7395833333334
wc2.0_bio_10m_13.tif,false,117.54231770833333
wc2.0_bio_10m_14.tif,false,42.076171875
wc2.1_10m_elev.tif,false,525.2571614583334
