Predictor variable,Categorical,Sample average
bombus_49,false,0.6181965404003859
hummingbird_49,false,0.6646361274746331
wc2.0_bio_10m_01.tif,false,18.617615280151366
wc2.0_bio_10m_05.tif,false,31.69940661343661
wc2.0_bio_10m_06.tif,false,5.111174754473296
wc2.0_bio_10m_12.tif,false,816.2290909090909
wc2.0_bio_10m_13.tif,false,137.49454545454546
wc2.0_bio_10m_14.tif,false,22.44
wc2.1_10m_elev.tif,false,312.12363636363636
