Predictor variable,Categorical,Sample average
bombus_276,false,0.6332089275949531
hummingbird_276,false,0.6181733616524272
wc2.0_bio_10m_01.tif,false,17.714229678264772
wc2.0_bio_10m_05.tif,false,32.866216881106595
wc2.0_bio_10m_06.tif,false,1.8767169641020398
wc2.0_bio_10m_12.tif,false,974.030303030303
wc2.0_bio_10m_13.tif,false,129.7020202020202
wc2.0_bio_10m_14.tif,false,46.75757575757576
wc2.1_10m_elev.tif,false,447.3131313131313
