Predictor variable,Categorical,Sample average
bombus_129,false,0.6330231326375027
hummingbird_129,false,0.646209475761604
wc2.0_bio_10m_01.tif,false,12.62775974171411
wc2.0_bio_10m_05.tif,false,29.035313434958777
wc2.0_bio_10m_06.tif,false,-5.112967525479314
wc2.0_bio_10m_12.tif,false,955.245308310992
wc2.0_bio_10m_13.tif,false,121.21648793565684
wc2.0_bio_10m_14.tif,false,44.86796246648794
wc2.1_10m_elev.tif,false,511.9309651474531
