Predictor variable,Categorical,Sample average
bombus_283,false,0.5976653190289304
hummingbird_283,false,0.5523481735088877
wc2.0_bio_10m_01.tif,false,18.04271098629978
wc2.0_bio_10m_05.tif,false,32.92907394196596
wc2.0_bio_10m_06.tif,false,2.4382088039764533
wc2.0_bio_10m_12.tif,false,959.3900928792569
wc2.0_bio_10m_13.tif,false,134.37151702786377
wc2.0_bio_10m_14.tif,false,43.48606811145511
wc2.1_10m_elev.tif,false,480.38390092879257
