Predictor variable,Categorical,Sample average
bombus_164,false,0.5918106925156381
hummingbird_164,false,0.6215744254643044
wc2.0_bio_10m_01.tif,false,11.036580384550367
wc2.0_bio_10m_05.tif,false,27.222202859297703
wc2.0_bio_10m_06.tif,false,-6.631544046470543
wc2.0_bio_10m_12.tif,false,862.6121399176955
wc2.0_bio_10m_13.tif,false,119.47839506172839
wc2.0_bio_10m_14.tif,false,35.196502057613166
wc2.1_10m_elev.tif,false,706.8858024691358
