Predictor variable,Categorical,Sample average
bombus_259,false,0.6482916883549191
hummingbird_259,false,0.6879229126673825
wc2.0_bio_10m_01.tif,false,16.0904754226449
wc2.0_bio_10m_05.tif,false,31.90905134551112
wc2.0_bio_10m_06.tif,false,-0.6987894354839003
wc2.0_bio_10m_12.tif,false,1010.4133790737565
wc2.0_bio_10m_13.tif,false,128.7255574614065
wc2.0_bio_10m_14.tif,false,51.35506003430532
wc2.1_10m_elev.tif,false,409.42195540308745
