Predictor variable,Categorical,Sample average
bombus_9,false,0.5035961991782452
hummingbird_9,false,0.6973517327461132
wc2.0_bio_10m_01.tif,false,18.912705081377844
wc2.0_bio_10m_05.tif,false,32.03265055575112
wc2.0_bio_10m_06.tif,false,5.330237851008889
wc2.0_bio_10m_12.tif,false,731.062015503876
wc2.0_bio_10m_13.tif,false,129.45736434108528
wc2.0_bio_10m_14.tif,false,18.94573643410853
wc2.1_10m_elev.tif,false,399.48062015503876
