Predictor variable,Categorical,Sample average
bombus_282,false,0.6097556172804992
hummingbird_282,false,0.5694780978161875
wc2.0_bio_10m_01.tif,false,18.175951011275085
wc2.0_bio_10m_05.tif,false,33.082301415208626
wc2.0_bio_10m_06.tif,false,2.5603647668744043
wc2.0_bio_10m_12.tif,false,945.4924012158054
wc2.0_bio_10m_13.tif,false,132.41033434650456
wc2.0_bio_10m_14.tif,false,43.0
wc2.1_10m_elev.tif,false,460.97872340425533
