Predictor variable,Categorical,Sample average
bombus_105,false,0.6544034045945283
hummingbird_105,false,0.6230461602082669
wc2.0_bio_10m_01.tif,false,15.43985866948803
wc2.0_bio_10m_05.tif,false,31.12490701845108
wc2.0_bio_10m_06.tif,false,-0.9675375863457525
wc2.0_bio_10m_12.tif,false,961.4217081850534
wc2.0_bio_10m_13.tif,false,127.53024911032028
wc2.0_bio_10m_14.tif,false,43.99021352313167
wc2.1_10m_elev.tif,false,459.05960854092524
