Predictor variable,Categorical,Sample average
bombus_262,false,0.6400556590604155
hummingbird_262,false,0.668503022886682
wc2.0_bio_10m_01.tif,false,16.316747145903737
wc2.0_bio_10m_05.tif,false,32.05567405098363
wc2.0_bio_10m_06.tif,false,-0.377054934386989
wc2.0_bio_10m_12.tif,false,1002.7175438596491
wc2.0_bio_10m_13.tif,false,129.29473684210527
wc2.0_bio_10m_14.tif,false,50.39824561403509
wc2.1_10m_elev.tif,false,419.580701754386
