Predictor variable,Categorical,Sample average
bombus_346,false,0.5309156099295554
hummingbird_346,false,0.6800285977897821
wc2.0_bio_10m_01.tif,false,20.09029025501675
wc2.0_bio_10m_05.tif,false,33.52564598012854
wc2.0_bio_10m_06.tif,false,6.159676327473587
wc2.0_bio_10m_12.tif,false,736.5277777777778
wc2.0_bio_10m_13.tif,false,128.0185185185185
wc2.0_bio_10m_14.tif,false,22.814814814814813
wc2.1_10m_elev.tif,false,398.19444444444446
