Predictor variable,Categorical,Sample average
bombus_307,false,0.6118558142788526
hummingbird_307,false,0.5723948786262332
wc2.0_bio_10m_01.tif,false,19.781261368495663
wc2.0_bio_10m_05.tif,false,34.09469223022461
wc2.0_bio_10m_06.tif,false,4.757310933592479
wc2.0_bio_10m_12.tif,false,839.7865853658536
wc2.0_bio_10m_13.tif,false,127.26829268292683
wc2.0_bio_10m_14.tif,false,34.74390243902439
wc2.1_10m_elev.tif,false,402.1341463414634
