Predictor variable,Categorical,Sample average
bombus_75,false,0.6004839583991035
hummingbird_75,false,0.5593964437365645
wc2.0_bio_10m_01.tif,false,17.506836026171804
wc2.0_bio_10m_05.tif,false,32.10028333139148
wc2.0_bio_10m_06.tif,false,2.4284471865828223
wc2.0_bio_10m_12.tif,false,905.3168880455408
wc2.0_bio_10m_13.tif,false,134.75521821631878
wc2.0_bio_10m_14.tif,false,34.33396584440228
wc2.1_10m_elev.tif,false,418.7514231499051
