Predictor variable,Categorical,Sample average
bombus_174,false,0.5993880199100734
hummingbird_174,false,0.6227480526219047
wc2.0_bio_10m_01.tif,false,11.162552712077465
wc2.0_bio_10m_05.tif,false,27.28363632025877
wc2.0_bio_10m_06.tif,false,-6.4261850110890775
wc2.0_bio_10m_12.tif,false,890.8116113744076
wc2.0_bio_10m_13.tif,false,121.37085308056872
wc2.0_bio_10m_14.tif,false,37.165876777251185
wc2.1_10m_elev.tif,false,709.053317535545
