Predictor variable,Categorical,Sample average
bombus_217,false,0.6658132175042618
hummingbird_217,false,0.6883473059508056
wc2.0_bio_10m_01.tif,false,12.079668589526307
wc2.0_bio_10m_05.tif,false,28.622513936116146
wc2.0_bio_10m_06.tif,false,-5.9946300643580495
wc2.0_bio_10m_12.tif,false,1014.0429864253393
wc2.0_bio_10m_13.tif,false,119.78619909502262
wc2.0_bio_10m_14.tif,false,55.28393665158371
wc2.1_10m_elev.tif,false,449.0237556561086
