Predictor variable,Categorical,Sample average
bombus_126,false,0.6418307334881653
hummingbird_126,false,0.650280076442755
wc2.0_bio_10m_01.tif,false,13.041512093334482
wc2.0_bio_10m_05.tif,false,29.404715815813805
wc2.0_bio_10m_06.tif,false,-4.548951485537159
wc2.0_bio_10m_12.tif,false,963.8128986534373
wc2.0_bio_10m_13.tif,false,122.1495393338058
wc2.0_bio_10m_14.tif,false,45.40822111977321
wc2.1_10m_elev.tif,false,509.6399716513111
