Predictor variable,Categorical,Sample average
bombus_244,false,0.672254564119098
hummingbird_244,false,0.6943563895259538
wc2.0_bio_10m_01.tif,false,14.337417254993772
wc2.0_bio_10m_05.tif,false,30.635814493117124
wc2.0_bio_10m_06.tif,false,-3.1122068286268547
wc2.0_bio_10m_12.tif,false,1011.4171195652174
wc2.0_bio_10m_13.tif,false,122.38722826086956
wc2.0_bio_10m_14.tif,false,54.06385869565217
wc2.1_10m_elev.tif,false,425.6548913043478
