Predictor variable,Categorical,Sample average
bombus_210,false,0.6564799018178432
hummingbird_210,false,0.6699612183966851
wc2.0_bio_10m_01.tif,false,11.463209157755905
wc2.0_bio_10m_05.tif,false,28.00306598042947
wc2.0_bio_10m_06.tif,false,-6.751224940023981
wc2.0_bio_10m_12.tif,false,999.4140715109573
wc2.0_bio_10m_13.tif,false,119.09111880046136
wc2.0_bio_10m_14.tif,false,52.726643598615915
wc2.1_10m_elev.tif,false,482.03921568627453
