Predictor variable,Categorical,Sample average
bombus_12,false,0.5422078611992412
hummingbird_12,false,0.7069778962794578
wc2.0_bio_10m_01.tif,false,18.995259949655242
wc2.0_bio_10m_05.tif,false,32.2119426871791
wc2.0_bio_10m_06.tif,false,5.384627605365082
wc2.0_bio_10m_12.tif,false,715.25
wc2.0_bio_10m_13.tif,false,126.18939393939394
wc2.0_bio_10m_14.tif,false,18.196969696969695
wc2.1_10m_elev.tif,false,346.50757575757575
