Predictor variable,Categorical,Sample average
bombus_76,false,0.6100002319869421
hummingbird_76,false,0.5622670618182376
wc2.0_bio_10m_01.tif,false,17.41901615585727
wc2.0_bio_10m_05.tif,false,32.03560048721256
wc2.0_bio_10m_06.tif,false,2.326580817420524
wc2.0_bio_10m_12.tif,false,906.5205992509364
wc2.0_bio_10m_13.tif,false,133.38202247191012
wc2.0_bio_10m_14.tif,false,34.943820224719104
wc2.1_10m_elev.tif,false,412.42322097378275
