Predictor variable,Categorical,Sample average
bombus_314,false,0.6201103842532676
hummingbird_314,false,0.620692333051314
wc2.0_bio_10m_01.tif,false,19.81540392504798
wc2.0_bio_10m_05.tif,false,33.70661662684547
wc2.0_bio_10m_06.tif,false,5.2377065938069585
wc2.0_bio_10m_12.tif,false,806.9583333333334
wc2.0_bio_10m_13.tif,false,123.45138888888889
wc2.0_bio_10m_14.tif,false,31.9375
wc2.1_10m_elev.tif,false,446.5
