Predictor variable,Categorical,Sample average
bombus_145,false,0.6190364582882033
hummingbird_145,false,0.6248444161091485
wc2.0_bio_10m_01.tif,false,11.051137083176513
wc2.0_bio_10m_05.tif,false,27.608734577316326
wc2.0_bio_10m_06.tif,false,-7.231433397945832
wc2.0_bio_10m_12.tif,false,909.0934903047091
wc2.0_bio_10m_13.tif,false,117.45567867036011
wc2.0_bio_10m_14.tif,false,40.58725761772853
wc2.1_10m_elev.tif,false,555.1246537396122
