Predictor variable,Categorical,Sample average
bombus_10,false,0.5115189255090562
hummingbird_10,false,0.7076839189829789
wc2.0_bio_10m_01.tif,false,19.098008099503403
wc2.0_bio_10m_05.tif,false,32.40512556541623
wc2.0_bio_10m_06.tif,false,5.32666743141929
wc2.0_bio_10m_12.tif,false,717.8267716535433
wc2.0_bio_10m_13.tif,false,128.21259842519686
wc2.0_bio_10m_14.tif,false,17.95275590551181
wc2.1_10m_elev.tif,false,355.81102362204723
