Predictor variable,Categorical,Sample average
bombus_186,false,0.6156947210688015
hummingbird_186,false,0.6337920163982901
wc2.0_bio_10m_01.tif,false,11.223132286645303
wc2.0_bio_10m_05.tif,false,27.299264510472614
wc2.0_bio_10m_06.tif,false,-6.327805146573134
wc2.0_bio_10m_12.tif,false,896.8577586206897
wc2.0_bio_10m_13.tif,false,117.98850574712644
wc2.0_bio_10m_14.tif,false,40.214080459770116
wc2.1_10m_elev.tif,false,681.1925287356322
