Predictor variable,Categorical,Sample average
bombus_80,false,0.6177981078707248
hummingbird_80,false,0.5715449222104176
wc2.0_bio_10m_01.tif,false,17.222629845896854
wc2.0_bio_10m_05.tif,false,31.988227201413505
wc2.0_bio_10m_06.tif,false,1.9507696632195641
wc2.0_bio_10m_12.tif,false,918.0696202531645
wc2.0_bio_10m_13.tif,false,133.9272151898734
wc2.0_bio_10m_14.tif,false,36.049050632911396
wc2.1_10m_elev.tif,false,412.68196202531647
