Predictor variable,Categorical,Sample average
bombus_216,false,0.6650366067616342
hummingbird_216,false,0.6846114832777129
wc2.0_bio_10m_01.tif,false,11.916005372545458
wc2.0_bio_10m_05.tif,false,28.461980204079996
wc2.0_bio_10m_06.tif,false,-6.175375252327168
wc2.0_bio_10m_12.tif,false,1015.8335220838052
wc2.0_bio_10m_13.tif,false,120.06681766704416
wc2.0_bio_10m_14.tif,false,54.85050962627407
wc2.1_10m_elev.tif,false,451.26840317100795
