Predictor variable,Categorical,Sample average
bombus_339,false,0.6040675733580229
hummingbird_339,false,0.6443099812903536
wc2.0_bio_10m_01.tif,false,19.936998437304016
wc2.0_bio_10m_05.tif,false,33.59606709611525
wc2.0_bio_10m_06.tif,false,5.693489277798366
wc2.0_bio_10m_12.tif,false,803.816513761468
wc2.0_bio_10m_13.tif,false,133.1743119266055
wc2.0_bio_10m_14.tif,false,28.03669724770642
wc2.1_10m_elev.tif,false,385.1192660550459
