Predictor variable,Categorical,Sample average
bombus_350,false,0.5082578607313014
hummingbird_350,false,0.6576308875890642
wc2.0_bio_10m_01.tif,false,20.237009887037605
wc2.0_bio_10m_05.tif,false,33.68660177033523
wc2.0_bio_10m_06.tif,false,6.256028802615815
wc2.0_bio_10m_12.tif,false,742.8534482758621
wc2.0_bio_10m_13.tif,false,126.25
wc2.0_bio_10m_14.tif,false,23.155172413793103
wc2.1_10m_elev.tif,false,409.2413793103448
