Predictor variable,Categorical,Sample average
bombus_38,false,0.5528565385423246
hummingbird_38,false,0.6762133564445234
wc2.0_bio_10m_01.tif,false,18.462038766770135
wc2.0_bio_10m_05.tif,false,31.689656321207682
wc2.0_bio_10m_06.tif,false,4.941396526185175
wc2.0_bio_10m_12.tif,false,740.5285714285715
wc2.0_bio_10m_13.tif,false,129.42857142857142
wc2.0_bio_10m_14.tif,false,18.466666666666665
wc2.1_10m_elev.tif,false,376.8619047619048
