Predictor variable,Categorical,Sample average
bombus_52,false,0.6270112377230306
hummingbird_52,false,0.650756712964907
wc2.0_bio_10m_01.tif,false,18.75400280790264
wc2.0_bio_10m_05.tif,false,31.91156294556702
wc2.0_bio_10m_06.tif,false,5.117118598329423
wc2.0_bio_10m_12.tif,false,832.1836734693877
wc2.0_bio_10m_13.tif,false,138.2721088435374
wc2.0_bio_10m_14.tif,false,24.11904761904762
wc2.1_10m_elev.tif,false,300.5238095238095
