Predictor variable,Categorical,Sample average
bombus_268,false,0.6492850105029074
hummingbird_268,false,0.6697124945222105
wc2.0_bio_10m_01.tif,false,17.1072887030158
wc2.0_bio_10m_05.tif,false,32.56783644750776
wc2.0_bio_10m_06.tif,false,0.8479562091893601
wc2.0_bio_10m_12.tif,false,998.8703703703703
wc2.0_bio_10m_13.tif,false,129.179012345679
wc2.0_bio_10m_14.tif,false,49.90946502057613
wc2.1_10m_elev.tif,false,407.6831275720165
