Predictor variable,Categorical,Sample average
bombus_328,false,0.6584601757387
hummingbird_328,false,0.6369063445637303
wc2.0_bio_10m_01.tif,false,19.781711762951268
wc2.0_bio_10m_05.tif,false,33.376070207165135
wc2.0_bio_10m_06.tif,false,5.559515098740738
wc2.0_bio_10m_12.tif,false,855.9112903225806
wc2.0_bio_10m_13.tif,false,134.65322580645162
wc2.0_bio_10m_14.tif,false,32.604838709677416
wc2.1_10m_elev.tif,false,365.8225806451613
