Predictor variable,Categorical,Sample average
bombus_321,false,0.6474870648645961
hummingbird_321,false,0.6344087944530389
wc2.0_bio_10m_01.tif,false,19.888268863453586
wc2.0_bio_10m_05.tif,false,33.457541802350214
wc2.0_bio_10m_06.tif,false,5.708124037530712
wc2.0_bio_10m_12.tif,false,840.0588235294117
wc2.0_bio_10m_13.tif,false,130.60294117647058
wc2.0_bio_10m_14.tif,false,32.48529411764706
wc2.1_10m_elev.tif,false,401.45588235294116
