Predictor variable,Categorical,Sample average
bombus_85,false,0.6355510557239706
hummingbird_85,false,0.5827168065476864
wc2.0_bio_10m_01.tif,false,17.02843166736358
wc2.0_bio_10m_05.tif,false,31.897738069136512
wc2.0_bio_10m_06.tif,false,1.605406916990906
wc2.0_bio_10m_12.tif,false,937.7767379679144
wc2.0_bio_10m_13.tif,false,133.10695187165774
wc2.0_bio_10m_14.tif,false,38.839572192513366
wc2.1_10m_elev.tif,false,411.9585561497326
