Predictor variable,Categorical,Sample average
bombus_221,false,0.6727062365552039
hummingbird_221,false,0.6961147943203643
wc2.0_bio_10m_01.tif,false,12.247410339786498
wc2.0_bio_10m_05.tif,false,28.86176877473072
wc2.0_bio_10m_06.tif,false,-5.836320568511142
wc2.0_bio_10m_12.tif,false,1024.3854047890536
wc2.0_bio_10m_13.tif,false,119.27366020524515
wc2.0_bio_10m_14.tif,false,56.83466362599772
wc2.1_10m_elev.tif,false,432.00570125427595
