Predictor variable,Categorical,Sample average
bombus_291,false,0.6421366199470905
hummingbird_291,false,0.5177125227998715
wc2.0_bio_10m_01.tif,false,18.493384313583373
wc2.0_bio_10m_05.tif,false,33.0943209823297
wc2.0_bio_10m_06.tif,false,3.2238011194754166
wc2.0_bio_10m_12.tif,false,973.9224489795919
wc2.0_bio_10m_13.tif,false,135.5673469387755
wc2.0_bio_10m_14.tif,false,44.71836734693878
wc2.1_10m_elev.tif,false,371.51428571428573
