Predictor variable,Categorical,Sample average
bombus_36,false,0.5543367545101412
hummingbird_36,false,0.6885002500244549
wc2.0_bio_10m_01.tif,false,18.79209585579074
wc2.0_bio_10m_05.tif,false,31.857303755623953
wc2.0_bio_10m_06.tif,false,5.280290470895719
wc2.0_bio_10m_12.tif,false,737.9081632653061
wc2.0_bio_10m_13.tif,false,128.97448979591837
wc2.0_bio_10m_14.tif,false,18.903061224489797
wc2.1_10m_elev.tif,false,359.2755102040816
