Predictor variable,Categorical,Sample average
bombus_318,false,0.6134980844850414
hummingbird_318,false,0.6411013052846394
wc2.0_bio_10m_01.tif,false,19.84553900948406
wc2.0_bio_10m_05.tif,false,33.758519736519695
wc2.0_bio_10m_06.tif,false,5.286734646308596
wc2.0_bio_10m_12.tif,false,786.2335766423357
wc2.0_bio_10m_13.tif,false,124.72262773722628
wc2.0_bio_10m_14.tif,false,29.226277372262775
wc2.1_10m_elev.tif,false,434.2773722627737
