Predictor variable,Categorical,Sample average
bombus_245,false,0.6709656578917031
hummingbird_245,false,0.6946246140362288
wc2.0_bio_10m_01.tif,false,14.493723409995942
wc2.0_bio_10m_05.tif,false,30.796153465798945
wc2.0_bio_10m_06.tif,false,-2.920523202494848
wc2.0_bio_10m_12.tif,false,1007.8181818181819
wc2.0_bio_10m_13.tif,false,121.8955223880597
wc2.0_bio_10m_14.tif,false,53.99457259158752
wc2.1_10m_elev.tif,false,434.9850746268657
