Predictor variable,Categorical,Sample average
bombus_134,false,0.6262800629541373
hummingbird_134,false,0.6391347258144123
wc2.0_bio_10m_01.tif,false,12.06073325374134
wc2.0_bio_10m_05.tif,false,28.551087491223768
wc2.0_bio_10m_06.tif,false,-5.915702035179611
wc2.0_bio_10m_12.tif,false,943.7350318471338
wc2.0_bio_10m_13.tif,false,119.56624203821656
wc2.0_bio_10m_14.tif,false,44.16687898089172
wc2.1_10m_elev.tif,false,523.2509554140128
