Predictor variable,Categorical,Sample average
bombus_47,false,0.6029693601125816
hummingbird_47,false,0.6583402169341186
wc2.0_bio_10m_01.tif,false,18.569719098648935
wc2.0_bio_10m_05.tif,false,31.788652556797242
wc2.0_bio_10m_06.tif,false,4.959730631534783
wc2.0_bio_10m_12.tif,false,799.388679245283
wc2.0_bio_10m_13.tif,false,135.17735849056604
wc2.0_bio_10m_14.tif,false,21.826415094339623
wc2.1_10m_elev.tif,false,321.66037735849056
