Predictor variable,Categorical,Sample average
bombus_219,false,0.6686515334654938
hummingbird_219,false,0.694509765302593
wc2.0_bio_10m_01.tif,false,12.298740728538144
wc2.0_bio_10m_05.tif,false,28.811264080351048
wc2.0_bio_10m_06.tif,false,-5.676174042685042
wc2.0_bio_10m_12.tif,false,1018.228409090909
wc2.0_bio_10m_13.tif,false,119.65454545454546
wc2.0_bio_10m_14.tif,false,55.87840909090909
wc2.1_10m_elev.tif,false,445.7409090909091
