Predictor variable,Categorical,Sample average
bombus_32,false,0.584820245558189
hummingbird_32,false,0.7030090968228049
wc2.0_bio_10m_01.tif,false,18.74142427974277
wc2.0_bio_10m_05.tif,false,31.679942915174696
wc2.0_bio_10m_06.tif,false,5.488135443876187
wc2.0_bio_10m_12.tif,false,729.5222222222222
wc2.0_bio_10m_13.tif,false,127.4888888888889
wc2.0_bio_10m_14.tif,false,18.544444444444444
wc2.1_10m_elev.tif,false,330.0777777777778
