Predictor variable,Categorical,Sample average
bombus_67,false,0.6003609090482676
hummingbird_67,false,0.587226613082232
wc2.0_bio_10m_01.tif,false,18.13264638429047
wc2.0_bio_10m_05.tif,false,32.217658369002805
wc2.0_bio_10m_06.tif,false,3.6276752581118896
wc2.0_bio_10m_12.tif,false,854.0150537634408
wc2.0_bio_10m_13.tif,false,132.3784946236559
wc2.0_bio_10m_14.tif,false,29.778494623655913
wc2.1_10m_elev.tif,false,359.4215053763441
