Predictor variable,Categorical,Sample average
bombus_285,false,0.6125611172327282
hummingbird_285,false,0.5444605286772314
wc2.0_bio_10m_01.tif,false,18.27543881064967
wc2.0_bio_10m_05.tif,false,33.0594026791422
wc2.0_bio_10m_06.tif,false,2.777216009372588
wc2.0_bio_10m_12.tif,false,958.8421052631579
wc2.0_bio_10m_13.tif,false,134.60526315789474
wc2.0_bio_10m_14.tif,false,43.26315789473684
wc2.1_10m_elev.tif,false,426.9407894736842
