Predictor variable,Categorical,Sample average
bombus_238,false,0.6729258438596478
hummingbird_238,false,0.6946025742338849
wc2.0_bio_10m_01.tif,false,13.403750323591295
wc2.0_bio_10m_05.tif,false,29.86758979202865
wc2.0_bio_10m_06.tif,false,-4.40043740893315
wc2.0_bio_10m_12.tif,false,1018.4493506493507
wc2.0_bio_10m_13.tif,false,121.31298701298701
wc2.0_bio_10m_14.tif,false,55.614285714285714
wc2.1_10m_elev.tif,false,421.11168831168834
