Predictor variable,Categorical,Sample average
bombus_24,false,0.5745071812140706
hummingbird_24,false,0.7205326358150494
wc2.0_bio_10m_01.tif,false,19.017042774903146
wc2.0_bio_10m_05.tif,false,31.865100145339966
wc2.0_bio_10m_06.tif,false,5.670252001819838
wc2.0_bio_10m_12.tif,false,735.5855263157895
wc2.0_bio_10m_13.tif,false,130.35526315789474
wc2.0_bio_10m_14.tif,false,18.519736842105264
wc2.1_10m_elev.tif,false,300.4605263157895
