Predictor variable,Categorical,Sample average
bombus_99,false,0.6415468756060706
hummingbird_99,false,0.5921513398833506
wc2.0_bio_10m_01.tif,false,15.826182878509629
wc2.0_bio_10m_05.tif,false,31.349239808435048
wc2.0_bio_10m_06.tif,false,-0.3485317831279378
wc2.0_bio_10m_12.tif,false,968.4138972809668
wc2.0_bio_10m_13.tif,false,129.4370594159114
wc2.0_bio_10m_14.tif,false,43.987915407854985
wc2.1_10m_elev.tif,false,461.83182275931523
