Predictor variable,Categorical,Sample average
bombus_163,false,0.5942380841524323
hummingbird_163,false,0.6197591170760021
wc2.0_bio_10m_01.tif,false,11.033933229796332
wc2.0_bio_10m_05.tif,false,27.29840644883232
wc2.0_bio_10m_06.tif,false,-6.770505901411411
wc2.0_bio_10m_12.tif,false,861.1942740286298
wc2.0_bio_10m_13.tif,false,118.69018404907976
wc2.0_bio_10m_14.tif,false,35.559304703476485
wc2.1_10m_elev.tif,false,677.7658486707567
