Predictor variable,Categorical,Sample average
bombus_296,false,0.5928926980531797
hummingbird_296,false,0.49149746222466956
wc2.0_bio_10m_01.tif,false,18.628627670102002
wc2.0_bio_10m_05.tif,false,33.2746735177389
wc2.0_bio_10m_06.tif,false,3.2730122908495547
wc2.0_bio_10m_12.tif,false,929.3609756097561
wc2.0_bio_10m_13.tif,false,131.12682926829268
wc2.0_bio_10m_14.tif,false,41.18536585365854
wc2.1_10m_elev.tif,false,385.8390243902439
