Predictor variable,Categorical,Sample average
bombus_157,false,0.5971785534451873
hummingbird_157,false,0.6133834099395343
wc2.0_bio_10m_01.tif,false,10.73200126984333
wc2.0_bio_10m_05.tif,false,27.19717204867968
wc2.0_bio_10m_06.tif,false,-7.378277148783124
wc2.0_bio_10m_12.tif,false,870.8882733148661
wc2.0_bio_10m_13.tif,false,117.25669436749769
wc2.0_bio_10m_14.tif,false,37.38411819021238
wc2.1_10m_elev.tif,false,650.0433979686057
