Predictor variable,Categorical,Sample average
bombus_17,false,0.5272826091386378
hummingbird_17,false,0.7150080609683167
wc2.0_bio_10m_01.tif,false,18.80657520714928
wc2.0_bio_10m_05.tif,false,32.00735644733204
wc2.0_bio_10m_06.tif,false,5.199663887539988
wc2.0_bio_10m_12.tif,false,687.3676470588235
wc2.0_bio_10m_13.tif,false,122.49264705882354
wc2.0_bio_10m_14.tif,false,16.522058823529413
wc2.1_10m_elev.tif,false,324.4485294117647
