Predictor variable,Categorical,Sample average
bombus_255,false,0.6551216184488511
hummingbird_255,false,0.6915478138441973
wc2.0_bio_10m_01.tif,false,15.743266766603204
wc2.0_bio_10m_05.tif,false,31.65155929113141
wc2.0_bio_10m_06.tif,false,-1.1689954845938328
wc2.0_bio_10m_12.tif,false,1007.7301092043682
wc2.0_bio_10m_13.tif,false,127.48361934477379
wc2.0_bio_10m_14.tif,false,51.22776911076443
wc2.1_10m_elev.tif,false,414.6365054602184
