Predictor variable,Categorical,Sample average
bombus_46,false,0.595030566699279
hummingbird_46,false,0.6660945800031186
wc2.0_bio_10m_01.tif,false,18.619790200144053
wc2.0_bio_10m_05.tif,false,31.863850347697735
wc2.0_bio_10m_06.tif,false,5.055420897704607
wc2.0_bio_10m_12.tif,false,781.015625
wc2.0_bio_10m_13.tif,false,132.91796875
wc2.0_bio_10m_14.tif,false,21.03515625
wc2.1_10m_elev.tif,false,340.19140625
