Predictor variable,Categorical,Sample average
bombus_42,false,0.559836697518761
hummingbird_42,false,0.6566460100829086
wc2.0_bio_10m_01.tif,false,18.577374243633056
wc2.0_bio_10m_05.tif,false,31.750822513134448
wc2.0_bio_10m_06.tif,false,5.0263696734539485
wc2.0_bio_10m_12.tif,false,770.1212121212121
wc2.0_bio_10m_13.tif,false,132.19480519480518
wc2.0_bio_10m_14.tif,false,20.324675324675326
wc2.1_10m_elev.tif,false,358.9004329004329
