Predictor variable,Categorical,Sample average
bombus_297,false,0.5794511264428879
hummingbird_297,false,0.4866542058495375
wc2.0_bio_10m_01.tif,false,18.542988112033942
wc2.0_bio_10m_05.tif,false,33.19421143165002
wc2.0_bio_10m_06.tif,false,3.1753967562451577
wc2.0_bio_10m_12.tif,false,927.9230769230769
wc2.0_bio_10m_13.tif,false,132.75897435897437
wc2.0_bio_10m_14.tif,false,40.9025641025641
wc2.1_10m_elev.tif,false,411.79487179487177
