Predictor variable,Categorical,Sample average
bombus_161,false,0.5902608006743331
hummingbird_161,false,0.6162005824958858
wc2.0_bio_10m_01.tif,false,10.957328775375332
wc2.0_bio_10m_05.tif,false,27.292900865641073
wc2.0_bio_10m_06.tif,false,-6.950485085388973
wc2.0_bio_10m_12.tif,false,859.9226130653267
wc2.0_bio_10m_13.tif,false,118.22311557788944
wc2.0_bio_10m_14.tif,false,35.58291457286432
wc2.1_10m_elev.tif,false,678.4964824120603
