Predictor variable,Categorical,Sample average
bombus_281,false,0.6149431308566113
hummingbird_281,false,0.576614664261334
wc2.0_bio_10m_01.tif,false,17.849101101152996
wc2.0_bio_10m_05.tif,false,32.68243140722873
wc2.0_bio_10m_06.tif,false,2.328558691521795
wc2.0_bio_10m_12.tif,false,961.5532544378698
wc2.0_bio_10m_13.tif,false,133.14792899408283
wc2.0_bio_10m_14.tif,false,44.19230769230769
wc2.1_10m_elev.tif,false,477.38757396449705
