Predictor variable,Categorical,Sample average
bombus_18,false,0.527937879825247
hummingbird_18,false,0.7140373025141972
wc2.0_bio_10m_01.tif,false,18.90641889437823
wc2.0_bio_10m_05.tif,false,32.21071420588964
wc2.0_bio_10m_06.tif,false,5.187210513016497
wc2.0_bio_10m_12.tif,false,686.6267605633802
wc2.0_bio_10m_13.tif,false,124.02112676056338
wc2.0_bio_10m_14.tif,false,15.838028169014084
wc2.1_10m_elev.tif,false,335.28169014084506
