Predictor variable,Categorical,Sample average
bombus_257,false,0.6478692780819632
hummingbird_257,false,0.6834851097916403
wc2.0_bio_10m_01.tif,false,15.756037241797294
wc2.0_bio_10m_05.tif,false,31.61444830125378
wc2.0_bio_10m_06.tif,false,-1.108874256993351
wc2.0_bio_10m_12.tif,false,1001.2612903225806
wc2.0_bio_10m_13.tif,false,127.65967741935484
wc2.0_bio_10m_14.tif,false,50.47096774193548
wc2.1_10m_elev.tif,false,423.0241935483871
