Predictor variable,Categorical,Sample average
bombus_332,false,0.7039169337086636
hummingbird_332,false,0.6669562224555632
wc2.0_bio_10m_01.tif,false,19.8907326418778
wc2.0_bio_10m_05.tif,false,33.30747749065531
wc2.0_bio_10m_06.tif,false,5.90330051882333
wc2.0_bio_10m_12.tif,false,860.75
wc2.0_bio_10m_13.tif,false,133.63793103448276
wc2.0_bio_10m_14.tif,false,33.36206896551724
wc2.1_10m_elev.tif,false,306.9396551724138
