Predictor variable,Categorical,Sample average
bombus_214,false,0.6653587598637615
hummingbird_214,false,0.6824340444108296
wc2.0_bio_10m_01.tif,false,11.649118601273528
wc2.0_bio_10m_05.tif,false,28.176930126053335
wc2.0_bio_10m_06.tif,false,-6.47962209125229
wc2.0_bio_10m_12.tif,false,1013.829596412556
wc2.0_bio_10m_13.tif,false,119.52578475336323
wc2.0_bio_10m_14.tif,false,54.766816143497756
wc2.1_10m_elev.tif,false,464.47982062780267
