Predictor variable,Categorical,Sample average
bombus_195,false,0.6387237323367078
hummingbird_195,false,0.6580300213661969
wc2.0_bio_10m_01.tif,false,11.347555493233205
wc2.0_bio_10m_05.tif,false,27.62969890450027
wc2.0_bio_10m_06.tif,false,-6.410393060795012
wc2.0_bio_10m_12.tif,false,938.6030855539972
wc2.0_bio_10m_13.tif,false,116.90042075736325
wc2.0_bio_10m_14.tif,false,46.786816269284714
wc2.1_10m_elev.tif,false,626.0448807854137
