Predictor variable,Categorical,Sample average
bombus_315,false,0.6293144545118724
hummingbird_315,false,0.6338408420660666
wc2.0_bio_10m_01.tif,false,19.871061781474523
wc2.0_bio_10m_05.tif,false,33.76590299606323
wc2.0_bio_10m_06.tif,false,5.285957598020988
wc2.0_bio_10m_12.tif,false,803.8357142857143
wc2.0_bio_10m_13.tif,false,123.08571428571429
wc2.0_bio_10m_14.tif,false,31.635714285714286
wc2.1_10m_elev.tif,false,426.74285714285713
