Predictor variable,Categorical,Sample average
bombus_158,false,0.5943428191034082
hummingbird_158,false,0.6085873047889586
wc2.0_bio_10m_01.tif,false,10.79036606559876
wc2.0_bio_10m_05.tif,false,27.262374154264524
wc2.0_bio_10m_06.tif,false,-7.353400656446154
wc2.0_bio_10m_12.tif,false,864.4165872259294
wc2.0_bio_10m_13.tif,false,117.13632030505244
wc2.0_bio_10m_14.tif,false,36.85700667302193
wc2.1_10m_elev.tif,false,654.6835081029552
