Predictor variable,Categorical,Sample average
bombus_133,false,0.629913522541905
hummingbird_133,false,0.6432734637688368
wc2.0_bio_10m_01.tif,false,12.236174454301214
wc2.0_bio_10m_05.tif,false,28.69959158530602
wc2.0_bio_10m_06.tif,false,-5.666111779603689
wc2.0_bio_10m_12.tif,false,950.7692307692307
wc2.0_bio_10m_13.tif,false,120.01794871794871
wc2.0_bio_10m_14.tif,false,44.799358974358974
wc2.1_10m_elev.tif,false,522.4782051282051
