Predictor variable,Categorical,Sample average
bombus_14,false,0.532565281470484
hummingbird_14,false,0.7053695900635865
wc2.0_bio_10m_01.tif,false,18.83134124479221
wc2.0_bio_10m_05.tif,false,32.04702342375544
wc2.0_bio_10m_06.tif,false,5.1861969817230715
wc2.0_bio_10m_12.tif,false,696.0839694656488
wc2.0_bio_10m_13.tif,false,125.1526717557252
wc2.0_bio_10m_14.tif,false,16.702290076335878
wc2.1_10m_elev.tif,false,379.1145038167939
