Predictor variable,Categorical,Sample average
bombus_118,false,0.653860040328914
hummingbird_118,false,0.6583386489090558
wc2.0_bio_10m_01.tif,false,14.25201491431088
wc2.0_bio_10m_05.tif,false,30.25708400002687
wc2.0_bio_10m_06.tif,false,-2.698202585426336
wc2.0_bio_10m_12.tif,false,978.5214676034349
wc2.0_bio_10m_13.tif,false,127.07650273224044
wc2.0_bio_10m_14.tif,false,45.25214676034348
wc2.1_10m_elev.tif,false,488.0257611241218
