Predictor variable,Categorical,Sample average
bombus_169,false,0.5967343545055828
hummingbird_169,false,0.6277473828104142
wc2.0_bio_10m_01.tif,false,11.211072230455493
wc2.0_bio_10m_05.tif,false,27.358573444948952
wc2.0_bio_10m_06.tif,false,-6.32348590644502
wc2.0_bio_10m_12.tif,false,880.1010332950632
wc2.0_bio_10m_13.tif,false,120.6268656716418
wc2.0_bio_10m_14.tif,false,36.64179104477612
wc2.1_10m_elev.tif,false,718.5086107921928
