Predictor variable,Categorical,Sample average
bombus_292,false,0.6269852228653736
hummingbird_292,false,0.5073951387570964
wc2.0_bio_10m_01.tif,false,18.359997415135048
wc2.0_bio_10m_05.tif,false,33.07981800014137
wc2.0_bio_10m_06.tif,false,2.9225232645821495
wc2.0_bio_10m_12.tif,false,946.3931623931624
wc2.0_bio_10m_13.tif,false,130.97435897435898
wc2.0_bio_10m_14.tif,false,43.0940170940171
wc2.1_10m_elev.tif,false,382.3290598290598
