Predictor variable,Categorical,Sample average
wc2.0_bio_10m_01.tif,false,9.08822298961263
wc2.0_bio_10m_05.tif,false,25.659330076930903
wc2.0_bio_10m_06.tif,false,-9.352878271749095
wc2.0_bio_10m_12.tif,false,976.9487394957983
wc2.0_bio_10m_13.tif,false,123.09033613445378
wc2.0_bio_10m_14.tif,false,46.35084033613445
wc2.1_10m_elev.tif,false,623.1180672268907
