Predictor variable,Categorical,Sample average
wc2.0_bio_10m_01.tif,false,16.300760687645816
wc2.0_bio_10m_05.tif,false,31.767653728238784
wc2.0_bio_10m_06.tif,false,0.04962535840223489
wc2.0_bio_10m_12.tif,false,987.9873472949389
wc2.0_bio_10m_13.tif,false,129.99171029668412
wc2.0_bio_10m_14.tif,false,45.696335078534034
wc2.1_10m_elev.tif,false,289.0257417102967
