Predictor variable,Categorical,Sample average
wc2.0_bio_10m_01.tif,false,10.423711193480045
wc2.0_bio_10m_05.tif,false,27.080920877165056
wc2.0_bio_10m_06.tif,false,-8.114762744322293
wc2.0_bio_10m_12.tif,false,988.7076727066818
wc2.0_bio_10m_13.tif,false,123.56837485843715
wc2.0_bio_10m_14.tif,false,46.89665911664779
wc2.1_10m_elev.tif,false,472.4327576443941
