Predictor variable,Categorical,Sample average
wc2.0_bio_10m_01.tif,false,11.891563508088865
wc2.0_bio_10m_05.tif,false,28.35505812832891
wc2.0_bio_10m_06.tif,false,-6.233352467327168
wc2.0_bio_10m_12.tif,false,1001.0857553497285
wc2.0_bio_10m_13.tif,false,124.7840945384861
wc2.0_bio_10m_14.tif,false,48.27579048227403
wc2.1_10m_elev.tif,false,400.81603321622487
