Predictor variable,Categorical,Sample average
wc2.0_bio_10m_01.tif,false,18.973647695766036
wc2.0_bio_10m_05.tif,false,32.20759347735046
wc2.0_bio_10m_06.tif,false,5.184118177432042
wc2.0_bio_10m_12.tif,false,878.230946882217
wc2.0_bio_10m_13.tif,false,139.00230946882218
wc2.0_bio_10m_14.tif,false,29.84757505773672
wc2.1_10m_elev.tif,false,241.73441108545035
