Predictor variable,Categorical,Sample average
wc2.0_bio_10m_01.tif,false,16.484708178724727
wc2.0_bio_10m_05.tif,false,31.815862572711445
wc2.0_bio_10m_06.tif,false,0.4037516548493846
wc2.0_bio_10m_12.tif,false,991.200293111871
wc2.0_bio_10m_13.tif,false,131.3580850024426
wc2.0_bio_10m_14.tif,false,45.65021983390327
wc2.1_10m_elev.tif,false,278.295554469956
