Predictor variable,Categorical,Sample average
wc2.0_bio_10m_01.tif,false,17.149345377925783
wc2.0_bio_10m_05.tif,false,31.9947940595448
wc2.0_bio_10m_06.tif,false,1.6193660782543884
wc2.0_bio_10m_12.tif,false,1001.8203125
wc2.0_bio_10m_13.tif,false,136.11979166666666
wc2.0_bio_10m_14.tif,false,44.51953125
wc2.1_10m_elev.tif,false,251.404296875
