Predictor variable,Categorical,Sample average
wc2.0_bio_10m_01.tif,false,18.501239841881812
wc2.0_bio_10m_05.tif,false,31.85784972665881
wc2.0_bio_10m_06.tif,false,4.598047774691204
wc2.0_bio_10m_12.tif,false,912.5076045627377
wc2.0_bio_10m_13.tif,false,141.95627376425855
wc2.0_bio_10m_14.tif,false,31.686311787072242
wc2.1_10m_elev.tif,false,225.74144486692015
