Predictor variable,Categorical,Sample average
wc2.0_bio_10m_01.tif,false,12.322813543315318
wc2.0_bio_10m_05.tif,false,28.69003939486896
wc2.0_bio_10m_06.tif,false,-5.6478216499702265
wc2.0_bio_10m_12.tif,false,1003.5312035661218
wc2.0_bio_10m_13.tif,false,123.23365527488856
wc2.0_bio_10m_14.tif,false,50.832838038632985
wc2.1_10m_elev.tif,false,383.3562407132244
