Predictor variable,Categorical,Sample average
wc2.0_bio_10m_01.tif,false,17.700589619135197
wc2.0_bio_10m_05.tif,false,31.88593178021578
wc2.0_bio_10m_06.tif,false,2.9186691496766026
wc2.0_bio_10m_12.tif,false,964.7193675889328
wc2.0_bio_10m_13.tif,false,139.54347826086956
wc2.0_bio_10m_14.tif,false,38.18873517786561
wc2.1_10m_elev.tif,false,235.8804347826087
