Predictor variable,Categorical,Sample average
wc2.0_bio_10m_01.tif,false,17.86158780289478
wc2.0_bio_10m_05.tif,false,31.58519691326579
wc2.0_bio_10m_06.tif,false,3.3819464866297135
wc2.0_bio_10m_12.tif,false,925.9754098360655
wc2.0_bio_10m_13.tif,false,139.25819672131146
wc2.0_bio_10m_14.tif,false,35.32172131147541
wc2.1_10m_elev.tif,false,238.36065573770492
