Predictor variable,Categorical,Sample average
wc2.0_bio_10m_01.tif,false,13.390202984975202
wc2.0_bio_10m_05.tif,false,29.286298361079826
wc2.0_bio_10m_06.tif,false,-3.9187930096912122
wc2.0_bio_10m_12.tif,false,1020.3386861313869
wc2.0_bio_10m_13.tif,false,127.4228710462287
wc2.0_bio_10m_14.tif,false,51.15912408759124
wc2.1_10m_elev.tif,false,344.71727493917274
