Predictor variable,Categorical,Sample average
wc2.0_bio_10m_01.tif,false,16.310499319832445
wc2.0_bio_10m_05.tif,false,31.05805081266412
wc2.0_bio_10m_06.tif,false,0.5919567872383867
wc2.0_bio_10m_12.tif,false,955.5864055299539
wc2.0_bio_10m_13.tif,false,130.68778801843317
wc2.0_bio_10m_14.tif,false,43.3778801843318
wc2.1_10m_elev.tif,false,269.0483870967742
