Predictor variable,Categorical,Sample average
wc2.0_bio_10m_01.tif,false,18.90732305874757
wc2.0_bio_10m_05.tif,false,32.21790506715458
wc2.0_bio_10m_06.tif,false,5.0114254553422715
wc2.0_bio_10m_12.tif,false,883.6398104265403
wc2.0_bio_10m_13.tif,false,138.76303317535545
wc2.0_bio_10m_14.tif,false,31.082938388625593
wc2.1_10m_elev.tif,false,231.3649289099526
