Predictor variable,Categorical,Sample average
wc2.0_bio_10m_01.tif,false,18.589879656171465
wc2.0_bio_10m_05.tif,false,32.16620254071998
wc2.0_bio_10m_06.tif,false,4.296925272427864
wc2.0_bio_10m_12.tif,false,883.0932400932401
wc2.0_bio_10m_13.tif,false,137.5198135198135
wc2.0_bio_10m_14.tif,false,31.585081585081586
wc2.1_10m_elev.tif,false,250.06060606060606
