Predictor variable,Categorical,Sample average
wc2.0_bio_10m_01.tif,false,9.852851304605643
wc2.0_bio_10m_05.tif,false,26.411815650487775
wc2.0_bio_10m_06.tif,false,-8.571990769685913
wc2.0_bio_10m_12.tif,false,990.7422389463782
wc2.0_bio_10m_13.tif,false,123.1716839134525
wc2.0_bio_10m_14.tif,false,47.97530573847601
wc2.1_10m_elev.tif,false,527.9487300094073
