Predictor variable,Categorical,Sample average
wc2.0_bio_10m_01.tif,false,13.053349639947982
wc2.0_bio_10m_05.tif,false,29.10702876708581
wc2.0_bio_10m_06.tif,false,-4.460190242282062
wc2.0_bio_10m_12.tif,false,1021.1511013215859
wc2.0_bio_10m_13.tif,false,126.55594713656387
wc2.0_bio_10m_14.tif,false,51.476651982378854
wc2.1_10m_elev.tif,false,358.75506607929515
