Predictor variable,Categorical,Sample average
wc2.0_bio_10m_01.tif,false,14.849779892901223
wc2.0_bio_10m_05.tif,false,30.69091036113596
wc2.0_bio_10m_06.tif,false,-2.00528871236032
wc2.0_bio_10m_12.tif,false,1019.2626427406199
wc2.0_bio_10m_13.tif,false,131.1394779771615
wc2.0_bio_10m_14.tif,false,47.52446982055465
wc2.1_10m_elev.tif,false,343.39505165851006
