Predictor variable,Categorical,Sample average
wc2.0_bio_10m_01.tif,false,9.16568184014946
wc2.0_bio_10m_05.tif,false,25.643274589114718
wc2.0_bio_10m_06.tif,false,-9.093818145551252
wc2.0_bio_10m_12.tif,false,976.5119191919192
wc2.0_bio_10m_13.tif,false,123.6159595959596
wc2.0_bio_10m_14.tif,false,45.89050505050505
wc2.1_10m_elev.tif,false,652.6361616161616
