Predictor variable,Categorical,Sample average
wc2.0_bio_10m_01.tif,false,16.73739002562415
wc2.0_bio_10m_05.tif,false,31.873399120212394
wc2.0_bio_10m_06.tif,false,0.8792734196071333
wc2.0_bio_10m_12.tif,false,998.1546563192904
wc2.0_bio_10m_13.tif,false,133.4018847006652
wc2.0_bio_10m_14.tif,false,45.35532150776053
wc2.1_10m_elev.tif,false,269.9645232815964
