Predictor variable,Categorical,Sample average
wc2.0_bio_10m_01.tif,false,10.314880776726914
wc2.0_bio_10m_05.tif,false,26.846095406475172
wc2.0_bio_10m_06.tif,false,-8.034692124994177
wc2.0_bio_10m_12.tif,false,989.017866129844
wc2.0_bio_10m_13.tif,false,122.76371414192249
wc2.0_bio_10m_14.tif,false,48.201308505284345
wc2.1_10m_elev.tif,false,510.7760442878712
