Predictor variable,Categorical,Sample average
wc2.0_bio_10m_01.tif,false,11.263502658396023
wc2.0_bio_10m_05.tif,false,27.673927321578518
wc2.0_bio_10m_06.tif,false,-6.8269968566720065
wc2.0_bio_10m_12.tif,false,1001.0505050505051
wc2.0_bio_10m_13.tif,false,124.10072951739619
wc2.0_bio_10m_14.tif,false,49.396745230078565
wc2.1_10m_elev.tif,false,446.95089786756455
