Predictor variable,Categorical,Sample average
wc2.0_bio_10m_01.tif,false,9.748116198947276
wc2.0_bio_10m_05.tif,false,26.33603693663247
wc2.0_bio_10m_06.tif,false,-8.640631465795915
wc2.0_bio_10m_12.tif,false,968.2384930643127
wc2.0_bio_10m_13.tif,false,122.75819672131148
wc2.0_bio_10m_14.tif,false,45.21201134930643
wc2.1_10m_elev.tif,false,564.1751261034048
