Predictor variable,Categorical,Sample average
wc2.0_bio_10m_01.tif,false,15.889233873629808
wc2.0_bio_10m_05.tif,false,31.44835004969308
wc2.0_bio_10m_06.tif,false,-0.4856577619988138
wc2.0_bio_10m_12.tif,false,1019.1621621621622
wc2.0_bio_10m_13.tif,false,133.17852062588904
wc2.0_bio_10m_14.tif,false,47.16927453769559
wc2.1_10m_elev.tif,false,312.77596017069703
