Predictor variable,Categorical,Sample average
wc2.0_bio_10m_01.tif,false,10.593654510085377
wc2.0_bio_10m_05.tif,false,27.09667302458078
wc2.0_bio_10m_06.tif,false,-7.713708943727341
wc2.0_bio_10m_12.tif,false,997.5578213732576
wc2.0_bio_10m_13.tif,false,123.78187919463087
wc2.0_bio_10m_14.tif,false,48.763551884357256
wc2.1_10m_elev.tif,false,486.13319566339703
