Predictor variable,Categorical,Sample average
wc2.0_bio_10m_01.tif,false,16.669487933605765
wc2.0_bio_10m_05.tif,false,31.90380166873328
wc2.0_bio_10m_06.tif,false,0.6984610939103865
wc2.0_bio_10m_12.tif,false,993.6575415995705
wc2.0_bio_10m_13.tif,false,131.99892646269458
wc2.0_bio_10m_14.tif,false,45.68169618894257
wc2.1_10m_elev.tif,false,270.73590982286635
