Predictor variable,Categorical,Sample average
wc2.0_bio_10m_01.tif,false,13.107995223788107
wc2.0_bio_10m_05.tif,false,29.150337488335722
wc2.0_bio_10m_06.tif,false,-4.395678698291543
wc2.0_bio_10m_12.tif,false,1012.0505514705883
wc2.0_bio_10m_13.tif,false,125.57261029411765
wc2.0_bio_10m_14.tif,false,50.91773897058823
wc2.1_10m_elev.tif,false,362.3658088235294
