Predictor variable,Categorical,Sample average
wc2.0_bio_10m_01.tif,false,9.113978676810389
wc2.0_bio_10m_05.tif,false,25.653685914734265
wc2.0_bio_10m_06.tif,false,-9.254029377157634
wc2.0_bio_10m_12.tif,false,975.8656378600823
wc2.0_bio_10m_13.tif,false,122.88168724279835
wc2.0_bio_10m_14.tif,false,46.2843621399177
wc2.1_10m_elev.tif,false,637.4670781893004
