Predictor variable,Categorical,Sample average
wc2.0_bio_10m_01.tif,false,13.069373755204953
wc2.0_bio_10m_05.tif,false,29.42824501919462
wc2.0_bio_10m_06.tif,false,-4.697378035071199
wc2.0_bio_10m_12.tif,false,1002.9700762761588
wc2.0_bio_10m_13.tif,false,125.443379620575
wc2.0_bio_10m_14.tif,false,48.37844709563857
wc2.1_10m_elev.tif,false,373.83962448660276
