Predictor variable,Categorical,Sample average
wc2.0_bio_10m_01.tif,false,9.039065573812978
wc2.0_bio_10m_05.tif,false,25.50175919283427
wc2.0_bio_10m_06.tif,false,-9.193478439134546
wc2.0_bio_10m_12.tif,false,974.6468481375358
wc2.0_bio_10m_13.tif,false,124.8400787965616
wc2.0_bio_10m_14.tif,false,44.4176217765043
wc2.1_10m_elev.tif,false,659.5154011461318
