Predictor variable,Categorical,Sample average
wc2.0_bio_10m_01.tif,false,18.166029413278004
wc2.0_bio_10m_05.tif,false,31.870165481735803
wc2.0_bio_10m_06.tif,false,3.72563302329727
wc2.0_bio_10m_12.tif,false,913.9757174392936
wc2.0_bio_10m_13.tif,false,139.32008830022076
wc2.0_bio_10m_14.tif,false,33.677704194260485
wc2.1_10m_elev.tif,false,246.09933774834437
