Predictor variable,Categorical,Sample average
wc2.0_bio_10m_01.tif,false,9.034157701711099
wc2.0_bio_10m_05.tif,false,25.459869836803367
wc2.0_bio_10m_06.tif,false,-9.132949317303682
wc2.0_bio_10m_12.tif,false,973.1156764760318
wc2.0_bio_10m_13.tif,false,124.85767166389043
wc2.0_bio_10m_14.tif,false,44.366833240792154
wc2.1_10m_elev.tif,false,669.6292800296131
