Predictor variable,Categorical,Sample average
wc2.0_bio_10m_01.tif,false,18.488027405354284
wc2.0_bio_10m_05.tif,false,31.780858714734354
wc2.0_bio_10m_06.tif,false,4.615529443827729
wc2.0_bio_10m_12.tif,false,909.7681451612904
wc2.0_bio_10m_13.tif,false,142.61895161290323
wc2.0_bio_10m_14.tif,false,30.993951612903224
wc2.1_10m_elev.tif,false,218.01612903225808
