Predictor variable,Categorical,Sample average
wc2.0_bio_10m_01.tif,false,10.532996359787427
wc2.0_bio_10m_05.tif,false,27.174612615407543
wc2.0_bio_10m_06.tif,false,-7.994394808462618
wc2.0_bio_10m_12.tif,false,989.1395281933256
wc2.0_bio_10m_13.tif,false,123.6767836593786
wc2.0_bio_10m_14.tif,false,46.85457422324511
wc2.1_10m_elev.tif,false,463.7507192174914
