Predictor variable,Categorical,Sample average
wc2.0_bio_10m_01.tif,false,10.921532244527317
wc2.0_bio_10m_05.tif,false,27.359925328018846
wc2.0_bio_10m_06.tif,false,-7.249316278137937
wc2.0_bio_10m_12.tif,false,999.4360215053763
wc2.0_bio_10m_13.tif,false,123.83870967741936
wc2.0_bio_10m_14.tif,false,49.174731182795696
wc2.1_10m_elev.tif,false,478.4938172043011
