Predictor variable,Categorical,Sample average
wc2.0_bio_10m_01.tif,false,18.23034487511867
wc2.0_bio_10m_05.tif,false,31.866349272238903
wc2.0_bio_10m_06.tif,false,4.070091042332374
wc2.0_bio_10m_12.tif,false,893.6121794871794
wc2.0_bio_10m_13.tif,false,138.94391025641025
wc2.0_bio_10m_14.tif,false,30.47275641025641
wc2.1_10m_elev.tif,false,241.27403846153845
