Predictor variable,Categorical,Sample average
wc2.0_bio_10m_01.tif,false,11.022247062121686
wc2.0_bio_10m_05.tif,false,27.47087002899421
wc2.0_bio_10m_06.tif,false,-7.134839294935681
wc2.0_bio_10m_12.tif,false,994.198353909465
wc2.0_bio_10m_13.tif,false,123.39122085048011
wc2.0_bio_10m_14.tif,false,48.82770919067215
wc2.1_10m_elev.tif,false,474.55418381344305
