Predictor variable,Categorical,Sample average
wc2.0_bio_10m_01.tif,false,14.10055105766338
wc2.0_bio_10m_05.tif,false,30.19879497384483
wc2.0_bio_10m_06.tif,false,-3.193411164814108
wc2.0_bio_10m_12.tif,false,1008.8186553030303
wc2.0_bio_10m_13.tif,false,127.86410984848484
wc2.0_bio_10m_14.tif,false,48.00994318181818
wc2.1_10m_elev.tif,false,351.9810606060606
