Predictor variable,Categorical,Sample average
wc2.0_bio_10m_01.tif,false,9.09951232423773
wc2.0_bio_10m_05.tif,false,25.665931653776088
wc2.0_bio_10m_06.tif,false,-9.334961978336732
wc2.0_bio_10m_12.tif,false,980.6762605042017
wc2.0_bio_10m_13.tif,false,123.43844537815126
wc2.0_bio_10m_14.tif,false,46.58697478991596
wc2.1_10m_elev.tif,false,618.5720588235295
