Predictor variable,Categorical,Sample average
wc2.0_bio_10m_01.tif,false,9.099767799849356
wc2.0_bio_10m_05.tif,false,25.556433050311426
wc2.0_bio_10m_06.tif,false,-9.140510860737855
wc2.0_bio_10m_12.tif,false,975.800120409392
wc2.0_bio_10m_13.tif,false,123.4683925346177
wc2.0_bio_10m_14.tif,false,45.90186634557495
wc2.1_10m_elev.tif,false,660.0058197872768
