Predictor variable,Categorical,Sample average
wc2.0_bio_10m_01.tif,false,17.51625948959576
wc2.0_bio_10m_05.tif,false,32.14011255854226
wc2.0_bio_10m_06.tif,false,2.2405046188389237
wc2.0_bio_10m_12.tif,false,996.9581831290556
wc2.0_bio_10m_13.tif,false,137.35616438356163
wc2.0_bio_10m_14.tif,false,43.40230713770728
wc2.1_10m_elev.tif,false,230.32227829848594
