Predictor variable,Categorical,Sample average
wc2.0_bio_10m_01.tif,false,16.150652754050302
wc2.0_bio_10m_05.tif,false,31.675823588169848
wc2.0_bio_10m_06.tif,false,-0.1704742155780966
wc2.0_bio_10m_12.tif,false,992.8953809711804
wc2.0_bio_10m_13.tif,false,130.46782471377813
wc2.0_bio_10m_14.tif,false,45.973943939992104
wc2.1_10m_elev.tif,false,307.75957362810897
