Predictor variable,Categorical,Sample average
wc2.0_bio_10m_01.tif,false,18.52608623241974
wc2.0_bio_10m_05.tif,false,31.758861196243156
wc2.0_bio_10m_06.tif,false,4.729844401211052
wc2.0_bio_10m_12.tif,false,887.3008474576271
wc2.0_bio_10m_13.tif,false,139.3135593220339
wc2.0_bio_10m_14.tif,false,30.375
wc2.1_10m_elev.tif,false,216.88983050847457
