Predictor variable,Categorical,Sample average
wc2.0_bio_10m_01.tif,false,9.062083252890483
wc2.0_bio_10m_05.tif,false,25.494871972753927
wc2.0_bio_10m_06.tif,false,-9.123721688726363
wc2.0_bio_10m_12.tif,false,970.5255670895809
wc2.0_bio_10m_13.tif,false,123.85351787773934
wc2.0_bio_10m_14.tif,false,44.878316032295274
wc2.1_10m_elev.tif,false,669.436370626682
