Predictor variable,Categorical,Sample average
wc2.0_bio_10m_01.tif,false,18.083017263756446
wc2.0_bio_10m_05.tif,false,31.940908005753535
wc2.0_bio_10m_06.tif,false,3.6652255013237327
wc2.0_bio_10m_12.tif,false,908.1867043847242
wc2.0_bio_10m_13.tif,false,137.95615275813296
wc2.0_bio_10m_14.tif,false,32.73833097595474
wc2.1_10m_elev.tif,false,241.54879773691655
