Predictor variable,Categorical,Sample average
wc2.0_bio_10m_01.tif,false,17.599484629981166
wc2.0_bio_10m_05.tif,false,32.010126769125876
wc2.0_bio_10m_06.tif,false,2.550035085386948
wc2.0_bio_10m_12.tif,false,965.9020979020979
wc2.0_bio_10m_13.tif,false,137.29632867132867
wc2.0_bio_10m_14.tif,false,39.56293706293706
wc2.1_10m_elev.tif,false,234.30856643356643
