Predictor variable,Categorical,Sample average
wc2.0_bio_10m_01.tif,false,11.339319441469703
wc2.0_bio_10m_05.tif,false,27.80170970189076
wc2.0_bio_10m_06.tif,false,-6.8141055436554625
wc2.0_bio_10m_12.tif,false,998.9335868929198
wc2.0_bio_10m_13.tif,false,123.49853715623172
wc2.0_bio_10m_14.tif,false,49.460210649502635
wc2.1_10m_elev.tif,false,442.77267407840844
