Predictor variable,Categorical,Sample average
wc2.0_bio_10m_01.tif,false,17.64198610341394
wc2.0_bio_10m_05.tif,false,31.927763239129796
wc2.0_bio_10m_06.tif,false,2.6205387930162765
wc2.0_bio_10m_12.tif,false,906.9042207792207
wc2.0_bio_10m_13.tif,false,131.05357142857142
wc2.0_bio_10m_14.tif,false,37.121753246753244
wc2.1_10m_elev.tif,false,257.64935064935065
