Predictor variable,Categorical,Sample average
wc2.0_bio_10m_01.tif,false,9.134436062611547
wc2.0_bio_10m_05.tif,false,25.577868091038294
wc2.0_bio_10m_06.tif,false,-9.048010930708928
wc2.0_bio_10m_12.tif,false,971.4989162561576
wc2.0_bio_10m_13.tif,false,123.70463054187192
wc2.0_bio_10m_14.tif,false,45.1976354679803
wc2.1_10m_elev.tif,false,672.2890640394089
