Predictor variable,Categorical,Sample average
wc2.0_bio_10m_01.tif,false,15.784574793513027
wc2.0_bio_10m_05.tif,false,31.345385416451553
wc2.0_bio_10m_06.tif,false,-0.6032202618214185
wc2.0_bio_10m_12.tif,false,1019.8479552603984
wc2.0_bio_10m_13.tif,false,133.20272631946872
wc2.0_bio_10m_14.tif,false,47.17825934987766
wc2.1_10m_elev.tif,false,315.5155540020972
