Predictor variable,Categorical,Sample average
wc2.0_bio_10m_01.tif,false,10.102986810203886
wc2.0_bio_10m_05.tif,false,26.64655191973599
wc2.0_bio_10m_06.tif,false,-8.290558227563162
wc2.0_bio_10m_12.tif,false,990.1135307071202
wc2.0_bio_10m_13.tif,false,122.97479814044532
wc2.0_bio_10m_14.tif,false,48.03327624174211
wc2.1_10m_elev.tif,false,519.9963298262785
