Predictor variable,Categorical,Sample average
wc2.0_bio_10m_01.tif,false,12.682445066899179
wc2.0_bio_10m_05.tif,false,29.05156601613064
wc2.0_bio_10m_06.tif,false,-5.167446006430701
wc2.0_bio_10m_12.tif,false,1010.1727207977208
wc2.0_bio_10m_13.tif,false,126.07638888888889
wc2.0_bio_10m_14.tif,false,48.704950142450144
wc2.1_10m_elev.tif,false,382.52920227920225
