Predictor variable,Categorical,Sample average
wc2.0_bio_10m_01.tif,false,13.456085162815736
wc2.0_bio_10m_05.tif,false,29.317619936190656
wc2.0_bio_10m_06.tif,false,-3.804898662085902
wc2.0_bio_10m_12.tif,false,1017.9723618090452
wc2.0_bio_10m_13.tif,false,127.68291457286432
wc2.0_bio_10m_14.tif,false,50.71356783919598
wc2.1_10m_elev.tif,false,339.8683417085427
