Predictor variable,Categorical,Sample average
wc2.0_bio_10m_01.tif,false,16.43994146025458
wc2.0_bio_10m_05.tif,false,31.83530712393827
wc2.0_bio_10m_06.tif,false,0.28762341546573944
wc2.0_bio_10m_12.tif,false,992.8437209302325
wc2.0_bio_10m_13.tif,false,131.12186046511627
wc2.0_bio_10m_14.tif,false,45.88837209302326
wc2.1_10m_elev.tif,false,287.7260465116279
