Predictor variable,Categorical,Sample average
wc2.0_bio_10m_01.tif,false,18.54841478726336
wc2.0_bio_10m_05.tif,false,31.915141779047843
wc2.0_bio_10m_06.tif,false,4.6083914321834465
wc2.0_bio_10m_12.tif,false,916.4618320610687
wc2.0_bio_10m_13.tif,false,142.23282442748092
wc2.0_bio_10m_14.tif,false,32.16984732824427
wc2.1_10m_elev.tif,false,216.2881679389313
