Predictor variable,Categorical,Sample average
wc2.0_bio_10m_01.tif,false,14.468359533671158
wc2.0_bio_10m_05.tif,false,30.477886005142825
wc2.0_bio_10m_06.tif,false,-2.6209304153240267
wc2.0_bio_10m_12.tif,false,1016.3886934673367
wc2.0_bio_10m_13.tif,false,129.69899497487438
wc2.0_bio_10m_14.tif,false,47.78668341708543
wc2.1_10m_elev.tif,false,351.40577889447235
