Predictor variable,Categorical,Sample average
wc2.0_bio_10m_01.tif,false,16.9363472100748
wc2.0_bio_10m_05.tif,false,31.399008701522035
wc2.0_bio_10m_06.tif,false,1.5743411211176326
wc2.0_bio_10m_12.tif,false,939.808764940239
wc2.0_bio_10m_13.tif,false,132.87516600265604
wc2.0_bio_10m_14.tif,false,40.614873837981406
wc2.1_10m_elev.tif,false,264.4794156706507
