Predictor variable,Categorical,Sample average
wc2.0_bio_10m_01.tif,false,9.6502260177866
wc2.0_bio_10m_05.tif,false,26.217944967393592
wc2.0_bio_10m_06.tif,false,-8.733593173253494
wc2.0_bio_10m_12.tif,false,969.034907926341
wc2.0_bio_10m_13.tif,false,122.85252201761409
wc2.0_bio_10m_14.tif,false,45.289991993594874
wc2.1_10m_elev.tif,false,563.9188150520416
