Predictor variable,Categorical,Sample average
wc2.0_bio_10m_01.tif,false,9.099308807488955
wc2.0_bio_10m_05.tif,false,25.54485520522421
wc2.0_bio_10m_06.tif,false,-9.103394215554083
wc2.0_bio_10m_12.tif,false,968.9773260359656
wc2.0_bio_10m_13.tif,false,123.40695856137607
wc2.0_bio_10m_14.tif,false,45.0340109460516
wc2.1_10m_elev.tif,false,668.3709929632525
