Predictor variable,Categorical,Sample average
wc2.0_bio_10m_01.tif,false,18.180183680339912
wc2.0_bio_10m_05.tif,false,31.964512174454764
wc2.0_bio_10m_06.tif,false,3.8585258599432155
wc2.0_bio_10m_12.tif,false,894.1049475262369
wc2.0_bio_10m_13.tif,false,136.6656671664168
wc2.0_bio_10m_14.tif,false,32.16791604197901
wc2.1_10m_elev.tif,false,241.51724137931035
