Predictor variable,Categorical,Sample average
wc2.0_bio_10m_01.tif,false,11.09488368740456
wc2.0_bio_10m_05.tif,false,27.65179950341326
wc2.0_bio_10m_06.tif,false,-7.252116978505023
wc2.0_bio_10m_12.tif,false,997.9812606473595
wc2.0_bio_10m_13.tif,false,124.20768158587579
wc2.0_bio_10m_14.tif,false,47.76986216509215
wc2.1_10m_elev.tif,false,430.6811212637448
