Predictor variable,Categorical,Sample average
wc2.0_bio_10m_01.tif,false,13.139971598670927
wc2.0_bio_10m_05.tif,false,29.476476606701304
wc2.0_bio_10m_06.tif,false,-4.5971130541198235
wc2.0_bio_10m_12.tif,false,1005.5964010282777
wc2.0_bio_10m_13.tif,false,125.72572671544394
wc2.0_bio_10m_14.tif,false,48.47478742337354
wc2.1_10m_elev.tif,false,372.22503460549734
