Predictor variable,Categorical,Sample average
wc2.0_bio_10m_01.tif,false,19.00991524879836
wc2.0_bio_10m_05.tif,false,32.288287001947324
wc2.0_bio_10m_06.tif,false,5.126225985887498
wc2.0_bio_10m_12.tif,false,878.9049881235154
wc2.0_bio_10m_13.tif,false,139.13301662707838
wc2.0_bio_10m_14.tif,false,30.441805225653205
wc2.1_10m_elev.tif,false,233.17339667458432
