Predictor variable,Categorical,Sample average
wc2.0_bio_10m_01.tif,false,11.830357107835981
wc2.0_bio_10m_05.tif,false,28.225804703419268
wc2.0_bio_10m_06.tif,false,-6.210369498203739
wc2.0_bio_10m_12.tif,false,1000.1958525345622
wc2.0_bio_10m_13.tif,false,122.90388413429888
wc2.0_bio_10m_14.tif,false,50.284068466096116
wc2.1_10m_elev.tif,false,414.38709677419354
