Predictor variable,Categorical,Sample average
wc2.0_bio_10m_01.tif,false,10.072473402979412
wc2.0_bio_10m_05.tif,false,26.686883135465973
wc2.0_bio_10m_06.tif,false,-8.384580871409671
wc2.0_bio_10m_12.tif,false,978.3763332372441
wc2.0_bio_10m_13.tif,false,123.53214182761603
wc2.0_bio_10m_14.tif,false,45.84419140962814
wc2.1_10m_elev.tif,false,527.1529259152494
