Predictor variable,Categorical,Sample average
wc2.0_bio_10m_01.tif,false,16.494851434592043
wc2.0_bio_10m_05.tif,false,31.174133254542497
wc2.0_bio_10m_06.tif,false,0.8831336548351542
wc2.0_bio_10m_12.tif,false,941.5442424242424
wc2.0_bio_10m_13.tif,false,129.82545454545453
wc2.0_bio_10m_14.tif,false,41.97212121212121
wc2.1_10m_elev.tif,false,282.80242424242425
