Predictor variable,Categorical,Sample average
wc2.0_bio_10m_01.tif,false,16.070194301696922
wc2.0_bio_10m_05.tif,false,30.83778240945604
wc2.0_bio_10m_06.tif,false,0.3020153320627286
wc2.0_bio_10m_12.tif,false,970.2873931623932
wc2.0_bio_10m_13.tif,false,131.7190170940171
wc2.0_bio_10m_14.tif,false,44.52350427350427
wc2.1_10m_elev.tif,false,265.9861111111111
