Predictor variable,Categorical,Sample average
wc2.0_bio_10m_01.tif,false,17.67542782295041
wc2.0_bio_10m_05.tif,false,31.794191583772985
wc2.0_bio_10m_06.tif,false,2.7944968451045424
wc2.0_bio_10m_12.tif,false,904.0227642276423
wc2.0_bio_10m_13.tif,false,132.23252032520324
wc2.0_bio_10m_14.tif,false,36.06341463414634
wc2.1_10m_elev.tif,false,263.8747967479675
