Predictor variable,Categorical,Sample average
wc2.0_bio_10m_01.tif,false,9.012003964000868
wc2.0_bio_10m_05.tif,false,25.45035921145801
wc2.0_bio_10m_06.tif,false,-9.173033654401397
wc2.0_bio_10m_12.tif,false,967.793720266413
wc2.0_bio_10m_13.tif,false,123.77031398667935
wc2.0_bio_10m_14.tif,false,44.568981921979066
wc2.1_10m_elev.tif,false,681.4780209324452
