Predictor variable,Categorical,Sample average
wc2.0_bio_10m_01.tif,false,15.08586829357039
wc2.0_bio_10m_05.tif,false,30.882679558880945
wc2.0_bio_10m_06.tif,false,-1.6650268168785998
wc2.0_bio_10m_12.tif,false,1028.198866855524
wc2.0_bio_10m_13.tif,false,132.6456090651558
wc2.0_bio_10m_14.tif,false,47.85410764872521
wc2.1_10m_elev.tif,false,340.6793201133145
