Predictor variable,Categorical,Sample average
wc2.0_bio_10m_01.tif,false,16.172819808781828
wc2.0_bio_10m_05.tif,false,31.692067410778648
wc2.0_bio_10m_06.tif,false,-0.1364063494293426
wc2.0_bio_10m_12.tif,false,988.8274877650897
wc2.0_bio_10m_13.tif,false,129.96207177814028
wc2.0_bio_10m_14.tif,false,45.76468189233279
wc2.1_10m_elev.tif,false,299.98939641109297
