Predictor variable,Categorical,Sample average
wc2.0_bio_10m_01.tif,false,15.894743165586599
wc2.0_bio_10m_05.tif,false,31.43077554319077
wc2.0_bio_10m_06.tif,false,-0.4612342245130853
wc2.0_bio_10m_12.tif,false,1018.4055817325118
wc2.0_bio_10m_13.tif,false,133.2395795578108
wc2.0_bio_10m_14.tif,false,47.02102210945995
wc2.1_10m_elev.tif,false,307.97354113809354
