Predictor variable,Categorical,Sample average
wc2.0_bio_10m_01.tif,false,16.895716199132263
wc2.0_bio_10m_05.tif,false,31.355777594561133
wc2.0_bio_10m_06.tif,false,1.5698368571729837
wc2.0_bio_10m_12.tif,false,933.3483606557377
wc2.0_bio_10m_13.tif,false,132.29781420765028
wc2.0_bio_10m_14.tif,false,39.740437158469945
wc2.1_10m_elev.tif,false,278.0409836065574
