Predictor variable,Categorical,Sample average
wc2.0_bio_10m_01.tif,false,16.40503969267682
wc2.0_bio_10m_05.tif,false,31.8284567068289
wc2.0_bio_10m_06.tif,false,0.21643458764874246
wc2.0_bio_10m_12.tif,false,993.1995495495496
wc2.0_bio_10m_13.tif,false,130.87612612612614
wc2.0_bio_10m_14.tif,false,45.84054054054054
wc2.1_10m_elev.tif,false,284.73693693693696
