Predictor variable,Categorical,Sample average
wc2.0_bio_10m_01.tif,false,11.500470953378036
wc2.0_bio_10m_05.tif,false,27.933392001803675
wc2.0_bio_10m_06.tif,false,-6.6430044295418975
wc2.0_bio_10m_12.tif,false,999.5473815461347
wc2.0_bio_10m_13.tif,false,123.035536159601
wc2.0_bio_10m_14.tif,false,49.89713216957606
wc2.1_10m_elev.tif,false,424.3771820448878
