Predictor variable,Categorical,Sample average
wc2.0_bio_10m_01.tif,false,13.947399060428143
wc2.0_bio_10m_05.tif,false,29.648746457210805
wc2.0_bio_10m_06.tif,false,-3.0568138104900933
wc2.0_bio_10m_12.tif,false,1009.046511627907
wc2.0_bio_10m_13.tif,false,128.25116279069766
wc2.0_bio_10m_14.tif,false,49.45872093023256
wc2.1_10m_elev.tif,false,339.69767441860466
