Predictor variable,Categorical,Sample average
wc2.0_bio_10m_01.tif,false,18.378868917981496
wc2.0_bio_10m_05.tif,false,31.904118146827752
wc2.0_bio_10m_06.tif,false,4.300046479003462
wc2.0_bio_10m_12.tif,false,899.8435251798561
wc2.0_bio_10m_13.tif,false,138.3543165467626
wc2.0_bio_10m_14.tif,false,31.93884892086331
wc2.1_10m_elev.tif,false,222.26618705035972
