Predictor variable,Categorical,Sample average
wc2.0_bio_10m_01.tif,false,15.834636057845849
wc2.0_bio_10m_05.tif,false,30.7204058474474
wc2.0_bio_10m_06.tif,false,-0.05707601154866962
wc2.0_bio_10m_12.tif,false,975.1944444444445
wc2.0_bio_10m_13.tif,false,131.0164609053498
wc2.0_bio_10m_14.tif,false,45.28395061728395
wc2.1_10m_elev.tif,false,283.119341563786
