Predictor variable,Categorical,Sample average
wc2.0_bio_10m_01.tif,false,13.897931109067104
wc2.0_bio_10m_05.tif,false,30.049215522048627
wc2.0_bio_10m_06.tif,false,-3.4929704309817207
wc2.0_bio_10m_12.tif,false,1007.8833599634787
wc2.0_bio_10m_13.tif,false,127.35768089477288
wc2.0_bio_10m_14.tif,false,47.89522939968044
wc2.1_10m_elev.tif,false,355.5542113672677
