Predictor variable,Categorical,Sample average
wc2.0_bio_10m_01.tif,false,17.71512285461576
wc2.0_bio_10m_05.tif,false,31.640171704329845
wc2.0_bio_10m_06.tif,false,3.0496168375172923
wc2.0_bio_10m_12.tif,false,906.2736220472441
wc2.0_bio_10m_13.tif,false,135.1751968503937
wc2.0_bio_10m_14.tif,false,35.02755905511811
wc2.1_10m_elev.tif,false,258.95472440944883
