Predictor variable,Categorical,Sample average
wc2.0_bio_10m_01.tif,false,18.302344221156844
wc2.0_bio_10m_05.tif,false,31.866621632630086
wc2.0_bio_10m_06.tif,false,4.189300806068958
wc2.0_bio_10m_12.tif,false,894.1539708265802
wc2.0_bio_10m_13.tif,false,138.66288492706644
wc2.0_bio_10m_14.tif,false,30.86223662884927
wc2.1_10m_elev.tif,false,230.07941653160455
