Predictor variable,Categorical,Sample average
wc2.0_bio_10m_01.tif,false,12.327849394831377
wc2.0_bio_10m_05.tif,false,28.6750185570534
wc2.0_bio_10m_06.tif,false,-5.639814521145738
wc2.0_bio_10m_12.tif,false,1000.3370206489675
wc2.0_bio_10m_13.tif,false,122.86946902654867
wc2.0_bio_10m_14.tif,false,50.67883480825959
wc2.1_10m_elev.tif,false,377.8407079646018
