Predictor variable,Categorical,Sample average
wc2.0_bio_10m_01.tif,false,9.8012057742403
wc2.0_bio_10m_05.tif,false,26.32496440855794
wc2.0_bio_10m_06.tif,false,-8.567901374382513
wc2.0_bio_10m_12.tif,false,997.8116643614569
wc2.0_bio_10m_13.tif,false,124.62148455509451
wc2.0_bio_10m_14.tif,false,48.047026279391424
wc2.1_10m_elev.tif,false,541.0742277547257
