Predictor variable,Categorical,Sample average
wc2.0_bio_10m_01.tif,false,9.1743855934899
wc2.0_bio_10m_05.tif,false,25.59701592320868
wc2.0_bio_10m_06.tif,false,-9.02984776855993
wc2.0_bio_10m_12.tif,false,977.0428913192071
wc2.0_bio_10m_13.tif,false,125.38431305536568
wc2.0_bio_10m_14.tif,false,44.42447026657553
wc2.1_10m_elev.tif,false,636.2638414217362
