Predictor variable,Categorical,Sample average
wc2.0_bio_10m_01.tif,false,9.757620388054406
wc2.0_bio_10m_05.tif,false,26.34408380692465
wc2.0_bio_10m_06.tif,false,-8.650271224440235
wc2.0_bio_10m_12.tif,false,970.109962406015
wc2.0_bio_10m_13.tif,false,122.78524436090225
wc2.0_bio_10m_14.tif,false,45.396929824561404
wc2.1_10m_elev.tif,false,559.5988408521304
