Predictor variable,Categorical,Sample average
wc2.0_bio_10m_01.tif,false,16.438783249966146
wc2.0_bio_10m_05.tif,false,31.803087983650645
wc2.0_bio_10m_06.tif,false,0.31123691450505103
wc2.0_bio_10m_12.tif,false,990.3043271516881
wc2.0_bio_10m_13.tif,false,130.90299572039942
wc2.0_bio_10m_14.tif,false,45.62767475035663
wc2.1_10m_elev.tif,false,283.30337612933903
