Predictor variable,Categorical,Sample average
wc2.0_bio_10m_01.tif,false,18.3616519556535
wc2.0_bio_10m_05.tif,false,31.882803623249988
wc2.0_bio_10m_06.tif,false,4.285586512541754
wc2.0_bio_10m_12.tif,false,898.9867549668874
wc2.0_bio_10m_13.tif,false,139.63741721854305
wc2.0_bio_10m_14.tif,false,30.89072847682119
wc2.1_10m_elev.tif,false,227.4817880794702
