Predictor variable,Categorical,Sample average
wc2.0_bio_10m_01.tif,false,17.960941872825885
wc2.0_bio_10m_05.tif,false,32.000325126560654
wc2.0_bio_10m_06.tif,false,3.3302045541152663
wc2.0_bio_10m_12.tif,false,954.0102974828375
wc2.0_bio_10m_13.tif,false,139.48398169336383
wc2.0_bio_10m_14.tif,false,37.09954233409611
wc2.1_10m_elev.tif,false,233.02173913043478
