Predictor variable,Categorical,Sample average
wc2.0_bio_10m_01.tif,false,18.247350060446248
wc2.0_bio_10m_05.tif,false,31.842175887648466
wc2.0_bio_10m_06.tif,false,4.129023528295075
wc2.0_bio_10m_12.tif,false,891.8073248407643
wc2.0_bio_10m_13.tif,false,138.54140127388536
wc2.0_bio_10m_14.tif,false,30.76751592356688
wc2.1_10m_elev.tif,false,234.97611464968153
