Predictor variable,Categorical,Sample average
wc2.0_bio_10m_01.tif,false,12.21085274397879
wc2.0_bio_10m_05.tif,false,28.615343785293764
wc2.0_bio_10m_06.tif,false,-5.776883668579489
wc2.0_bio_10m_12.tif,false,1004.1379875450672
wc2.0_bio_10m_13.tif,false,125.15158964274009
wc2.0_bio_10m_14.tif,false,48.499672238610295
wc2.1_10m_elev.tif,false,396.3593903638151
