Predictor variable,Categorical,Sample average
wc2.0_bio_10m_01.tif,false,14.818423968401822
wc2.0_bio_10m_05.tif,false,30.364597333734686
wc2.0_bio_10m_06.tif,false,-1.9352263750370253
wc2.0_bio_10m_12.tif,false,974.128
wc2.0_bio_10m_13.tif,false,126.29890909090909
wc2.0_bio_10m_14.tif,false,47.01381818181818
wc2.1_10m_elev.tif,false,313.0829090909091
