Predictor variable,Categorical,Sample average
wc2.0_bio_10m_01.tif,false,9.031900061244675
wc2.0_bio_10m_05.tif,false,25.499413622350527
wc2.0_bio_10m_06.tif,false,-9.206670160334644
wc2.0_bio_10m_12.tif,false,973.9683908045977
wc2.0_bio_10m_13.tif,false,124.6388290229885
wc2.0_bio_10m_14.tif,false,44.497126436781606
wc2.1_10m_elev.tif,false,655.0247844827586
