Predictor variable,Categorical,Sample average
wc2.0_bio_10m_01.tif,false,10.924651755791974
wc2.0_bio_10m_05.tif,false,27.489222239564295
wc2.0_bio_10m_06.tif,false,-7.463385663437551
wc2.0_bio_10m_12.tif,false,997.5833206744645
wc2.0_bio_10m_13.tif,false,124.10770165578003
wc2.0_bio_10m_14.tif,false,47.77168464226037
wc2.1_10m_elev.tif,false,438.0024305028103
