Predictor variable,Categorical,Sample average
wc2.0_bio_10m_01.tif,false,10.672384143041473
wc2.0_bio_10m_05.tif,false,27.294260971521897
wc2.0_bio_10m_06.tif,false,-7.816149884820685
wc2.0_bio_10m_12.tif,false,993.7630219861295
wc2.0_bio_10m_13.tif,false,123.83311199645861
wc2.0_bio_10m_14.tif,false,47.44665781319168
wc2.1_10m_elev.tif,false,449.5627858934632
