Predictor variable,Categorical,Sample average
wc2.0_bio_10m_01.tif,false,12.292133219968251
wc2.0_bio_10m_05.tif,false,28.710704004301032
wc2.0_bio_10m_06.tif,false,-5.682206200256731
wc2.0_bio_10m_12.tif,false,1001.2165171153207
wc2.0_bio_10m_13.tif,false,124.92273180458623
wc2.0_bio_10m_14.tif,false,48.37986041874377
wc2.1_10m_elev.tif,false,399.0545031571951
