Predictor variable,Categorical,Sample average
wc2.0_bio_10m_01.tif,false,12.910919389963098
wc2.0_bio_10m_05.tif,false,29.044375949938612
wc2.0_bio_10m_06.tif,false,-4.701072647039786
wc2.0_bio_10m_12.tif,false,1021.4637618636756
wc2.0_bio_10m_13.tif,false,126.04616048317516
wc2.0_bio_10m_14.tif,false,51.73597929249353
wc2.1_10m_elev.tif,false,362.39646246764454
