Predictor variable,Categorical,Sample average
wc2.0_bio_10m_01.tif,false,17.9239824559026
wc2.0_bio_10m_05.tif,false,32.01053979986345
wc2.0_bio_10m_06.tif,false,3.229878686674151
wc2.0_bio_10m_12.tif,false,944.9332603938731
wc2.0_bio_10m_13.tif,false,137.99234135667396
wc2.0_bio_10m_14.tif,false,36.78118161925602
wc2.1_10m_elev.tif,false,236.5940919037199
