Predictor variable,Categorical,Sample average
wc2.0_bio_10m_01.tif,false,11.652713216973709
wc2.0_bio_10m_05.tif,false,28.14602182951813
wc2.0_bio_10m_06.tif,false,-6.529504062427121
wc2.0_bio_10m_12.tif,false,1002.6559531348955
wc2.0_bio_10m_13.tif,false,124.85338822039266
wc2.0_bio_10m_14.tif,false,48.17732742241925
wc2.1_10m_elev.tif,false,414.8435718809373
