Predictor variable,Categorical,Sample average
wc2.0_bio_10m_01.tif,false,12.759733647663335
wc2.0_bio_10m_05.tif,false,29.13132820755615
wc2.0_bio_10m_06.tif,false,-5.092875048524321
wc2.0_bio_10m_12.tif,false,1007.9033382245048
wc2.0_bio_10m_13.tif,false,125.97101980924431
wc2.0_bio_10m_14.tif,false,48.49596478356566
wc2.1_10m_elev.tif,false,379.28723404255317
